OBJECTID,INDEX,ACCNUM,DATE,TIME,STREET1,STREET2,OFFSET,ROAD_CLASS,DISTRICT,LATITUDE,LONGITUDE,ACCLOC,TRAFFCTL,VISIBILITY,LIGHT,RDSFCOND,ACCLASS,IMPACTYPE,INVTYPE,INVAGE,INJURY,FATAL_NO,INITDIR,VEHTYPE,MANOEUVER,DRIVACT,DRIVCOND,PEDTYPE,PEDACT,PEDCOND,CYCLISTYPE,CYCACT,CYCCOND,PEDESTRIAN,CYCLIST,AUTOMOBILE,MOTORCYCLE,TRUCK,TRSN_CITY_VEH,EMERG_VEH,PASSENGER,SPEEDING,AG_DRIV,REDLIGHT,ALCOHOL,DISABILITY,HOOD_158,NEIGHBOURHOOD_158,HOOD_140,NEIGHBOURHOOD_140,DIVISION,x,y
178,3454386,917581,5/25/2006 4:00:00 AM,2250,YONGE ST,ROSEHILL AVE,,Major Arterial,Toronto and East York,43.686245,-79.39329,At Intersection,Traffic Signal,Clear,Dark,Dry,Non-Fatal Injury,Pedestrian Collisions,Pedestrian,45 to 49,Major,,East,Other,,,,Vehicle is going straight thru inter.while ped cross with ROW,Crossing with right of way,Had Been Drinking,,,,Yes,Yes,,,,,,,,,,,,98,Rosedale-Moore Park,98,Rosedale-Moore Park (98),D53,629494.521598175,4838279.03961419
179,3454387,917581,5/25/2006 4:00:00 AM,2250,YONGE ST,ROSEHILL AVE,,Major Arterial,Toronto and East York,43.686245,-79.39329,At Intersection,Traffic Signal,Clear,Dark,Dry,Non-Fatal Injury,Pedestrian Collisions,Cyclist,40 to 44,None,,South,Bicycle,Going Ahead,,,,,,Cyclist strikes pedestrian.,Disobeyed Traffic Control,Normal,Yes,Yes,,,,,,,,,,,,98,Rosedale-Moore Park,98,Rosedale-Moore Park (98),D53,629494.521598175,4838279.03961419
180,3603122,906207,6/2/2006 4:00:00 AM,734,KINGSTON RD,DUNDAS ST E,,Major Arterial,Toronto and East York,43.669945,-79.31119,,Traffic Signal,Clear,Daylight,Dry,Fatal,Pedestrian Collisions,Driver,35 to 39,None,,South,"Automobile, Station Wagon",Going Ahead,Driving Properly,Normal,,,,,,,Yes,,Yes,,,,,,,,,,,63,The Beaches,63,The Beaches (63),D55,636148.394334799,4836600.17616175
181,3603123,906207,6/2/2006 4:00:00 AM,734,KINGSTON RD,DUNDAS ST E,,Major Arterial,Toronto and East York,43.669945,-79.31119,,Traffic Signal,Clear,Daylight,Dry,Fatal,Pedestrian Collisions,Pedestrian,50 to 54,Fatal,,East,Other,,,,Vehicle is going straight thru inter.while ped cross without ROW,Crossing without right of way,Inattentive,,,,Yes,,Yes,,,,,,,,,,,63,The Beaches,63,The Beaches (63),D55,636148.394334799,4836600.17616175
182,3424371,906410,6/3/2006 4:00:00 AM,1815,ST CLAIR AVE W,WINONA DR,,Major Arterial,Toronto and East York,43.680245,-79.43249,At Intersection,Traffic Signal,Rain,Daylight,Wet,Non-Fatal Injury,Pedestrian Collisions,Vehicle Owner,unknown,None,,,Other,,,,,,,,,,Yes,,Yes,,,,,,,Yes,,,,94,Wychwood,94,Wychwood (94),D13,626347.719680316,4837552.19445988
183,3424372,906410,6/3/2006 4:00:00 AM,1815,ST CLAIR AVE W,WINONA DR,,Major Arterial,Toronto and East York,43.680245,-79.43249,At Intersection,Traffic Signal,Rain,Daylight,Wet,Non-Fatal Injury,Pedestrian Collisions,Driver,20 to 24,None,,North,"Automobile, Station Wagon",Turning Left,Failed to Yield Right of Way,Unknown,,,,,,,Yes,,Yes,,,,,,,Yes,,,,94,Wychwood,94,Wychwood (94),D13,626347.719680316,4837552.19445988
184,3424373,906410,6/3/2006 4:00:00 AM,1815,ST CLAIR AVE W,WINONA DR,,Major Arterial,Toronto and East York,43.680245,-79.43249,At Intersection,Traffic Signal,Rain,Daylight,Wet,Non-Fatal Injury,Pedestrian Collisions,Pedestrian,75 to 79,Major,,South,Other,,,,Vehicle turns left while ped crosses with ROW at inter.,Crossing with right of way,Normal,,,,Yes,,Yes,,,,,,,Yes,,,,94,Wychwood,94,Wychwood (94),D13,626347.719680316,4837552.19445988
185,3425307,906767,6/5/2006 4:00:00 AM,1906,BLOOR ST W,HAVELOCK ST,,Major Arterial,Toronto and East York,43.660445,-79.43239,At Intersection,Traffic Signal,Clear,Daylight,Dry,Fatal,Pedestrian Collisions,Driver,45 to 49,None,,North,"Automobile, Station Wagon",Turning Left,Failed to Yield Right of Way,Normal,,,,,,,Yes,,Yes,,,,,,,Yes,,,,83,Dufferin Grove,83,Dufferin Grove (83),D14,626397.335667049,4835353.29260688
186,3425308,906767,6/5/2006 4:00:00 AM,1906,BLOOR ST W,HAVELOCK ST,,Major Arterial,Toronto and East York,43.660445,-79.43239,At Intersection,Traffic Signal,Clear,Daylight,Dry,Fatal,Pedestrian Collisions,Pedestrian,75 to 79,Fatal,,South,Other,,,,Vehicle turns left while ped crosses with ROW at inter.,Crossing with right of way,Had Been Drinking,,,,Yes,,Yes,,,,,,,Yes,,,,83,Dufferin Grove,83,Dufferin Grove (83),D14,626397.335667049,4835353.29260688
187,3425971,907009,6/6/2006 4:00:00 AM,1515,SPADINA AVE,CECIL ST,,Major Arterial,Toronto and East York,43.656345,-79.39939,,No Control,Clear,Daylight,Dry,Non-Fatal Injury,Pedestrian Collisions,Vehicle Owner,unknown,,,,Other,,,,,,,,,,Yes,,,,,Yes,,,,,,,,78,Kensington-Chinatown,78,Kensington-Chinatown (78),D52,629066.95648467,4834948.7355511
188,3425972,907009,6/6/2006 4:00:00 AM,1515,SPADINA AVE,CECIL ST,,Major Arterial,Toronto and East York,43.656345,-79.39939,,No Control,Clear,Daylight,Dry,Non-Fatal Injury,Pedestrian Collisions,Driver,35 to 39,None,,South,Municipal Transit Bus (TTC),Going Ahead,Driving Properly,Normal,,,,,,,Yes,,,,,Yes,,,,,,,,78,Kensington-Chinatown,78,Kensington-Chinatown (78),D52,629066.95648467,4834948.7355511
189,3425973,907009,6/6/2006 4:00:00 AM,1515,SPADINA AVE,CECIL ST,,Major Arterial,Toronto and East York,43.656345,-79.39939,,No Control,Clear,Daylight,Dry,Non-Fatal Injury,Pedestrian Collisions,Pedestrian,50 to 54,Major,,East,Other,,,,Pedestrian involved in a collision with transit vehicle anywhere along roadway,"Crossing, no Traffic Control",Unknown,,,,Yes,,,,,Yes,,,,,,,,78,Kensington-Chinatown,78,Kensington-Chinatown (78),D52,629066.95648467,4834948.7355511
190,3434807,910277,6/9/2006 4:00:00 AM,1704,CREEKWOOD DR,SILVERSAND PL,,Local,Scarborough,43.786545,-79.21999,,No Control,Clear,Dark,Dry,Non-Fatal Injury,Pedestrian Collisions,Vehicle Owner,unknown,,,,Other,,,,,,,,,,Yes,,Yes,,,,,,,Yes,,,,135,Morningside,135,Morningside (135),D43,643222.654168926,4849704.07851898
191,3434808,910277,6/9/2006 4:00:00 AM,1704,CREEKWOOD DR,SILVERSAND PL,,Local,Scarborough,43.786545,-79.21999,,No Control,Clear,Dark,Dry,Non-Fatal Injury,Pedestrian Collisions,Driver,25 to 29,Major,,West,"Automobile, Station Wagon",Reversing,Failed to Yield Right of Way,Normal,,,,,,,Yes,,Yes,,,,,,,Yes,,,,135,Morningside,135,Morningside (135),D43,643222.654168926,4849704.07851898
192,3434809,910277,6/9/2006 4:00:00 AM,1704,CREEKWOOD DR,SILVERSAND PL,,Local,Scarborough,43.786545,-79.21999,,No Control,Clear,Dark,Dry,Non-Fatal Injury,Pedestrian Collisions,Pedestrian,70 to 74,Minor,,Unknown,Other,,,,Vehicle is reversing and hits pedestrian,"Crossing, no Traffic Control",Normal,,,,Yes,,Yes,,,,,,,Yes,,,,135,Morningside,135,Morningside (135),D43,643222.654168926,4849704.07851898
193,3436608,910951,6/13/2006 4:00:00 AM,2124,SILVERSTONE DR,ALBION RD,,Major Arterial,Etobicoke York,43.742945,-79.60009,At Intersection,Traffic Signal,Clear,Dark,Dry,Non-Fatal Injury,Pedestrian Collisions,Driver,30 to 34,None,,North,"Automobile, Station Wagon",Turning Left,Failed to Yield Right of Way,Normal,,,,,,,Yes,,Yes,,,,,,Yes,Yes,,,,1,West Humber-Clairville,1,West Humber-Clairville (1),D23,612720.772478715,4844274.22780122
194,3436609,910951,6/13/2006 4:00:00 AM,2124,SILVERSTONE DR,ALBION RD,,Major Arterial,Etobicoke York,43.742945,-79.60009,At Intersection,Traffic Signal,Clear,Dark,Dry,Non-Fatal Injury,Pedestrian Collisions,Pedestrian,55 to 59,Major,,East,Other,,,,Vehicle turns left while ped crosses with ROW at inter.,Crossing with right of way,Normal,,,,Yes,,Yes,,,,,,Yes,Yes,,,,1,West Humber-Clairville,1,West Humber-Clairville (1),D23,612720.772478715,4844274.22780122
195,3436764,911012,6/14/2006 4:00:00 AM,1440,KIPLING AVE,BETHRIDGE RD,,Major Arterial,Etobicoke York,43.709145,-79.56549,At Intersection,Traffic Signal,Clear,Daylight,Dry,Non-Fatal Injury,Pedestrian Collisions,Driver,25 to 29,None,,South,"Automobile, Station Wagon",Going Ahead,Driving Properly,Unknown,,,,,,,Yes,,Yes,,,,,,,,,,,1,West Humber-Clairville,1,West Humber-Clairville (1),D23,615571.762558933,4840567.92039089
196,3436765,911012,6/14/2006 4:00:00 AM,1440,KIPLING AVE,BETHRIDGE RD,,Major Arterial,Etobicoke York,43.709145,-79.56549,At Intersection,Traffic Signal,Clear,Daylight,Dry,Non-Fatal Injury,Pedestrian Collisions,Pedestrian,40 to 44,Major,,West,Other,Going Ahead,,,Vehicle is going straight thru inter.while ped cross without ROW,Crossing without right of way,Inattentive,,,,Yes,,Yes,,,,,,,,,,,1,West Humber-Clairville,1,West Humber-Clairville (1),D23,615571.762558933,4840567.92039089
197,3430416,908674,6/15/2006 4:00:00 AM,941,EGLINTON AVE E,REDPATH AVE,,Major Arterial,Toronto and East York,43.707845,-79.39279,At Intersection,Traffic Signal,Clear,Daylight,Dry,Non-Fatal Injury,Pedestrian Collisions,Driver,65 to 69,None,,South,"Automobile, Station Wagon",Turning Left,Failed to Yield Right of Way,Normal,,,,,,,Yes,,Yes,,,,,,,Yes,,,,174,South Eglinton-Davisville,104,Mount Pleasant West (104),D53,629488.318063455,4840678.8012652
198,3430417,908674,6/15/2006 4:00:00 AM,941,EGLINTON AVE E,REDPATH AVE,,Major Arterial,Toronto and East York,43.707845,-79.39279,At Intersection,Traffic Signal,Clear,Daylight,Dry,Non-Fatal Injury,Pedestrian Collisions,Pedestrian,80 to 84,Major,,North,Other,,,,Vehicle turns left while ped crosses with ROW at inter.,Crossing with right of way,Normal,,,,Yes,,Yes,,,,,,,Yes,,,,174,South Eglinton-Davisville,104,Mount Pleasant West (104),D53,629488.318063455,4840678.8012652
199,3439400,911964,6/17/2006 4:00:00 AM,1755,FINCH AVE E,YONGE ST,,Major Arterial,North York,43.780045,-79.41399,,No Control,Clear,Daylight,Dry,Non-Fatal Injury,Pedestrian Collisions,Vehicle Owner,unknown,,,,Other,,,,,,,,,,Yes,,Yes,,,,,,,,,,,151,Yonge-Doris,51,Willowdale East (51),D32,627626.759868825,4848664.77702841
200,3439401,911964,6/17/2006 4:00:00 AM,1755,FINCH AVE E,YONGE ST,,Major Arterial,North York,43.780045,-79.41399,,No Control,Clear,Daylight,Dry,Non-Fatal Injury,Pedestrian Collisions,Driver,35 to 39,None,,East,"Automobile, Station Wagon",Going Ahead,Driving Properly,Normal,,,,,,,Yes,,Yes,,,,,,,,,,,151,Yonge-Doris,51,Willowdale East (51),D32,627626.759868825,4848664.77702841
201,3439402,911964,6/17/2006 4:00:00 AM,1755,FINCH AVE E,YONGE ST,,Major Arterial,North York,43.780045,-79.41399,,No Control,Clear,Daylight,Dry,Non-Fatal Injury,Pedestrian Collisions,Pedestrian,45 to 49,Major,,South,Other,,,,Pedestrian hit at mid-block,"Crossing, no Traffic Control",Normal,,,,Yes,,Yes,,,,,,,,,,,151,Yonge-Doris,51,Willowdale East (51),D32,627626.759868825,4848664.77702841
202,3603195,909261,6/19/2006 4:00:00 AM,1208,LAKE SHORE BLVD W,FIFTH ST,,Major Arterial,Etobicoke York,43.601245,-79.50299,At Intersection,Traffic Signal,Clear,Daylight,Dry,Fatal,Pedestrian Collisions,Pedestrian,85 to 89,Fatal,,Unknown,Other,,,,Pedestrian involved in a collision with transit vehicle anywhere along roadway,Crossing without right of way,Normal,,,,Yes,,,,,Yes,,,,,,,,18,New Toronto,18,New Toronto (18),D22,620823.326531316,4828673.26568421
203,3603196,909261,6/19/2006 4:00:00 AM,1208,LAKE SHORE BLVD W,FIFTH ST,,Major Arterial,Etobicoke York,43.601245,-79.50299,At Intersection,Traffic Signal,Clear,Daylight,Dry,Fatal,Pedestrian Collisions,Vehicle Owner,unknown,,,,Other,,,,,,,,,,Yes,,,,,Yes,,,,,,,,18,New Toronto,18,New Toronto (18),D22,620823.326531316,4828673.26568421
204,3603197,909261,6/19/2006 4:00:00 AM,1208,LAKE SHORE BLVD W,FIFTH ST,,Major Arterial,Etobicoke York,43.601245,-79.50299,At Intersection,Traffic Signal,Clear,Daylight,Dry,Fatal,Pedestrian Collisions,Driver,40 to 44,None,,West,Municipal Transit Bus (TTC),Going Ahead,Driving Properly,Normal,,,,,,,Yes,,,,,Yes,,,,,,,,18,New Toronto,18,New Toronto (18),D22,620823.326531316,4828673.26568421
205,3439426,911973,6/19/2006 4:00:00 AM,1700,SHEPPARD AVE W,FAYWOOD BLVD,,Major Arterial,North York,43.752645,-79.45189,,Traffic Signal,Clear,Daylight,Dry,Non-Fatal Injury,Pedestrian Collisions,Driver,50 to 54,None,,North,"Automobile, Station Wagon",Turning Right,Driving Properly,Normal,,,,,,,Yes,,Yes,,,,,,,,,,,33,Clanton Park,33,Clanton Park (33),D32,624633.798985477,4845563.86696479
206,3439427,911973,6/19/2006 4:00:00 AM,1700,SHEPPARD AVE W,FAYWOOD BLVD,,Major Arterial,North York,43.752645,-79.45189,,Traffic Signal,Clear,Daylight,Dry,Non-Fatal Injury,Pedestrian Collisions,Pedestrian,50 to 54,Major,,West,Other,,,,Vehicle turns right while ped crosses without ROW at inter.,Crossing without right of way,Normal,,,,Yes,,Yes,,,,,,,,,,,33,Clanton Park,33,Clanton Park (33),D32,624633.798985477,4845563.86696479
207,3455659,918059,6/21/2006 4:00:00 AM,800,DANFORTH AVE,WOODBINE AVE,,Major Arterial,Toronto and East York,43.685645,-79.31279,At Intersection,Traffic Signal,Clear,Daylight,Dry,Non-Fatal Injury,Pedestrian Collisions,Pedestrian,40 to 44,Major,,South,Other,,,,Vehicle is going straight thru inter.while ped cross with ROW,Crossing with right of way,Normal,,,,Yes,Yes,,,,,,,,,,,,64,Woodbine Corridor,64,Woodbine Corridor (64),D55,635983.93320893,4838341.25285382
208,3455660,918059,6/21/2006 4:00:00 AM,800,DANFORTH AVE,WOODBINE AVE,,Major Arterial,Toronto and East York,43.685645,-79.31279,At Intersection,Traffic Signal,Clear,Daylight,Dry,Non-Fatal Injury,Pedestrian Collisions,Pedestrian,5 to 9,None,,South,Other,,,,Vehicle is going straight thru inter.while ped cross with ROW,Crossing with right of way,Normal,,,,Yes,Yes,,,,,,,,,,,,64,Woodbine Corridor,64,Woodbine Corridor (64),D55,635983.93320893,4838341.25285382
209,3455661,918059,6/21/2006 4:00:00 AM,800,DANFORTH AVE,WOODBINE AVE,,Major Arterial,Toronto and East York,43.685645,-79.31279,At Intersection,Traffic Signal,Clear,Daylight,Dry,Non-Fatal Injury,Pedestrian Collisions,Cyclist,20 to 24,None,,West,Bicycle,Going Ahead,,,,,,Cyclist strikes pedestrian.,Disobeyed Traffic Control,Normal,Yes,Yes,,,,,,,,,,,,64,Woodbine Corridor,64,Woodbine Corridor (64),D55,635983.93320893,4838341.25285382
210,3551216,909745,6/22/2006 4:00:00 AM,2210,UNIVERSITY AVE,DUNDAS ST W,,Major Arterial,Toronto and East York,43.655145,-79.38849,At Intersection,No Control,Clear,Dark,Dry,Non-Fatal Injury,Pedestrian Collisions,Driver,25 to 29,None,,North,"Automobile, Station Wagon",Going Ahead,Driving Properly,Normal,,,,,,,Yes,,Yes,,,,,,,,,,,78,Kensington-Chinatown,78,Kensington-Chinatown (78),D52,629948.487563403,4834832.4723357
211,3551217,909745,6/22/2006 4:00:00 AM,2210,UNIVERSITY AVE,DUNDAS ST W,,Major Arterial,Toronto and East York,43.655145,-79.38849,At Intersection,No Control,Clear,Dark,Dry,Non-Fatal Injury,Pedestrian Collisions,Pedestrian,30 to 34,Major,,West,Other,,,,Pedestrian hit at mid-block,Running onto Roadway,Had Been Drinking,,,,Yes,,Yes,,,,,,,,,,,78,Kensington-Chinatown,78,Kensington-Chinatown (78),D52,629948.487563403,4834832.4723357
212,3448305,915319,6/28/2006 4:00:00 AM,1357,KING ST W,YORK ST,,Major Arterial,Toronto and East York,43.648545,-79.38089,,No Control,Clear,Daylight,Dry,Non-Fatal Injury,Pedestrian Collisions,Pedestrian,35 to 39,Major,,South,Other,,,,Pedestrian involved in a collision with transit vehicle anywhere along roadway,"Crossing, no Traffic Control",Unknown,,,,Yes,,,,,Yes,,,,,,,,170,Yonge-Bay Corridor,76,Bay Street Corridor (76),D52,630575.642964396,4834111.38592775
213,3448306,915319,6/28/2006 4:00:00 AM,1357,KING ST W,YORK ST,,Major Arterial,Toronto and East York,43.648545,-79.38089,,No Control,Clear,Daylight,Dry,Non-Fatal Injury,Pedestrian Collisions,Vehicle Owner,unknown,,,,Other,,,,,,,,,,Yes,,,,,Yes,,,,,,,,170,Yonge-Bay Corridor,76,Bay Street Corridor (76),D52,630575.642964396,4834111.38592775
214,3448307,915319,6/28/2006 4:00:00 AM,1357,KING ST W,YORK ST,,Major Arterial,Toronto and East York,43.648545,-79.38089,,No Control,Clear,Daylight,Dry,Non-Fatal Injury,Pedestrian Collisions,Driver,35 to 39,None,,West,Municipal Transit Bus (TTC),Going Ahead,Driving Properly,Normal,,,,,,,Yes,,,,,Yes,,,,,,,,170,Yonge-Bay Corridor,76,Bay Street Corridor (76),D52,630575.642964396,4834111.38592775
215,3551395,919331,6/30/2006 4:00:00 AM,1208,SENLAC RD,BURNETT AVE,,Minor Arterial,North York,43.765245,-79.42519,,No Control,Clear,Daylight,Dry,Non-Fatal Injury,Pedestrian Collisions,Vehicle Owner,unknown,None,,,Other,,,,,,,,,,Yes,,Yes,,,,,,,Yes,,,,38,Lansing-Westgate,38,Lansing-Westgate (38),D32,626756.747426897,4847003.80702542
216,3551396,919331,6/30/2006 4:00:00 AM,1208,SENLAC RD,BURNETT AVE,,Minor Arterial,North York,43.765245,-79.42519,,No Control,Clear,Daylight,Dry,Non-Fatal Injury,Pedestrian Collisions,Driver,50 to 54,None,,South,"Automobile, Station Wagon",Overtaking,Improper Passing,Normal,,,,,,,Yes,,Yes,,,,,,,Yes,,,,38,Lansing-Westgate,38,Lansing-Westgate (38),D32,626756.747426897,4847003.80702542
217,3551397,919331,6/30/2006 4:00:00 AM,1208,SENLAC RD,BURNETT AVE,,Minor Arterial,North York,43.765245,-79.42519,,No Control,Clear,Daylight,Dry,Non-Fatal Injury,Pedestrian Collisions,Pedestrian,10 to 14,Major,,,Other,,,,Pedestrian hit at mid-block,Running onto Roadway,Normal,,,,Yes,,Yes,,,,,,,Yes,,,,38,Lansing-Westgate,38,Lansing-Westgate (38),D32,626756.747426897,4847003.80702542
218,3439256,911915,7/4/2006 4:00:00 AM,1827,LAKE SHORE BLVD W,SECOND ST,,Major Arterial,Etobicoke York,43.602045,-79.49909,,No Control,Clear,Daylight,Dry,Non-Fatal Injury,Pedestrian Collisions,Driver,unknown,None,,,"Automobile, Station Wagon",Reversing,,,,,,,,,Yes,,Yes,,,,,,,,,,,18,New Toronto,18,New Toronto (18),D22,621136.491963155,4828767.79564864
219,3439257,911915,7/4/2006 4:00:00 AM,1827,LAKE SHORE BLVD W,SECOND ST,,Major Arterial,Etobicoke York,43.602045,-79.49909,,No Control,Clear,Daylight,Dry,Non-Fatal Injury,Pedestrian Collisions,Pedestrian,unknown,Major,,,Other,Other,,,Unknown,,,,,,Yes,,Yes,,,,,,,,,,,18,New Toronto,18,New Toronto (18),D22,621136.491963155,4828767.79564864
220,3451666,916566,7/7/2006 4:00:00 AM,1414,YONGE ST,PLEASANT AVE,,Major Arterial,Toronto and East York,43.687645,-79.39389,,No Control,Clear,Daylight,Dry,Non-Fatal Injury,Pedestrian Collisions,Vehicle Owner,unknown,,,,Other,,,,,,,,,,Yes,,,,,Yes,,,,,,,,98,Rosedale-Moore Park,98,Rosedale-Moore Park (98),D53,629443.152071582,4838433.59212581
221,3451667,916566,7/7/2006 4:00:00 AM,1414,YONGE ST,PLEASANT AVE,,Major Arterial,Toronto and East York,43.687645,-79.39389,,No Control,Clear,Daylight,Dry,Non-Fatal Injury,Pedestrian Collisions,Driver,35 to 39,None,,North,Municipal Transit Bus (TTC),Going Ahead,Driving Properly,Normal,,,,,,,Yes,,,,,Yes,,,,,,,,98,Rosedale-Moore Park,98,Rosedale-Moore Park (98),D53,629443.152071582,4838433.59212581
222,3451668,916566,7/7/2006 4:00:00 AM,1414,YONGE ST,PLEASANT AVE,,Major Arterial,Toronto and East York,43.687645,-79.39389,,No Control,Clear,Daylight,Dry,Non-Fatal Injury,Pedestrian Collisions,Pedestrian,75 to 79,Major,,East,Other,,,,Pedestrian involved in a collision with transit vehicle anywhere along roadway,Running onto Roadway,Other,,,,Yes,,,,,Yes,,,,,,,,98,Rosedale-Moore Park,98,Rosedale-Moore Park (98),D53,629443.152071582,4838433.59212581
223,3603283,913040,7/10/2006 4:00:00 AM,1758,QUEEN ST E,NEVILLE BLVD,,Minor Arterial,Toronto and East York,43.673845,-79.28189,,Stop Sign,Clear,Daylight,Dry,Non-Fatal Injury,Pedestrian Collisions,Driver,85 to 89,None,,East,"Automobile, Station Wagon",Going Ahead,Driving Properly,Normal,,,,,,,Yes,,Yes,,,,,,,,,,,63,The Beaches,63,The Beaches (63),D55,638501.556871191,4837081.83223167
224,3603284,913040,7/10/2006 4:00:00 AM,1758,QUEEN ST E,NEVILLE BLVD,,Minor Arterial,Toronto and East York,43.673845,-79.28189,,Stop Sign,Clear,Daylight,Dry,Non-Fatal Injury,Pedestrian Collisions,Pedestrian,85 to 89,Major,,North,Other,,,,Vehicle is going straight thru inter.while ped cross without ROW,Crossing without right of way,Inattentive,,,,Yes,,Yes,,,,,,,,,,,63,The Beaches,63,The Beaches (63),D55,638501.556871191,4837081.83223167
225,3454350,917567,7/11/2006 4:00:00 AM,825,MEADOWVALE RD,ROTARY DR,,Minor Arterial,Scarborough,43.807445,-79.17039,,No Control,Clear,Daylight,Dry,Non-Fatal Injury,Pedestrian Collisions,Driver,55 to 59,None,,North,Other,Turning Left,Failed to Yield Right of Way,Inattentive,,,,,,,Yes,,,,,,,,,Yes,,,,143,West Rouge,131,Rouge (131),D42,647162.285680794,4852112.38377621
226,3454351,917567,7/11/2006 4:00:00 AM,825,MEADOWVALE RD,ROTARY DR,,Minor Arterial,Scarborough,43.807445,-79.17039,,No Control,Clear,Daylight,Dry,Non-Fatal Injury,Pedestrian Collisions,Pedestrian,35 to 39,Major,,North,Other,,,,Pedestrian hit on sidewalk or shoulder,On Sidewalk or Shoulder,Normal,,,,Yes,,,,,,,,,Yes,,,,143,West Rouge,131,Rouge (131),D42,647162.285680794,4852112.38377621
227,3454794,917731,7/12/2006 4:00:00 AM,1600,BRIMLEY RD,DORCOT AVE,,Major Arterial,Scarborough,43.758945,-79.25709,At Intersection,Traffic Signal,Other,Daylight,Other,Non-Fatal Injury,Pedestrian Collisions,,unknown,None,,North,"Automobile, Station Wagon",Going Ahead,,,,,,,,,Yes,,Yes,,,,,,,,,,,156,Bendale-Glen Andrew,127,Bendale (127),D43,640302.019176964,4846575.14218492
228,3454795,917731,7/12/2006 4:00:00 AM,1600,BRIMLEY RD,DORCOT AVE,,Major Arterial,Scarborough,43.758945,-79.25709,At Intersection,Traffic Signal,Other,Daylight,Other,Non-Fatal Injury,Pedestrian Collisions,Pedestrian,50 to 54,Major,,West,Other,,,,Vehicle is going straight thru inter.while ped cross with ROW,Crossing with right of way,Unknown,,,,Yes,,Yes,,,,,,,,,,,156,Bendale-Glen Andrew,127,Bendale (127),D43,640302.019176964,4846575.14218492
229,3455125,917855,7/13/2006 4:00:00 AM,1310,SPADINA AVE,RICHMOND ST W,,Major Arterial,Toronto and East York,43.647845,-79.39599,,Traffic Signal,Clear,Daylight,Dry,Non-Fatal Injury,Pedestrian Collisions,Vehicle Owner,unknown,,,,Other,,,,,,,,,,Yes,,,,,Yes,,,,,,,,164,Wellington Place,77,Waterfront Communities-The Island (77),D14,629359.369872906,4834009.99341962
230,3455126,917855,7/13/2006 4:00:00 AM,1310,SPADINA AVE,RICHMOND ST W,,Major Arterial,Toronto and East York,43.647845,-79.39599,,Traffic Signal,Clear,Daylight,Dry,Non-Fatal Injury,Pedestrian Collisions,Driver,40 to 44,None,,South,Municipal Transit Bus (TTC),Going Ahead,Driving Properly,Unknown,,,,,,,Yes,,,,,Yes,,,,,,,,164,Wellington Place,77,Waterfront Communities-The Island (77),D14,629359.369872906,4834009.99341962
231,3455127,917855,7/13/2006 4:00:00 AM,1310,SPADINA AVE,RICHMOND ST W,,Major Arterial,Toronto and East York,43.647845,-79.39599,,Traffic Signal,Clear,Daylight,Dry,Non-Fatal Injury,Pedestrian Collisions,Pedestrian,40 to 44,Major,,East,Other,,,,Pedestrian involved in a collision with transit vehicle anywhere along roadway,Crossing without right of way,Inattentive,,,,Yes,,,,,Yes,,,,,,,,164,Wellington Place,77,Waterfront Communities-The Island (77),D14,629359.369872906,4834009.99341962
232,3455832,918124,7/14/2006 4:00:00 AM,1310,BURNHAMTHORPE RD,OLD BURNHAMTHORPE RD,,Major Arterial,Etobicoke York,43.642845,-79.57469,At Intersection,No Control,Clear,Daylight,Dry,Non-Fatal Injury,Pedestrian Collisions,Vehicle Owner,unknown,,,,Other,,,,,,,,,,Yes,,,,,Yes,,,,,,,,11,Eringate-Centennial-West Deane,11,Eringate-Centennial-West Deane (11),D22,614957.080417488,4833191.65202662
233,3455833,918124,7/14/2006 4:00:00 AM,1310,BURNHAMTHORPE RD,OLD BURNHAMTHORPE RD,,Major Arterial,Etobicoke York,43.642845,-79.57469,At Intersection,No Control,Clear,Daylight,Dry,Non-Fatal Injury,Pedestrian Collisions,Driver,35 to 39,None,,East,Municipal Transit Bus (TTC),Going Ahead,Driving Properly,Normal,,,,,,,Yes,,,,,Yes,,,,,,,,11,Eringate-Centennial-West Deane,11,Eringate-Centennial-West Deane (11),D22,614957.080417488,4833191.65202662
234,3455834,918124,7/14/2006 4:00:00 AM,1310,BURNHAMTHORPE RD,OLD BURNHAMTHORPE RD,,Major Arterial,Etobicoke York,43.642845,-79.57469,At Intersection,No Control,Clear,Daylight,Dry,Non-Fatal Injury,Pedestrian Collisions,Pedestrian,60 to 64,Major,,North,Other,,,,Pedestrian involved in a collision with transit vehicle anywhere along roadway,Other,Had Been Drinking,,,,Yes,,,,,Yes,,,,,,,,11,Eringate-Centennial-West Deane,11,Eringate-Centennial-West Deane (11),D22,614957.080417488,4833191.65202662
235,3445695,914314,7/19/2006 4:00:00 AM,2230,BLOOR ST W,LANSDOWNE AVE,,Major Arterial,Toronto and East York,43.658345,-79.44269,At Intersection,Traffic Signal,Clear,Dark,Dry,Fatal,Pedestrian Collisions,Driver,20 to 24,None,,South,"Automobile, Station Wagon",Turning Right,Failed to Yield Right of Way,Normal,,,,,,,Yes,,Yes,,,,,,,Yes,,,,83,Dufferin Grove,93,Dovercourt-Wallace Emerson-Junction (93),D11,625571.210086372,4835104.42046486
236,3445696,914314,7/19/2006 4:00:00 AM,2230,BLOOR ST W,LANSDOWNE AVE,,Major Arterial,Toronto and East York,43.658345,-79.44269,At Intersection,Traffic Signal,Clear,Dark,Dry,Fatal,Pedestrian Collisions,Pedestrian,45 to 49,Fatal,,South,Other,,,,Vehicle turns right while ped crosses with ROW at inter.,Crossing with right of way,Normal,,,,Yes,,Yes,,,,,,,Yes,,,,83,Dufferin Grove,93,Dovercourt-Wallace Emerson-Junction (93),D11,625571.210086372,4835104.42046486