OBJECTID,INDEX,ACCNUM,DATE,TIME,STREET1,STREET2,OFFSET,ROAD_CLASS,DISTRICT,LATITUDE,LONGITUDE,ACCLOC,TRAFFCTL,VISIBILITY,LIGHT,RDSFCOND,ACCLASS,IMPACTYPE,INVTYPE,INVAGE,INJURY,FATAL_NO,INITDIR,VEHTYPE,MANOEUVER,DRIVACT,DRIVCOND,PEDTYPE,PEDACT,PEDCOND,CYCLISTYPE,CYCACT,CYCCOND,PEDESTRIAN,CYCLIST,AUTOMOBILE,MOTORCYCLE,TRUCK,TRSN_CITY_VEH,EMERG_VEH,PASSENGER,SPEEDING,AG_DRIV,REDLIGHT,ALCOHOL,DISABILITY,HOOD_158,NEIGHBOURHOOD_158,HOOD_140,NEIGHBOURHOOD_140,DIVISION,x,y
296,3469716,923250,8/17/2006 4:00:00 AM,2256,224 BEECHGROVE DR,,,Collector,Scarborough,43.772345,-79.16079,,No Control,Clear,Dark,Dry,Non-Fatal Injury,Pedestrian Collisions,Driver,40 to 44,None,,South,"Automobile, Station Wagon",Going Ahead,Failed to Yield Right of Way,"Ability Impaired, Alcohol",,,,,,,Yes,,Yes,,,,,,,Yes,,Yes,,136,West Hill,136,West Hill (136),D43,648021.087922291,4848231.08024632
297,3469717,923250,8/17/2006 4:00:00 AM,2256,224 BEECHGROVE DR,,,Collector,Scarborough,43.772345,-79.16079,,No Control,Clear,Dark,Dry,Non-Fatal Injury,Pedestrian Collisions,Pedestrian,15 to 19,Major,,South,Other,,,,Pedestrian hit on sidewalk or shoulder,On Sidewalk or Shoulder,Unknown,,,,Yes,,Yes,,,,,,,Yes,,Yes,,136,West Hill,136,West Hill (136),D43,648021.087922291,4848231.08024632
298,3603480,919641,8/19/2006 4:00:00 AM,1335,ELLESMERE RD,POLLARD DR,,Major Arterial,Scarborough,43.758345,-79.31299,,No Control,Clear,Daylight,Dry,Fatal,Pedestrian Collisions,Driver,55 to 59,None,,West,"Automobile, Station Wagon",Going Ahead,Driving Properly,Normal,,,,,,,Yes,,Yes,,,,,,,,,,,119,Wexford/Maryvale,119,Wexford/Maryvale (119),D41,635803.448700871,4846415.319754
299,3603481,919641,8/19/2006 4:00:00 AM,1335,ELLESMERE RD,POLLARD DR,,Major Arterial,Scarborough,43.758345,-79.31299,,No Control,Clear,Daylight,Dry,Fatal,Pedestrian Collisions,Pedestrian,5 to 9,Fatal,,South,Other,,,,Pedestrian hit at mid-block,Running onto Roadway,Medical or Physical Disability,,,,Yes,,Yes,,,,,,,,,,,119,Wexford/Maryvale,119,Wexford/Maryvale (119),D41,635803.448700871,4846415.319754
300,3459515,919516,8/19/2006 4:00:00 AM,2345,QUEEN ST E,LESLIE ST,,Minor Arterial,Toronto and East York,43.663245,-79.33019,At Intersection,Traffic Signal,Clear,Dark,Dry,Fatal,Pedestrian Collisions,Driver,75 to 79,None,,North,"Automobile, Station Wagon",Turning Right,Failed to Yield Right of Way,Normal,,,,,,,Yes,,Yes,,,,,,,Yes,,,,65,Greenwood-Coxwell,70,South Riverdale (70),D55,634631.613783769,4835825.04135043
301,3459516,919516,8/19/2006 4:00:00 AM,2345,QUEEN ST E,LESLIE ST,,Minor Arterial,Toronto and East York,43.663245,-79.33019,At Intersection,Traffic Signal,Clear,Dark,Dry,Fatal,Pedestrian Collisions,Pedestrian,60 to 64,Fatal,,North,Other,,,,Vehicle turns right while ped crosses with ROW at inter.,Crossing with right of way,Had Been Drinking,,,,Yes,,Yes,,,,,,,Yes,,,,65,Greenwood-Coxwell,70,South Riverdale (70),D55,634631.613783769,4835825.04135043
302,3469962,923341,8/21/2006 4:00:00 AM,850,BIRCHMOUNT RD,GLENDOWER CRCT,,Major Arterial,Scarborough,43.797145,-79.30519,,Traffic Signal,Clear,Daylight,Dry,Non-Fatal Injury,Pedestrian Collisions,Driver,25 to 29,None,,South,"Automobile, Station Wagon",Going Ahead,Driving Properly,Normal,,,,,,,Yes,,Yes,,,,,,,,,,,148,East L'Amoreaux,117,L'Amoreaux (117),D42,636343.133703138,4850737.48455996
303,3469963,923341,8/21/2006 4:00:00 AM,850,BIRCHMOUNT RD,GLENDOWER CRCT,,Major Arterial,Scarborough,43.797145,-79.30519,,Traffic Signal,Clear,Daylight,Dry,Non-Fatal Injury,Pedestrian Collisions,Pedestrian,10 to 14,Major,,West,Other,,,,Vehicle is going straight thru inter.while ped cross without ROW,Crossing without right of way,Normal,,,,Yes,,Yes,,,,,,,,,,,148,East L'Amoreaux,117,L'Amoreaux (117),D42,636343.133703138,4850737.48455996
304,3603476,919517,8/21/2006 4:00:00 AM,1040,DVP S EGLINTON RAMP E,EGLINTON AVE E,,Major Arterial,North York,43.722145,-79.33279,,No Control,Clear,Daylight,Other,Non-Fatal Injury,Pedestrian Collisions,Driver,55 to 59,None,,East,"Automobile, Station Wagon",Going Ahead,Driving Properly,Normal,,,,,,,Yes,,Yes,,,,,,,,,,,44,Flemingdon Park,44,Flemingdon Park (44),D55,634290.451333097,4842362.49514444
305,3603477,919517,8/21/2006 4:00:00 AM,1040,DVP S EGLINTON RAMP E,EGLINTON AVE E,,Major Arterial,North York,43.722145,-79.33279,,No Control,Clear,Daylight,Other,Non-Fatal Injury,Pedestrian Collisions,Pedestrian,25 to 29,Major,,North,Other,,,,Pedestrian hit on sidewalk or shoulder,On Sidewalk or Shoulder,Inattentive,,,,Yes,,Yes,,,,,,,,,,,44,Flemingdon Park,44,Flemingdon Park (44),D55,634290.451333097,4842362.49514444
306,3459527,919520,8/21/2006 4:00:00 AM,1142,MCCOWAN RD,SHEPPARD AVE E,,Major Arterial,Scarborough,43.789645,-79.25879,At Intersection,Traffic Signal,Clear,Daylight,Dry,Non-Fatal Injury,Pedestrian Collisions,Passenger,40 to 44,None,,,Other,,,,,,,,,,Yes,,Yes,,,,,Yes,,Yes,,,,128,Agincourt South-Malvern West,128,Agincourt South-Malvern West (128),D42,640093.46083111,4849981.97896815
307,3459528,919520,8/21/2006 4:00:00 AM,1142,MCCOWAN RD,SHEPPARD AVE E,,Major Arterial,Scarborough,43.789645,-79.25879,At Intersection,Traffic Signal,Clear,Daylight,Dry,Non-Fatal Injury,Pedestrian Collisions,Driver,75 to 79,None,,West,"Automobile, Station Wagon",Turning Right,Failed to Yield Right of Way,Normal,,,,,,,Yes,,Yes,,,,,Yes,,Yes,,,,128,Agincourt South-Malvern West,128,Agincourt South-Malvern West (128),D42,640093.46083111,4849981.97896815
308,3459529,919520,8/21/2006 4:00:00 AM,1142,MCCOWAN RD,SHEPPARD AVE E,,Major Arterial,Scarborough,43.789645,-79.25879,At Intersection,Traffic Signal,Clear,Daylight,Dry,Non-Fatal Injury,Pedestrian Collisions,Pedestrian,65 to 69,Major,,West,Other,,,,Vehicle turns right while ped crosses with ROW at inter.,Crossing with right of way,Normal,,,,Yes,,Yes,,,,,Yes,,Yes,,,,128,Agincourt South-Malvern West,128,Agincourt South-Malvern West (128),D42,640093.46083111,4849981.97896815
309,3605082,936265,8/21/2006 4:00:00 AM,1315,KHEDIVE AVE,SULTANA AVE,,Local,North York,43.728345,-79.43379,At Intersection,Stop Sign,Clear,Daylight,Dry,Non-Fatal Injury,Pedestrian Collisions,In-Line Skater,50 to 54,None,,North,"Automobile, Station Wagon",Stopped,,,Vehicle is going straight thru inter.while ped cross with ROW,Crossing with right of way,Normal,,,,Yes,,Yes,,,,,,,Yes,,,,32,Englemount-Lawrence,32,Englemount-Lawrence (32),D32,626142.009947342,4842892.39102291
310,3605083,936265,8/21/2006 4:00:00 AM,1315,KHEDIVE AVE,SULTANA AVE,,Local,North York,43.728345,-79.43379,At Intersection,Stop Sign,Clear,Daylight,Dry,Non-Fatal Injury,Pedestrian Collisions,Driver,15 to 19,Major,,North,Other,Going Ahead,Disobeyed Traffic Control,Normal,,,,,,,Yes,,Yes,,,,,,,Yes,,,,32,Englemount-Lawrence,32,Englemount-Lawrence (32),D32,626142.009947342,4842892.39102291
311,3474493,924979,8/22/2006 4:00:00 AM,1045,QUEEN ST W,JAMESON AVE,,Major Arterial,Toronto and East York,43.640445,-79.43729,At Intersection,Stop Sign,Clear,Daylight,Dry,Non-Fatal Injury,Pedestrian Collisions,Passenger,10 to 14,None,,,Other,,,,,,,,,,Yes,,Yes,,,,,Yes,,,,,,85,South Parkdale,86,Roncesvalles (86),D14,626044.070539667,4833124.58012223
312,3474494,924979,8/22/2006 4:00:00 AM,1045,QUEEN ST W,JAMESON AVE,,Major Arterial,Toronto and East York,43.640445,-79.43729,At Intersection,Stop Sign,Clear,Daylight,Dry,Non-Fatal Injury,Pedestrian Collisions,Passenger,10 to 14,None,,,Other,,,,,,,,,,Yes,,Yes,,,,,Yes,,,,,,85,South Parkdale,86,Roncesvalles (86),D14,626044.070539667,4833124.58012223
313,3474495,924979,8/22/2006 4:00:00 AM,1045,QUEEN ST W,JAMESON AVE,,Major Arterial,Toronto and East York,43.640445,-79.43729,At Intersection,Stop Sign,Clear,Daylight,Dry,Non-Fatal Injury,Pedestrian Collisions,Passenger,5 to 9,None,,,Other,,,,,,,,,,Yes,,Yes,,,,,Yes,,,,,,85,South Parkdale,86,Roncesvalles (86),D14,626044.070539667,4833124.58012223
314,3474496,924979,8/22/2006 4:00:00 AM,1045,QUEEN ST W,JAMESON AVE,,Major Arterial,Toronto and East York,43.640445,-79.43729,At Intersection,Stop Sign,Clear,Daylight,Dry,Non-Fatal Injury,Pedestrian Collisions,Driver,60 to 64,None,,North,"Automobile, Station Wagon",Turning Right,Driving Properly,Normal,,,,,,,Yes,,Yes,,,,,Yes,,,,,,85,South Parkdale,86,Roncesvalles (86),D14,626044.070539667,4833124.58012223
315,3474497,924979,8/22/2006 4:00:00 AM,1045,QUEEN ST W,JAMESON AVE,,Major Arterial,Toronto and East York,43.640445,-79.43729,At Intersection,Stop Sign,Clear,Daylight,Dry,Non-Fatal Injury,Pedestrian Collisions,Passenger,5 to 9,None,,,Other,,,,,,,,,,Yes,,Yes,,,,,Yes,,,,,,85,South Parkdale,86,Roncesvalles (86),D14,626044.070539667,4833124.58012223
316,3474498,924979,8/22/2006 4:00:00 AM,1045,QUEEN ST W,JAMESON AVE,,Major Arterial,Toronto and East York,43.640445,-79.43729,At Intersection,Stop Sign,Clear,Daylight,Dry,Non-Fatal Injury,Pedestrian Collisions,Pedestrian,65 to 69,Major,,West,Other,,,,Vehicle turns right while ped crosses without ROW at inter.,"Crossing, no Traffic Control",Inattentive,,,,Yes,,Yes,,,,,Yes,,,,,,85,South Parkdale,86,Roncesvalles (86),D14,626044.070539667,4833124.58012223
317,3459970,919684,8/22/2006 4:00:00 AM,2046,EGLINTON AVE E,BELLAMY RD N,,Major Arterial,Scarborough,43.740245,-79.23209,At Intersection,Traffic Signal,Clear,Dark,Dry,Non-Fatal Injury,Pedestrian Collisions,Vehicle Owner,unknown,None,,,Other,,,,,,,,,,Yes,,Yes,,,,,Yes,,Yes,,,,138,Eglinton East,138,Eglinton East (138),D43,642358.840706395,4844540.87909327
318,3459971,919684,8/22/2006 4:00:00 AM,2046,EGLINTON AVE E,BELLAMY RD N,,Major Arterial,Scarborough,43.740245,-79.23209,At Intersection,Traffic Signal,Clear,Dark,Dry,Non-Fatal Injury,Pedestrian Collisions,Driver,45 to 49,None,,West,"Automobile, Station Wagon",Turning Left,Improper Turn,Normal,,,,,,,Yes,,Yes,,,,,Yes,,Yes,,,,138,Eglinton East,138,Eglinton East (138),D43,642358.840706395,4844540.87909327
319,3459972,919684,8/22/2006 4:00:00 AM,2046,EGLINTON AVE E,BELLAMY RD N,,Major Arterial,Scarborough,43.740245,-79.23209,At Intersection,Traffic Signal,Clear,Dark,Dry,Non-Fatal Injury,Pedestrian Collisions,Passenger,40 to 44,Minimal,,,Other,,,,,,,,,,Yes,,Yes,,,,,Yes,,Yes,,,,138,Eglinton East,138,Eglinton East (138),D43,642358.840706395,4844540.87909327
320,3459973,919684,8/22/2006 4:00:00 AM,2046,EGLINTON AVE E,BELLAMY RD N,,Major Arterial,Scarborough,43.740245,-79.23209,At Intersection,Traffic Signal,Clear,Dark,Dry,Non-Fatal Injury,Pedestrian Collisions,Driver,40 to 44,Minimal,,North,"Automobile, Station Wagon",Stopped,Driving Properly,Normal,,,,,,,Yes,,Yes,,,,,Yes,,Yes,,,,138,Eglinton East,138,Eglinton East (138),D43,642358.840706395,4844540.87909327
321,3459974,919684,8/22/2006 4:00:00 AM,2046,EGLINTON AVE E,BELLAMY RD N,,Major Arterial,Scarborough,43.740245,-79.23209,At Intersection,Traffic Signal,Clear,Dark,Dry,Non-Fatal Injury,Pedestrian Collisions,Vehicle Owner,unknown,None,,,Other,,,,,,,,,,Yes,,Yes,,,,,Yes,,Yes,,,,138,Eglinton East,138,Eglinton East (138),D43,642358.840706395,4844540.87909327
322,3459975,919684,8/22/2006 4:00:00 AM,2046,EGLINTON AVE E,BELLAMY RD N,,Major Arterial,Scarborough,43.740245,-79.23209,At Intersection,Traffic Signal,Clear,Dark,Dry,Non-Fatal Injury,Pedestrian Collisions,Driver,20 to 24,Minor,,East,"Automobile, Station Wagon",Going Ahead,Driving Properly,Normal,,,,,,,Yes,,Yes,,,,,Yes,,Yes,,,,138,Eglinton East,138,Eglinton East (138),D43,642358.840706395,4844540.87909327
323,3459976,919684,8/22/2006 4:00:00 AM,2046,EGLINTON AVE E,BELLAMY RD N,,Major Arterial,Scarborough,43.740245,-79.23209,At Intersection,Traffic Signal,Clear,Dark,Dry,Non-Fatal Injury,Pedestrian Collisions,Vehicle Owner,unknown,None,,,Other,,,,,,,,,,Yes,,Yes,,,,,Yes,,Yes,,,,138,Eglinton East,138,Eglinton East (138),D43,642358.840706395,4844540.87909327
324,3459977,919684,8/22/2006 4:00:00 AM,2046,EGLINTON AVE E,BELLAMY RD N,,Major Arterial,Scarborough,43.740245,-79.23209,At Intersection,Traffic Signal,Clear,Dark,Dry,Non-Fatal Injury,Pedestrian Collisions,Driver,35 to 39,None,,East,"Automobile, Station Wagon",Going Ahead,Driving Properly,Normal,,,,,,,Yes,,Yes,,,,,Yes,,Yes,,,,138,Eglinton East,138,Eglinton East (138),D43,642358.840706395,4844540.87909327
325,3459978,919684,8/22/2006 4:00:00 AM,2046,EGLINTON AVE E,BELLAMY RD N,,Major Arterial,Scarborough,43.740245,-79.23209,At Intersection,Traffic Signal,Clear,Dark,Dry,Non-Fatal Injury,Pedestrian Collisions,Pedestrian,70 to 74,Major,,,Other,,,,Pedestrian hit on sidewalk or shoulder,On Sidewalk or Shoulder,Normal,,,,Yes,,Yes,,,,,Yes,,Yes,,,,138,Eglinton East,138,Eglinton East (138),D43,642358.840706395,4844540.87909327
326,3470810,923640,8/24/2006 4:00:00 AM,600,JOHN ST,QUEEN ST W,,Major Arterial,Toronto and East York,43.650145,-79.39119,,No Control,Clear,Dawn,Dry,Non-Fatal Injury,Pedestrian Collisions,Vehicle Owner,unknown,None,,,Other,,,,,,,,,,Yes,,Yes,,,,,,,,,,Yes,78,Kensington-Chinatown,78,Kensington-Chinatown (78),D52,629741.529704165,4834272.93179073
327,3470811,923640,8/24/2006 4:00:00 AM,600,JOHN ST,QUEEN ST W,,Major Arterial,Toronto and East York,43.650145,-79.39119,,No Control,Clear,Dawn,Dry,Non-Fatal Injury,Pedestrian Collisions,Vehicle Owner,unknown,None,,,Other,,,,,,,,,,Yes,,Yes,,,,,,,,,,Yes,78,Kensington-Chinatown,78,Kensington-Chinatown (78),D52,629741.529704165,4834272.93179073
328,3470812,923640,8/24/2006 4:00:00 AM,600,JOHN ST,QUEEN ST W,,Major Arterial,Toronto and East York,43.650145,-79.39119,,No Control,Clear,Dawn,Dry,Non-Fatal Injury,Pedestrian Collisions,Driver,50 to 54,None,,East,"Automobile, Station Wagon",Turning Left,Lost control,Medical or Physical Disability,,,,,,,Yes,,Yes,,,,,,,,,,Yes,78,Kensington-Chinatown,78,Kensington-Chinatown (78),D52,629741.529704165,4834272.93179073
329,3470813,923640,8/24/2006 4:00:00 AM,600,JOHN ST,QUEEN ST W,,Major Arterial,Toronto and East York,43.650145,-79.39119,,No Control,Clear,Dawn,Dry,Non-Fatal Injury,Pedestrian Collisions,Vehicle Owner,unknown,None,,North,Other,Parked,,,,,,,,,Yes,,Yes,,,,,,,,,,Yes,78,Kensington-Chinatown,78,Kensington-Chinatown (78),D52,629741.529704165,4834272.93179073
330,3470814,923640,8/24/2006 4:00:00 AM,600,JOHN ST,QUEEN ST W,,Major Arterial,Toronto and East York,43.650145,-79.39119,,No Control,Clear,Dawn,Dry,Non-Fatal Injury,Pedestrian Collisions,Pedestrian,30 to 34,Major,,,Other,,,,Pedestrian hit at mid-block,Other,Normal,,,,Yes,,Yes,,,,,,,,,,Yes,78,Kensington-Chinatown,78,Kensington-Chinatown (78),D52,629741.529704165,4834272.93179073
331,3461925,920395,8/24/2006 4:00:00 AM,2130,MCCOWAN RD,STEELES AVE E,,Major Arterial,Scarborough,43.831045,-79.27519,At Intersection,Traffic Signal,Clear,Dark,Dry,Non-Fatal Injury,Pedestrian Collisions,Driver,unknown,None,,South,"Automobile, Station Wagon",Going Ahead,,,,,,,,,Yes,,Yes,,,,,,,,,,,130,Milliken,NSA,NSA,D42,638678.088622787,4854552.49414481
332,3461926,920395,8/24/2006 4:00:00 AM,2130,MCCOWAN RD,STEELES AVE E,,Major Arterial,Scarborough,43.831045,-79.27519,At Intersection,Traffic Signal,Clear,Dark,Dry,Non-Fatal Injury,Pedestrian Collisions,Pedestrian,unknown,Major,,,Other,Other,,,Unknown,,,,,,Yes,,Yes,,,,,,,,,,,130,Milliken,NSA,NSA,D42,638678.088622787,4854552.49414481
333,3471956,924041,8/26/2006 4:00:00 AM,1536,OSLER ST,DAVENPORT RD,,Local,Toronto and East York,43.671045,-79.45999,,No Control,Clear,Daylight,Dry,Non-Fatal Injury,Pedestrian Collisions,Driver,30 to 34,None,,South,"Automobile, Station Wagon",Going Ahead,Driving Properly,Normal,,,,,,,Yes,,Yes,,,,,,,,,,,91,Weston-Pelham Park,91,Weston-Pellam Park (91),D11,624150.057124686,4836488.88652463
334,3471957,924041,8/26/2006 4:00:00 AM,1536,OSLER ST,DAVENPORT RD,,Local,Toronto and East York,43.671045,-79.45999,,No Control,Clear,Daylight,Dry,Non-Fatal Injury,Pedestrian Collisions,Pedestrian,0 to 4,Major,,West,Other,,,,Pedestrian hit at mid-block,Running onto Roadway,Inattentive,,,,Yes,,Yes,,,,,,,,,,,91,Weston-Pelham Park,91,Weston-Pellam Park (91),D11,624150.057124686,4836488.88652463
335,3472017,924064,8/26/2006 4:00:00 AM,2056,DUPONT ST,EDWIN AVE,,Major Arterial,Toronto and East York,43.665045,-79.45459,,No Control,Rain,Dark,Wet,Non-Fatal Injury,Pedestrian Collisions,Driver,55 to 59,None,,East,"Automobile, Station Wagon",Slowing or Stopping,Driving Properly,Normal,,,,,,,Yes,,Yes,,,,,,,,,,,171,Junction-Wallace Emerson,93,Dovercourt-Wallace Emerson-Junction (93),D11,624597.803288909,4835830.60289477
336,3472018,924064,8/26/2006 4:00:00 AM,2056,DUPONT ST,EDWIN AVE,,Major Arterial,Toronto and East York,43.665045,-79.45459,,No Control,Rain,Dark,Wet,Non-Fatal Injury,Pedestrian Collisions,Pedestrian,85 to 89,Major,,North,Other,,,,Vehicle hits the pedestrian walking or running out from between parked vehicles at mid-block,"Crossing, no Traffic Control",Unknown,,,,Yes,,Yes,,,,,,,,,,,171,Junction-Wallace Emerson,93,Dovercourt-Wallace Emerson-Junction (93),D11,624597.803288909,4835830.60289477
337,3463839,921084,8/29/2006 4:00:00 AM,921,3680 KEELE ST,,,Major Arterial,Etobicoke York,43.753345,-79.48849,,No Control,Clear,Daylight,Dry,Non-Fatal Injury,Pedestrian Collisions,Pedestrian,75 to 79,Major,,East,Other,,,,Pedestrian hit at mid-block,"Crossing, no Traffic Control",Inattentive,,,,Yes,,Yes,,,,,,,,,,,27,York University Heights,27,York University Heights (27),D31,621685.797477208,4845587.19231818
338,3463840,921084,8/29/2006 4:00:00 AM,921,3680 KEELE ST,,,Major Arterial,Etobicoke York,43.753345,-79.48849,,No Control,Clear,Daylight,Dry,Non-Fatal Injury,Pedestrian Collisions,Driver,45 to 49,None,,South,"Automobile, Station Wagon",Going Ahead,Other,Unknown,,,,,,,Yes,,Yes,,,,,,,,,,,27,York University Heights,27,York University Heights (27),D31,621685.797477208,4845587.19231818
339,3475122,925202,8/29/2006 4:00:00 AM,1700,LESLIE ST,LAWRENCE AVE E,,Major Arterial,North York,43.734545,-79.35599,At Intersection,Traffic Signal,Clear,Daylight,Dry,Non-Fatal Injury,Pedestrian Collisions,Driver,40 to 44,None,,South,"Automobile, Station Wagon",Going Ahead,Driving Properly,Normal,,,,,,,Yes,,Yes,,,,,,,,,,,42,Banbury-Don Mills,42,Banbury-Don Mills (42),D33,632394.394880009,4843702.36374737
340,3475123,925202,8/29/2006 4:00:00 AM,1700,LESLIE ST,LAWRENCE AVE E,,Major Arterial,North York,43.734545,-79.35599,At Intersection,Traffic Signal,Clear,Daylight,Dry,Non-Fatal Injury,Pedestrian Collisions,Pedestrian,60 to 64,Major,,East,Other,,,,Vehicle is going straight thru inter.while ped cross without ROW,Crossing without right of way,Unknown,,,,Yes,,Yes,,,,,,,,,,,42,Banbury-Don Mills,42,Banbury-Don Mills (42),D33,632394.394880009,4843702.36374737
341,3477186,925968,8/31/2006 4:00:00 AM,740,SHEPPARD AVE E,REAN DR,,Major Arterial,North York,43.767745,-79.38309,At Intersection,Traffic Signal,Clear,Daylight,Dry,Non-Fatal Injury,Pedestrian Collisions,Driver,30 to 34,None,,East,"Automobile, Station Wagon",Going Ahead,Driving Properly,Normal,,,,,,,Yes,,Yes,,,,,,,,,,,52,Bayview Village,52,Bayview Village (52),D33,630139.994183427,4847346.77325081
342,3477187,925968,8/31/2006 4:00:00 AM,740,SHEPPARD AVE E,REAN DR,,Major Arterial,North York,43.767745,-79.38309,At Intersection,Traffic Signal,Clear,Daylight,Dry,Non-Fatal Injury,Pedestrian Collisions,Pedestrian,65 to 69,Major,,North,Other,,,,Vehicle is going straight thru inter.while ped cross without ROW,Crossing without right of way,Normal,,,,Yes,,Yes,,,,,,,,,,,52,Bayview Village,52,Bayview Village (52),D33,630139.994183427,4847346.77325081
343,3481362,927513,9/4/2006 4:00:00 AM,1210,70 HUMBERLINE DR,,,Collector,Etobicoke York,43.731845,-79.61649,,No Control,Clear,Daylight,Dry,Non-Fatal Injury,Pedestrian Collisions,Passenger,10 to 14,Major,,,Other,,,,,,,,,,Yes,,Yes,,,,,Yes,,,,,,1,West Humber-Clairville,1,West Humber-Clairville (1),D23,611420.820588626,4843019.23361989
344,3481363,927513,9/4/2006 4:00:00 AM,1210,70 HUMBERLINE DR,,,Collector,Etobicoke York,43.731845,-79.61649,,No Control,Clear,Daylight,Dry,Non-Fatal Injury,Pedestrian Collisions,Driver,15 to 19,None,,East,"Automobile, Station Wagon",Going Ahead,Driving Properly,Normal,,,,,,,Yes,,Yes,,,,,Yes,,,,,,1,West Humber-Clairville,1,West Humber-Clairville (1),D23,611420.820588626,4843019.23361989
345,3481364,927513,9/4/2006 4:00:00 AM,1210,70 HUMBERLINE DR,,,Collector,Etobicoke York,43.731845,-79.61649,,No Control,Clear,Daylight,Dry,Non-Fatal Injury,Pedestrian Collisions,Pedestrian,15 to 19,Major,,North,Other,,,,Pedestrian hit at mid-block,Running onto Roadway,Inattentive,,,,Yes,,Yes,,,,,Yes,,,,,,1,West Humber-Clairville,1,West Humber-Clairville (1),D23,611420.820588626,4843019.23361989
346,3481365,927513,9/4/2006 4:00:00 AM,1210,70 HUMBERLINE DR,,,Collector,Etobicoke York,43.731845,-79.61649,,No Control,Clear,Daylight,Dry,Non-Fatal Injury,Pedestrian Collisions,Pedestrian,15 to 19,Major,,North,Other,,,,Pedestrian hit at mid-block,Running onto Roadway,Inattentive,,,,Yes,,Yes,,,,,Yes,,,,,,1,West Humber-Clairville,1,West Humber-Clairville (1),D23,611420.820588626,4843019.23361989
347,3481991,927745,9/5/2006 4:00:00 AM,2226,QUEEN ST E,SPRUCE HILL RD,,Minor Arterial,Toronto and East York,43.672545,-79.28809,,No Control,Clear,Dark,Dry,Non-Fatal Injury,Pedestrian Collisions,Driver,25 to 29,None,,West,"Automobile, Station Wagon",Going Ahead,Driving Properly,Normal,,,,,,,Yes,,Yes,,,,,,,,,,,63,The Beaches,63,The Beaches (63),D55,638004.731689985,4836927.11525799
348,3481992,927745,9/5/2006 4:00:00 AM,2226,QUEEN ST E,SPRUCE HILL RD,,Minor Arterial,Toronto and East York,43.672545,-79.28809,,No Control,Clear,Dark,Dry,Non-Fatal Injury,Pedestrian Collisions,Other,unknown,None,,,Other,,,,,,,,,,Yes,,Yes,,,,,,,,,,,63,The Beaches,63,The Beaches (63),D55,638004.731689985,4836927.11525799
349,3481993,927745,9/5/2006 4:00:00 AM,2226,QUEEN ST E,SPRUCE HILL RD,,Minor Arterial,Toronto and East York,43.672545,-79.28809,,No Control,Clear,Dark,Dry,Non-Fatal Injury,Pedestrian Collisions,Pedestrian,15 to 19,Major,,South,Other,,,,Pedestrian hit at mid-block,Crossing without right of way,Had Been Drinking,,,,Yes,,Yes,,,,,,,,,,,63,The Beaches,63,The Beaches (63),D55,638004.731689985,4836927.11525799
350,3603599,922913,9/8/2006 4:00:00 AM,1025,NEILSON RD,ELLESMERE RD,,Major Arterial,Scarborough,43.782545,-79.20499,At Intersection,Traffic Signal,Clear,Daylight,Dry,Non-Fatal Injury,Pedestrian Collisions,Passenger,35 to 39,Minimal,,,Other,,,,,,,,,,Yes,,,,,Yes,,Yes,,,,,,135,Morningside,135,Morningside (135),D43,644439.228457777,4849285.87871347
351,3603600,922913,9/8/2006 4:00:00 AM,1025,NEILSON RD,ELLESMERE RD,,Major Arterial,Scarborough,43.782545,-79.20499,At Intersection,Traffic Signal,Clear,Daylight,Dry,Non-Fatal Injury,Pedestrian Collisions,Vehicle Owner,unknown,,,,Other,,,,,,,,,,Yes,,,,,Yes,,Yes,,,,,,135,Morningside,135,Morningside (135),D43,644439.228457777,4849285.87871347
352,3603601,922913,9/8/2006 4:00:00 AM,1025,NEILSON RD,ELLESMERE RD,,Major Arterial,Scarborough,43.782545,-79.20499,At Intersection,Traffic Signal,Clear,Daylight,Dry,Non-Fatal Injury,Pedestrian Collisions,Driver,45 to 49,None,,North,Municipal Transit Bus (TTC),Turning Left,Other,Normal,,,,,,,Yes,,,,,Yes,,Yes,,,,,,135,Morningside,135,Morningside (135),D43,644439.228457777,4849285.87871347
353,3603602,922913,9/8/2006 4:00:00 AM,1025,NEILSON RD,ELLESMERE RD,,Major Arterial,Scarborough,43.782545,-79.20499,At Intersection,Traffic Signal,Clear,Daylight,Dry,Non-Fatal Injury,Pedestrian Collisions,Pedestrian,75 to 79,Major,,South,Other,,,,Pedestrian involved in a collision with transit vehicle anywhere along roadway,Crossing without right of way,Normal,,,,Yes,,,,,Yes,,Yes,,,,,,135,Morningside,135,Morningside (135),D43,644439.228457777,4849285.87871347
354,3533121,922947,9/9/2006 4:00:00 AM,19,DANFORTH AVE,GILLARD AVE,,Major Arterial,Toronto and East York,43.682345,-79.32829,At Intersection,No Control,Rain,Dark,Wet,Non-Fatal Injury,Pedestrian Collisions,Passenger,20 to 24,None,,,Other,,,,,,,,,,Yes,,Yes,,,,,Yes,,,,,,65,Greenwood-Coxwell,65,Greenwood-Coxwell (65),D55,634742.054769458,4837949.44232801
355,3533122,922947,9/9/2006 4:00:00 AM,19,DANFORTH AVE,GILLARD AVE,,Major Arterial,Toronto and East York,43.682345,-79.32829,At Intersection,No Control,Rain,Dark,Wet,Non-Fatal Injury,Pedestrian Collisions,Passenger,20 to 24,None,,,Other,,,,,,,,,,Yes,,Yes,,,,,Yes,,,,,,65,Greenwood-Coxwell,65,Greenwood-Coxwell (65),D55,634742.054769458,4837949.44232801
356,3533123,922947,9/9/2006 4:00:00 AM,19,DANFORTH AVE,GILLARD AVE,,Major Arterial,Toronto and East York,43.682345,-79.32829,At Intersection,No Control,Rain,Dark,Wet,Non-Fatal Injury,Pedestrian Collisions,Passenger,20 to 24,None,,,Other,,,,,,,,,,Yes,,Yes,,,,,Yes,,,,,,65,Greenwood-Coxwell,65,Greenwood-Coxwell (65),D55,634742.054769458,4837949.44232801