OBJECTID,INDEX,ACCNUM,DATE,TIME,STREET1,STREET2,OFFSET,ROAD_CLASS,DISTRICT,LATITUDE,LONGITUDE,ACCLOC,TRAFFCTL,VISIBILITY,LIGHT,RDSFCOND,ACCLASS,IMPACTYPE,INVTYPE,INVAGE,INJURY,FATAL_NO,INITDIR,VEHTYPE,MANOEUVER,DRIVACT,DRIVCOND,PEDTYPE,PEDACT,PEDCOND,CYCLISTYPE,CYCACT,CYCCOND,PEDESTRIAN,CYCLIST,AUTOMOBILE,MOTORCYCLE,TRUCK,TRSN_CITY_VEH,EMERG_VEH,PASSENGER,SPEEDING,AG_DRIV,REDLIGHT,ALCOHOL,DISABILITY,HOOD_158,NEIGHBOURHOOD_158,HOOD_140,NEIGHBOURHOOD_140,DIVISION,x,y
1187,5346442,1032373,4/7/2008 4:00:00 AM,1200,CARLTON St,JARVIS St,,Major Arterial,Toronto and East York,43.662445,-79.37669,At Intersection,Traffic Signal,Clear,Daylight,Dry,Non-Fatal Injury,Pedestrian Collisions,Pedestrian,50 to 54,Major,,North,Other,,,,Pedestrian hit on sidewalk or shoulder,On Sidewalk or Shoulder,Normal,,,,Yes,,Yes,,,,,,,,,,,71,Cabbagetown-South St.James Town,71,Cabbagetown-South St.James Town (71),D51,630884.160447027,4835661.78179868
1188,5346855,1032559,4/8/2008 4:00:00 AM,624,HOPE St,DUFFERIN St,,Major Arterial,Toronto and East York,43.682345,-79.44479,At Intersection,Traffic Signal,Clear,Dark,Dry,Non-Fatal Injury,Pedestrian Collisions,Driver,40 to 44,None,,East,"Automobile, Station Wagon",Turning Left,Failed to Yield Right of Way,Inattentive,,,,,,,Yes,,Yes,,,,,,,Yes,,,,92,Corso Italia-Davenport,92,Corso Italia-Davenport (92),D13,625351.906668473,4837766.76396434
1189,5346856,1032559,4/8/2008 4:00:00 AM,624,HOPE St,DUFFERIN St,,Major Arterial,Toronto and East York,43.682345,-79.44479,At Intersection,Traffic Signal,Clear,Dark,Dry,Non-Fatal Injury,Pedestrian Collisions,Pedestrian,65 to 69,Major,,West,Other,,,,Vehicle turns left while ped crosses with ROW at inter.,Crossing with right of way,Normal,,,,Yes,,Yes,,,,,,,Yes,,,,92,Corso Italia-Davenport,92,Corso Italia-Davenport (92),D13,625351.906668473,4837766.76396434
1190,5355426,1036453,4/10/2008 4:00:00 AM,1646,437 DANFORTH Ave,,,Major Arterial,Toronto and East York,43.677745,-79.35039,,No Control,Clear,Daylight,Dry,Non-Fatal Injury,Pedestrian Collisions,Driver,60 to 64,None,,East,"Automobile, Station Wagon",Going Ahead,Driving Properly,Unknown,,,,,,,Yes,,Yes,,,,,,,,,,,68,North Riverdale,68,North Riverdale (68),D55,632970.907156514,4837402.8808054
1191,5355427,1036453,4/10/2008 4:00:00 AM,1646,437 DANFORTH Ave,,,Major Arterial,Toronto and East York,43.677745,-79.35039,,No Control,Clear,Daylight,Dry,Non-Fatal Injury,Pedestrian Collisions,Pedestrian,45 to 49,Major,,South,Other,,,,Pedestrian hit at mid-block,Running onto Roadway,Had Been Drinking,,,,Yes,,Yes,,,,,,,,,,,68,North Riverdale,68,North Riverdale (68),D55,632970.907156514,4837402.8808054
1192,5347399,1032843,4/10/2008 4:00:00 AM,2210,3111 DANFORTH Ave,,,Major Arterial,Scarborough,43.691745,-79.28589,,No Control,Clear,Dark,Dry,Non-Fatal Injury,Pedestrian Collisions,Driver,30 to 34,None,,East,"Automobile, Station Wagon",Going Ahead,Driving Properly,Normal,,,,,,,Yes,,Yes,,,,,,,,,,,121,Oakridge,121,Oakridge (121),D41,638138.011672863,4839063.20558094
1193,5347400,1032843,4/10/2008 4:00:00 AM,2210,3111 DANFORTH Ave,,,Major Arterial,Scarborough,43.691745,-79.28589,,No Control,Clear,Dark,Dry,Non-Fatal Injury,Pedestrian Collisions,Pedestrian,40 to 44,Major,,North,"Automobile, Station Wagon",,,,Pedestrian hit at mid-block,Running onto Roadway,"Ability Impaired, Alcohol",,,,Yes,,Yes,,,,,,,,,,,121,Oakridge,121,Oakridge (121),D41,638138.011672863,4839063.20558094
1194,5347971,1033112,4/13/2008 4:00:00 AM,244,OSSINGTON AVE,COLLEGE ST,,Major Arterial,Toronto and East York,43.654345,-79.422687,,Traffic Signal,Rain,Dark,Wet,Fatal,Pedestrian Collisions,Passenger,20 to 24,None,,,Other,,,,,,,,,,Yes,,Yes,,,,,Yes,,,,,,81,Trinity-Bellwoods,81,Trinity-Bellwoods (81),D14,627192.580703377,4834690.63494952
1195,5347972,1033112,4/13/2008 4:00:00 AM,244,OSSINGTON AVE,COLLEGE ST,,Major Arterial,Toronto and East York,43.654345,-79.422687,,Traffic Signal,Rain,Dark,Wet,Fatal,Pedestrian Collisions,Vehicle Owner,unknown,,,,Other,,,,,,,,,,Yes,,Yes,,,,,Yes,,,,,,81,Trinity-Bellwoods,81,Trinity-Bellwoods (81),D14,627192.580703377,4834690.63494952
1196,5347973,1033112,4/13/2008 4:00:00 AM,244,OSSINGTON AVE,COLLEGE ST,,Major Arterial,Toronto and East York,43.654345,-79.422687,,Traffic Signal,Rain,Dark,Wet,Fatal,Pedestrian Collisions,Driver,45 to 49,None,,South,Taxi,Going Ahead,Driving Properly,Normal,,,,,,,Yes,,Yes,,,,,Yes,,,,,,81,Trinity-Bellwoods,81,Trinity-Bellwoods (81),D14,627192.580703377,4834690.63494952
1197,5347974,1033112,4/13/2008 4:00:00 AM,244,OSSINGTON AVE,COLLEGE ST,,Major Arterial,Toronto and East York,43.654345,-79.422687,,Traffic Signal,Rain,Dark,Wet,Fatal,Pedestrian Collisions,Pedestrian,20 to 24,Fatal,14,East,Other,,,,Vehicle is going straight thru inter.while ped cross without ROW,Running onto Roadway,"Ability Impaired, Alcohol",,,,Yes,,Yes,,,,,Yes,,,,,,81,Trinity-Bellwoods,81,Trinity-Bellwoods (81),D14,627192.580703377,4834690.63494952
1198,5348046,1033146,4/13/2008 4:00:00 AM,1509,PAPE AVE,BAIN AVE,,Minor Arterial,Toronto and East York,43.672945,-79.34239,At Intersection,Stop Sign,Clear,Daylight,Dry,Non-Fatal Injury,Pedestrian Collisions,Driver,unknown,None,,South,"Automobile, Station Wagon",Unknown,Failed to Yield Right of Way,Unknown,,,,,,,Yes,,Yes,,,,,,,Yes,,,,68,North Riverdale,68,North Riverdale (68),D55,633626.42786462,4836882.63188139
1199,5348047,1033146,4/13/2008 4:00:00 AM,1509,PAPE AVE,BAIN AVE,,Minor Arterial,Toronto and East York,43.672945,-79.34239,At Intersection,Stop Sign,Clear,Daylight,Dry,Non-Fatal Injury,Pedestrian Collisions,Pedestrian,35 to 39,Major,,South,Other,Unknown,,,Pedestrian hit on sidewalk or shoulder,On Sidewalk or Shoulder,Medical or Physical Disability,,,,Yes,,Yes,,,,,,,Yes,,,,68,North Riverdale,68,North Riverdale (68),D55,633626.42786462,4836882.63188139
1200,5348518,1033337,4/14/2008 4:00:00 AM,1630,PARLIAMENT ST,WELLESLEY ST E,,Minor Arterial,Toronto and East York,43.668145,-79.36959,At Intersection,Traffic Signal,Clear,Daylight,Dry,Non-Fatal Injury,Pedestrian Collisions,Vehicle Owner,unknown,,,,Other,,,,,,,,,,Yes,,,,Yes,,,,,,,,,71,Cabbagetown-South St.James Town,71,Cabbagetown-South St.James Town (71),D51,631444.183716604,4836306.06859346
1201,5348519,1033337,4/14/2008 4:00:00 AM,1630,PARLIAMENT ST,WELLESLEY ST E,,Minor Arterial,Toronto and East York,43.668145,-79.36959,At Intersection,Traffic Signal,Clear,Daylight,Dry,Non-Fatal Injury,Pedestrian Collisions,Truck Driver,40 to 44,None,,North,Truck - Open,Turning Left,Driving Properly,Normal,,,,,,,Yes,,,,Yes,,,,,,,,,71,Cabbagetown-South St.James Town,71,Cabbagetown-South St.James Town (71),D51,631444.183716604,4836306.06859346
1202,5348520,1033337,4/14/2008 4:00:00 AM,1630,PARLIAMENT ST,WELLESLEY ST E,,Minor Arterial,Toronto and East York,43.668145,-79.36959,At Intersection,Traffic Signal,Clear,Daylight,Dry,Non-Fatal Injury,Pedestrian Collisions,Pedestrian,30 to 34,Major,,West,Other,,,,Vehicle turns left while ped crosses without ROW at inter.,Crossing without right of way,Had Been Drinking,,,,Yes,,,,Yes,,,,,,,,,71,Cabbagetown-South St.James Town,71,Cabbagetown-South St.James Town (71),D51,631444.183716604,4836306.06859346
1203,5357850,1037550,4/15/2008 4:00:00 AM,2100,SHEPPARD Aven E,WASHBURN Way,,Major Arterial,Scarborough,43.796645,-79.22509,,No Control,Clear,Dark,Dry,Non-Fatal Injury,Pedestrian Collisions,Driver,35 to 39,None,,West,"Automobile, Station Wagon",Going Ahead,Driving Properly,Normal,,,,,,,Yes,,Yes,,,,,,,,,,,145,Malvern West,132,Malvern (132),D42,642788.23843781,4850817.03362403
1204,5357851,1037550,4/15/2008 4:00:00 AM,2100,SHEPPARD Aven E,WASHBURN Way,,Major Arterial,Scarborough,43.796645,-79.22509,,No Control,Clear,Dark,Dry,Non-Fatal Injury,Pedestrian Collisions,Pedestrian,15 to 19,Major,,South,Other,,,,Pedestrian hit at mid-block,"Crossing, no Traffic Control",Unknown,,,,Yes,,Yes,,,,,,,,,,,145,Malvern West,132,Malvern (132),D42,642788.23843781,4850817.03362403
1205,5355240,1036361,4/18/2008 4:00:00 AM,1405,YONGE ST,CARLTON ST,,Major Arterial,Toronto and East York,43.661345,-79.38309,At Intersection,Traffic Signal,Clear,Daylight,Dry,Non-Fatal Injury,Pedestrian Collisions,Vehicle Owner,unknown,,,,Other,,,,,,,,,,Yes,,Yes,,,,,,,Yes,,,,168,Downtown Yonge East,75,Church-Yonge Corridor (75),D51,630370.517033919,4835529.53554994
1206,5355241,1036361,4/18/2008 4:00:00 AM,1405,YONGE ST,CARLTON ST,,Major Arterial,Toronto and East York,43.661345,-79.38309,At Intersection,Traffic Signal,Clear,Daylight,Dry,Non-Fatal Injury,Pedestrian Collisions,Driver,45 to 49,None,,North,"Automobile, Station Wagon",Slowing or Stopping,Failed to Yield Right of Way,Normal,,,,,,,Yes,,Yes,,,,,,,Yes,,,,168,Downtown Yonge East,75,Church-Yonge Corridor (75),D51,630370.517033919,4835529.53554994
1207,5355242,1036361,4/18/2008 4:00:00 AM,1405,YONGE ST,CARLTON ST,,Major Arterial,Toronto and East York,43.661345,-79.38309,At Intersection,Traffic Signal,Clear,Daylight,Dry,Non-Fatal Injury,Pedestrian Collisions,Pedestrian,20 to 24,Major,,West,Other,,,,Vehicle is going straight thru inter.while ped cross with ROW,Crossing with right of way,Normal,,,,Yes,,Yes,,,,,,,Yes,,,,168,Downtown Yonge East,75,Church-Yonge Corridor (75),D51,630370.517033919,4835529.53554994
1208,5355501,1036484,4/19/2008 4:00:00 AM,1240,CARLAW AVE,VICTOR AVE,,Minor Arterial,Toronto and East York,43.669145,-79.34339,At Intersection,No Control,Clear,Daylight,Dry,Non-Fatal Injury,Pedestrian Collisions,Driver,45 to 49,None,,South,"Automobile, Station Wagon",Slowing or Stopping,Driving Properly,Normal,,,,,,,Yes,,Yes,,,,,,,,,,,68,North Riverdale,68,North Riverdale (68),D55,633554.241522193,4836458.97977138
1209,5355502,1036484,4/19/2008 4:00:00 AM,1240,CARLAW AVE,VICTOR AVE,,Minor Arterial,Toronto and East York,43.669145,-79.34339,At Intersection,No Control,Clear,Daylight,Dry,Non-Fatal Injury,Pedestrian Collisions,Pedestrian,15 to 19,Major,,East,Other,,,,Pedestrian involved in a collision with transit vehicle anywhere along roadway,"Crossing, no Traffic Control",Inattentive,,,,Yes,,Yes,,,,,,,,,,,68,North Riverdale,68,North Riverdale (68),D55,633554.241522193,4836458.97977138
1210,5353056,1035405,4/28/2008 4:00:00 AM,1722,REXDALE Boul,QUEENS PLATE Driv,,Major Arterial,Etobicoke York,43.719145,-79.60349,At Intersection,No Control,Clear,Daylight,Dry,Fatal,Pedestrian Collisions,Vehicle Owner,unknown,,,,Other,,,,,,,,,,Yes,,Yes,,,,,,,,,,Yes,1,West Humber-Clairville,1,West Humber-Clairville (1),D23,612491.548618463,4841626.28324865
1211,5353057,1035405,4/28/2008 4:00:00 AM,1722,REXDALE Boul,QUEENS PLATE Driv,,Major Arterial,Etobicoke York,43.719145,-79.60349,At Intersection,No Control,Clear,Daylight,Dry,Fatal,Pedestrian Collisions,Driver,60 to 64,Minimal,,East,"Automobile, Station Wagon",Going Ahead,Lost control,Medical or Physical Disability,,,,,,,Yes,,Yes,,,,,,,,,,Yes,1,West Humber-Clairville,1,West Humber-Clairville (1),D23,612491.548618463,4841626.28324865
1212,5353058,1035405,4/28/2008 4:00:00 AM,1722,REXDALE Boul,QUEENS PLATE Driv,,Major Arterial,Etobicoke York,43.719145,-79.60349,At Intersection,No Control,Clear,Daylight,Dry,Fatal,Pedestrian Collisions,Pedestrian,85 to 89,Fatal,15,,Other,Other,,,Pedestrian hit on sidewalk or shoulder,On Sidewalk or Shoulder,Normal,,,,Yes,,Yes,,,,,,,,,,Yes,1,West Humber-Clairville,1,West Humber-Clairville (1),D23,612491.548618463,4841626.28324865
1213,5353053,1035404,4/28/2008 4:00:00 AM,2000,EGLINTON Aven E,CREDIT UNION Driv,,Major Arterial,North York,43.726145,-79.31829,At Intersection,No Control,Clear,Daylight,Dry,Non-Fatal Injury,Pedestrian Collisions,Vehicle Owner,unknown,,,,Other,,,,,,,,,,Yes,,Yes,,,,,,,,,,,43,Victoria Village,43,Victoria Village (43),D33,635449.394908165,4842830.35199266
1214,5353054,1035404,4/28/2008 4:00:00 AM,2000,EGLINTON Aven E,CREDIT UNION Driv,,Major Arterial,North York,43.726145,-79.31829,At Intersection,No Control,Clear,Daylight,Dry,Non-Fatal Injury,Pedestrian Collisions,Driver,35 to 39,None,,East,"Automobile, Station Wagon",Going Ahead,Driving Properly,Normal,,,,,,,Yes,,Yes,,,,,,,,,,,43,Victoria Village,43,Victoria Village (43),D33,635449.394908165,4842830.35199266
1215,5353055,1035404,4/28/2008 4:00:00 AM,2000,EGLINTON Aven E,CREDIT UNION Driv,,Major Arterial,North York,43.726145,-79.31829,At Intersection,No Control,Clear,Daylight,Dry,Non-Fatal Injury,Pedestrian Collisions,Pedestrian,75 to 79,Major,,,Other,,,,Pedestrian hit on sidewalk or shoulder,On Sidewalk or Shoulder,Normal,,,,Yes,,Yes,,,,,,,,,,,43,Victoria Village,43,Victoria Village (43),D33,635449.394908165,4842830.35199266
1216,5354324,1035924,5/1/2008 4:00:00 AM,738,ST CLAIR AVE E,JEANETTE ST,,Minor Arterial,Scarborough,43.719645,-79.24709,At Intersection,Stop Sign,Clear,Daylight,Dry,Fatal,Pedestrian Collisions,Vehicle Owner,unknown,,,,Other,,,,,,,,,,Yes,,,,Yes,,,,,,,,,123,Cliffcrest,123,Cliffcrest (123),D41,641199.370407339,4842227.27543207
1217,5354325,1035924,5/1/2008 4:00:00 AM,738,ST CLAIR AVE E,JEANETTE ST,,Minor Arterial,Scarborough,43.719645,-79.24709,At Intersection,Stop Sign,Clear,Daylight,Dry,Fatal,Pedestrian Collisions,Truck Driver,35 to 39,None,,South,Truck - Open,Turning Left,Improper Turn,Normal,,,,,,,Yes,,,,Yes,,,,,,,,,123,Cliffcrest,123,Cliffcrest (123),D41,641199.370407339,4842227.27543207
1218,5354326,1035924,5/1/2008 4:00:00 AM,738,ST CLAIR AVE E,JEANETTE ST,,Minor Arterial,Scarborough,43.719645,-79.24709,At Intersection,Stop Sign,Clear,Daylight,Dry,Fatal,Pedestrian Collisions,Pedestrian,50 to 54,Fatal,16,North,Other,,,,Vehicle turns left while ped crosses without ROW at inter.,"Crossing, no Traffic Control",Normal,,,,Yes,,,,Yes,,,,,,,,,123,Cliffcrest,123,Cliffcrest (123),D41,641199.370407339,4842227.27543207
1219,5359995,1038469,5/2/2008 4:00:00 AM,1550,MCCOWAN RD,CORPORATE DR,,Major Arterial,Scarborough,43.784645,-79.25619,,No Control,Rain,Daylight,Wet,Non-Fatal Injury,Pedestrian Collisions,Driver,60 to 64,None,,South,"Automobile, Station Wagon",Going Ahead,Driving Properly,Normal,,,,,,,Yes,,Yes,,,,,,,,,,,128,Agincourt South-Malvern West,128,Agincourt South-Malvern West (128),D42,640314.351982699,4849431.05353526
1220,5359996,1038469,5/2/2008 4:00:00 AM,1550,MCCOWAN RD,CORPORATE DR,,Major Arterial,Scarborough,43.784645,-79.25619,,No Control,Rain,Daylight,Wet,Non-Fatal Injury,Pedestrian Collisions,Pedestrian,55 to 59,Major,,,Other,Unknown,,,Pedestrian hit at mid-block,"Crossing, no Traffic Control",Medical or Physical Disability,,,,Yes,,Yes,,,,,,,,,,,128,Agincourt South-Malvern West,128,Agincourt South-Malvern West (128),D42,640314.351982699,4849431.05353526
1221,5355573,1036520,5/5/2008 4:00:00 AM,1105,GRANDRAVINE DR,SENTINEL RD,,Collector,Etobicoke York,43.751645,-79.49559,At Intersection,Stop Sign,Clear,Daylight,Dry,Non-Fatal Injury,Pedestrian Collisions,Driver,70 to 74,None,,East,"Automobile, Station Wagon",Stopped,Driving Properly,Normal,,,,,,,Yes,,Yes,,,,,,,Yes,,,,27,York University Heights,27,York University Heights (27),D31,621117.628706197,4845387.97633774
1222,5355574,1036520,5/5/2008 4:00:00 AM,1105,GRANDRAVINE DR,SENTINEL RD,,Collector,Etobicoke York,43.751645,-79.49559,At Intersection,Stop Sign,Clear,Daylight,Dry,Non-Fatal Injury,Pedestrian Collisions,Driver,55 to 59,None,,North,"Automobile, Station Wagon",Stopped,Driving Properly,Normal,,,,,,,Yes,,Yes,,,,,,,Yes,,,,27,York University Heights,27,York University Heights (27),D31,621117.628706197,4845387.97633774
1223,5355575,1036520,5/5/2008 4:00:00 AM,1105,GRANDRAVINE DR,SENTINEL RD,,Collector,Etobicoke York,43.751645,-79.49559,At Intersection,Stop Sign,Clear,Daylight,Dry,Non-Fatal Injury,Pedestrian Collisions,Driver,70 to 74,None,,West,"Automobile, Station Wagon",Going Ahead,Disobeyed Traffic Control,Normal,,,,,,,Yes,,Yes,,,,,,,Yes,,,,27,York University Heights,27,York University Heights (27),D31,621117.628706197,4845387.97633774
1224,5355576,1036520,5/5/2008 4:00:00 AM,1105,GRANDRAVINE DR,SENTINEL RD,,Collector,Etobicoke York,43.751645,-79.49559,At Intersection,Stop Sign,Clear,Daylight,Dry,Non-Fatal Injury,Pedestrian Collisions,Vehicle Owner,unknown,,,,Other,,,,,,,,,,Yes,,Yes,,,,,,,Yes,,,,27,York University Heights,27,York University Heights (27),D31,621117.628706197,4845387.97633774
1225,5355577,1036520,5/5/2008 4:00:00 AM,1105,GRANDRAVINE DR,SENTINEL RD,,Collector,Etobicoke York,43.751645,-79.49559,At Intersection,Stop Sign,Clear,Daylight,Dry,Non-Fatal Injury,Pedestrian Collisions,Pedestrian,75 to 79,Major,,,Other,,,,Pedestrian hit on sidewalk or shoulder,On Sidewalk or Shoulder,Normal,,,,Yes,,Yes,,,,,,,Yes,,,,27,York University Heights,27,York University Heights (27),D31,621117.628706197,4845387.97633774
1226,5367498,1041784,5/9/2008 4:00:00 AM,1956,ST CLAIR AVE W,BATHURST ST,,Major Arterial,Toronto and East York,43.683093,-79.418262,At Intersection,Traffic Signal,Clear,Daylight,Dry,Non-Fatal Injury,Pedestrian Collisions,Vehicle Owner,unknown,,,,,,,,,,,,,,Yes,,,,,Yes,,,,Yes,,,,96,Casa Loma,96,Casa Loma (96),D13,627488.533343011,4837890.27643872
1227,5367499,1041784,5/9/2008 4:00:00 AM,1956,ST CLAIR AVE W,BATHURST ST,,Major Arterial,Toronto and East York,43.683093,-79.418262,At Intersection,Traffic Signal,Clear,Daylight,Dry,Non-Fatal Injury,Pedestrian Collisions,Driver,40 to 44,None,,West,Municipal Transit Bus (TTC),Pulling Away from Shoulder or Curb,Failed to Yield Right of Way,Inattentive,,,,,,,Yes,,,,,Yes,,,,Yes,,,,96,Casa Loma,96,Casa Loma (96),D13,627488.533343011,4837890.27643872
1228,5367500,1041784,5/9/2008 4:00:00 AM,1956,ST CLAIR AVE W,BATHURST ST,,Major Arterial,Toronto and East York,43.683093,-79.418262,At Intersection,Traffic Signal,Clear,Daylight,Dry,Non-Fatal Injury,Pedestrian Collisions,Pedestrian,60 to 64,Major,,South,,,,,Pedestrian involved in a collision with transit vehicle anywhere along roadway,Person Getting on/off Vehicle,Normal,,,,Yes,,,,,Yes,,,,Yes,,,,96,Casa Loma,96,Casa Loma (96),D13,627488.533343011,4837890.27643872
1229,5430120,1069312,5/9/2008 4:00:00 AM,2240,31 MOORE PARK AVE,,,Local,North York,43.793245,-79.42169,,No Control,Clear,Dark,Dry,Non-Fatal Injury,Pedestrian Collisions,Vehicle Owner,unknown,,,,Other,,,,,,,,,,Yes,,,,,,,,,,,,,36,Newtonbrook West,36,Newtonbrook West (36),D32,626979.180154241,4850118.9997022
1230,5430121,1069312,5/9/2008 4:00:00 AM,2240,31 MOORE PARK AVE,,,Local,North York,43.793245,-79.42169,,No Control,Clear,Dark,Dry,Non-Fatal Injury,Pedestrian Collisions,Driver,unknown,None,,South,Other,Reversing,Other,Normal,,,,,,,Yes,,,,,,,,,,,,,36,Newtonbrook West,36,Newtonbrook West (36),D32,626979.180154241,4850118.9997022
1231,5430122,1069312,5/9/2008 4:00:00 AM,2240,31 MOORE PARK AVE,,,Local,North York,43.793245,-79.42169,,No Control,Clear,Dark,Dry,Non-Fatal Injury,Pedestrian Collisions,Pedestrian,50 to 54,Major,,,Other,,,,Vehicle is reversing and hits pedestrian,Person Getting on/off Vehicle,Normal,,,,Yes,,,,,,,,,,,,,36,Newtonbrook West,36,Newtonbrook West (36),D32,626979.180154241,4850118.9997022
1232,5357527,1037389,5/10/2008 4:00:00 AM,1216,DUFFERIN ST,ROGERS RD,,Major Arterial,Toronto and East York,43.685545,-79.44609,At Intersection,Traffic Signal,Clear,Daylight,Dry,Non-Fatal Injury,Pedestrian Collisions,Driver,60 to 64,None,,North,"Automobile, Station Wagon",Going Ahead,Driving Properly,Normal,,,,,,,Yes,,Yes,,,,,,,,,,,107,Oakwood Village,107,Oakwood Village (107),D13,625240.465057156,4838120.20332343
1233,5357528,1037389,5/10/2008 4:00:00 AM,1216,DUFFERIN ST,ROGERS RD,,Major Arterial,Toronto and East York,43.685545,-79.44609,At Intersection,Traffic Signal,Clear,Daylight,Dry,Non-Fatal Injury,Pedestrian Collisions,Pedestrian,30 to 34,Major,,West,Other,,,,Vehicle is going straight thru inter.while ped cross without ROW,Crossing without right of way,Normal,,,,Yes,,Yes,,,,,,,,,,,107,Oakwood Village,107,Oakwood Village (107),D13,625240.465057156,4838120.20332343
1234,5359544,1038269,5/14/2008 4:00:00 AM,800,PECKHAM AVE,GREENWIN VILLAGE RD,,Collector,North York,43.792745,-79.43679,,Stop Sign,Clear,Daylight,Dry,Non-Fatal Injury,Pedestrian Collisions,Driver,65 to 69,None,,South,"Automobile, Station Wagon",Turning Left,Failed to Yield Right of Way,Inattentive,,,,,,,Yes,,Yes,,,,,,,Yes,,,,36,Newtonbrook West,36,Newtonbrook West (36),D32,625765.383992743,4850040.41223049
1235,5359545,1038269,5/14/2008 4:00:00 AM,800,PECKHAM AVE,GREENWIN VILLAGE RD,,Collector,North York,43.792745,-79.43679,,Stop Sign,Clear,Daylight,Dry,Non-Fatal Injury,Pedestrian Collisions,Pedestrian,45 to 49,Major,,North,Other,,,,Vehicle turns left while ped crosses with ROW at inter.,Crossing with right of way,Normal,,,,Yes,,Yes,,,,,,,Yes,,,,36,Newtonbrook West,36,Newtonbrook West (36),D32,625765.383992743,4850040.41223049
1236,5360108,1038517,5/15/2008 4:00:00 AM,1403,AVENUE RD,YORKVILLE AVE,,Major Arterial,Toronto and East York,43.670345,-79.39479,At Intersection,Traffic Signal,Clear,Daylight,Dry,Non-Fatal Injury,Pedestrian Collisions,Pedestrian,70 to 74,Major,,,Other,,,,Vehicle turns left while ped crosses with ROW at inter.,Crossing with right of way,Normal,,,,Yes,,Yes,,,,,,,Yes,,,,95,Annex,95,Annex (95),D53,629407.802454261,4836510.7874926
1237,5360109,1038517,5/15/2008 4:00:00 AM,1403,AVENUE RD,YORKVILLE AVE,,Major Arterial,Toronto and East York,43.670345,-79.39479,At Intersection,Traffic Signal,Clear,Daylight,Dry,Non-Fatal Injury,Pedestrian Collisions,Vehicle Owner,unknown,,,,Other,,,,,,,,,,Yes,,Yes,,,,,,,Yes,,,,95,Annex,95,Annex (95),D53,629407.802454261,4836510.7874926
1238,5360110,1038517,5/15/2008 4:00:00 AM,1403,AVENUE RD,YORKVILLE AVE,,Major Arterial,Toronto and East York,43.670345,-79.39479,At Intersection,Traffic Signal,Clear,Daylight,Dry,Non-Fatal Injury,Pedestrian Collisions,Driver,35 to 39,None,,West,"Automobile, Station Wagon",Turning Left,Failed to Yield Right of Way,Inattentive,,,,,,,Yes,,Yes,,,,,,,Yes,,,,95,Annex,95,Annex (95),D53,629407.802454261,4836510.7874926
1239,5367605,1041835,5/23/2008 4:00:00 AM,1244,KIPLING AVE,SNARESBROOK DR,,Major Arterial,Etobicoke York,43.721645,-79.57149,At Intersection,Traffic Signal,Clear,Daylight,Dry,Non-Fatal Injury,Pedestrian Collisions,Vehicle Owner,unknown,,,,Other,,,,,,,,,,Yes,,Yes,,,,,,,,,,,1,West Humber-Clairville,1,West Humber-Clairville (1),D23,615064.441783731,4841947.87105725
1240,5367606,1041835,5/23/2008 4:00:00 AM,1244,KIPLING AVE,SNARESBROOK DR,,Major Arterial,Etobicoke York,43.721645,-79.57149,At Intersection,Traffic Signal,Clear,Daylight,Dry,Non-Fatal Injury,Pedestrian Collisions,Driver,35 to 39,None,,North,"Automobile, Station Wagon",Going Ahead,Driving Properly,Normal,,,,,,,Yes,,Yes,,,,,,,,,,,1,West Humber-Clairville,1,West Humber-Clairville (1),D23,615064.441783731,4841947.87105725
1241,5367607,1041835,5/23/2008 4:00:00 AM,1244,KIPLING AVE,SNARESBROOK DR,,Major Arterial,Etobicoke York,43.721645,-79.57149,At Intersection,Traffic Signal,Clear,Daylight,Dry,Non-Fatal Injury,Pedestrian Collisions,Pedestrian,10 to 14,Major,,West,Other,,,,Vehicle is going straight thru inter.while ped cross without ROW,Crossing without right of way,Inattentive,,,,Yes,,Yes,,,,,,,,,,,1,West Humber-Clairville,1,West Humber-Clairville (1),D23,615064.441783731,4841947.87105725
1242,5365579,1040891,5/30/2008 4:00:00 AM,746,BAY ST,YORKVILLE AVE,,Major Arterial,Toronto and East York,43.671345,-79.39019,,Traffic Signal,Clear,Daylight,Dry,Fatal,Pedestrian Collisions,Vehicle Owner,unknown,,,,Other,,,,,,,,,,Yes,,Yes,,,,,,,,,,,95,Annex,95,Annex (95),D53,629776.490837819,4836629.03724404
1243,5365580,1040891,5/30/2008 4:00:00 AM,746,BAY ST,YORKVILLE AVE,,Major Arterial,Toronto and East York,43.671345,-79.39019,,Traffic Signal,Clear,Daylight,Dry,Fatal,Pedestrian Collisions,Driver,40 to 44,None,,West,"Automobile, Station Wagon",Turning Left,Driving Properly,Normal,,,,,,,Yes,,Yes,,,,,,,,,,,95,Annex,95,Annex (95),D53,629776.490837819,4836629.03724404
1244,5365581,1040891,5/30/2008 4:00:00 AM,746,BAY ST,YORKVILLE AVE,,Major Arterial,Toronto and East York,43.671345,-79.39019,,Traffic Signal,Clear,Daylight,Dry,Fatal,Pedestrian Collisions,Pedestrian,70 to 74,Fatal,22,East,Other,,,,Pedestrian involved in a collision with transit vehicle anywhere along roadway,Crossing without right of way,Unknown,,,,Yes,,Yes,,,,,,,,,,,95,Annex,95,Annex (95),D53,629776.490837819,4836629.03724404
1245,5365594,1040898,5/30/2008 4:00:00 AM,1138,331 TRUDELLE St,,,Collector,Scarborough,43.741545,-79.23449,,No Control,Rain,Daylight,Wet,Non-Fatal Injury,Pedestrian Collisions,Driver,50 to 54,Major,,North,"Automobile, Station Wagon",Going Ahead,Lost control,Medical or Physical Disability,,,,,,,Yes,,Yes,,,,,,Yes,Yes,,,Yes,138,Eglinton East,138,Eglinton East (138),D43,642162.504148084,4844681.14235522