OBJECTID,INDEX,ACCNUM,DATE,TIME,STREET1,STREET2,OFFSET,ROAD_CLASS,DISTRICT,LATITUDE,LONGITUDE,ACCLOC,TRAFFCTL,VISIBILITY,LIGHT,RDSFCOND,ACCLASS,IMPACTYPE,INVTYPE,INVAGE,INJURY,FATAL_NO,INITDIR,VEHTYPE,MANOEUVER,DRIVACT,DRIVCOND,PEDTYPE,PEDACT,PEDCOND,CYCLISTYPE,CYCACT,CYCCOND,PEDESTRIAN,CYCLIST,AUTOMOBILE,MOTORCYCLE,TRUCK,TRSN_CITY_VEH,EMERG_VEH,PASSENGER,SPEEDING,AG_DRIV,REDLIGHT,ALCOHOL,DISABILITY,HOOD_158,NEIGHBOURHOOD_158,HOOD_140,NEIGHBOURHOOD_140,DIVISION,x,y
1246,5365595,1040898,5/30/2008 4:00:00 AM,1138,331 TRUDELLE St,,,Collector,Scarborough,43.741545,-79.23449,,No Control,Rain,Daylight,Wet,Non-Fatal Injury,Pedestrian Collisions,Other,unknown,Major,,,Other,Parked,,,,,,,,,Yes,,Yes,,,,,,Yes,Yes,,,Yes,138,Eglinton East,138,Eglinton East (138),D43,642162.504148084,4844681.14235522
1247,5365596,1040898,5/30/2008 4:00:00 AM,1138,331 TRUDELLE St,,,Collector,Scarborough,43.741545,-79.23449,,No Control,Rain,Daylight,Wet,Non-Fatal Injury,Pedestrian Collisions,Pedestrian,10 to 14,Major,,Unknown,Other,Other,,,Pedestrian hit on sidewalk or shoulder,On Sidewalk or Shoulder,Normal,,,,Yes,,Yes,,,,,,Yes,Yes,,,Yes,138,Eglinton East,138,Eglinton East (138),D43,642162.504148084,4844681.14235522
1248,5372742,1044158,6/1/2008 4:00:00 AM,1031,EGLINTON AVE E,BELLAMY RD N,,Major Arterial,Scarborough,43.740245,-79.23209,At Intersection,Traffic Signal,Clear,Daylight,Dry,Non-Fatal Injury,Pedestrian Collisions,Passenger,20 to 24,Minimal,,,Other,,,,,,,,,,Yes,,Yes,,,,,Yes,Yes,Yes,Yes,,,138,Eglinton East,138,Eglinton East (138),D43,642358.840706395,4844540.87909327
1249,5372743,1044158,6/1/2008 4:00:00 AM,1031,EGLINTON AVE E,BELLAMY RD N,,Major Arterial,Scarborough,43.740245,-79.23209,At Intersection,Traffic Signal,Clear,Daylight,Dry,Non-Fatal Injury,Pedestrian Collisions,Passenger,20 to 24,Minimal,,,Other,,,,,,,,,,Yes,,Yes,,,,,Yes,Yes,Yes,Yes,,,138,Eglinton East,138,Eglinton East (138),D43,642358.840706395,4844540.87909327
1250,5372744,1044158,6/1/2008 4:00:00 AM,1031,EGLINTON AVE E,BELLAMY RD N,,Major Arterial,Scarborough,43.740245,-79.23209,At Intersection,Traffic Signal,Clear,Daylight,Dry,Non-Fatal Injury,Pedestrian Collisions,Driver,25 to 29,Minimal,,South,"Automobile, Station Wagon",Going Ahead,Driving Properly,Normal,,,,,,,Yes,,Yes,,,,,Yes,Yes,Yes,Yes,,,138,Eglinton East,138,Eglinton East (138),D43,642358.840706395,4844540.87909327
1251,5372745,1044158,6/1/2008 4:00:00 AM,1031,EGLINTON AVE E,BELLAMY RD N,,Major Arterial,Scarborough,43.740245,-79.23209,At Intersection,Traffic Signal,Clear,Daylight,Dry,Non-Fatal Injury,Pedestrian Collisions,Driver,60 to 64,Minimal,,West,"Automobile, Station Wagon",Going Ahead,Disobeyed Traffic Control,Unknown,,,,,,,Yes,,Yes,,,,,Yes,Yes,Yes,Yes,,,138,Eglinton East,138,Eglinton East (138),D43,642358.840706395,4844540.87909327
1252,5372746,1044158,6/1/2008 4:00:00 AM,1031,EGLINTON AVE E,BELLAMY RD N,,Major Arterial,Scarborough,43.740245,-79.23209,At Intersection,Traffic Signal,Clear,Daylight,Dry,Non-Fatal Injury,Pedestrian Collisions,Pedestrian,35 to 39,Minor,,South,Other,,,,Vehicle is going straight thru inter.while ped cross with ROW,Crossing with right of way,Normal,,,,Yes,,Yes,,,,,Yes,Yes,Yes,Yes,,,138,Eglinton East,138,Eglinton East (138),D43,642358.840706395,4844540.87909327
1253,5372747,1044158,6/1/2008 4:00:00 AM,1031,EGLINTON AVE E,BELLAMY RD N,,Major Arterial,Scarborough,43.740245,-79.23209,At Intersection,Traffic Signal,Clear,Daylight,Dry,Non-Fatal Injury,Pedestrian Collisions,Pedestrian,25 to 29,Major,,South,Other,,,,Vehicle is going straight thru inter.while ped cross with ROW,Crossing with right of way,Normal,,,,Yes,,Yes,,,,,Yes,Yes,Yes,Yes,,,138,Eglinton East,138,Eglinton East (138),D43,642358.840706395,4844540.87909327
1254,5373443,1044477,6/1/2008 4:00:00 AM,1150,DANFORTH AVE,LINNSMORE CRES,,Major Arterial,Toronto and East York,43.682045,-79.32979,,Traffic Signal,Clear,Daylight,Dry,Non-Fatal Injury,Pedestrian Collisions,Driver,40 to 44,None,,South,Other,Turning Left,Failed to Yield Right of Way,Inattentive,,,,,,,Yes,,,,,,,,,Yes,,,,65,Greenwood-Coxwell,65,Greenwood-Coxwell (65),D55,634621.822420109,4837913.68722671
1255,5373444,1044477,6/1/2008 4:00:00 AM,1150,DANFORTH AVE,LINNSMORE CRES,,Major Arterial,Toronto and East York,43.682045,-79.32979,,Traffic Signal,Clear,Daylight,Dry,Non-Fatal Injury,Pedestrian Collisions,Pedestrian,50 to 54,Major,,North,Other,,,,Vehicle turns left while ped crosses with ROW at inter.,Crossing with right of way,Normal,,,,Yes,,,,,,,,,Yes,,,,65,Greenwood-Coxwell,65,Greenwood-Coxwell (65),D55,634621.822420109,4837913.68722671
1256,5366719,1041453,6/3/2008 4:00:00 AM,1230,SENLAC RD,SHEPPARD AVE W,,Major Arterial,North York,43.758945,-79.42259,At Intersection,Traffic Signal,Rain,Daylight,Wet,Non-Fatal Injury,Pedestrian Collisions,Pedestrian,70 to 74,Major,,West,Other,,,,Vehicle turns left while ped crosses with ROW at inter.,Crossing with right of way,Normal,,,,Yes,,Yes,,,,,,,Yes,,,,38,Lansing-Westgate,38,Lansing-Westgate (38),D32,626979.351177167,4846308.08042157
1257,5366720,1041453,6/3/2008 4:00:00 AM,1230,SENLAC RD,SHEPPARD AVE W,,Major Arterial,North York,43.758945,-79.42259,At Intersection,Traffic Signal,Rain,Daylight,Wet,Non-Fatal Injury,Pedestrian Collisions,Driver,80 to 84,None,,East,"Automobile, Station Wagon",Turning Left,Failed to Yield Right of Way,Inattentive,,,,,,,Yes,,Yes,,,,,,,Yes,,,,38,Lansing-Westgate,38,Lansing-Westgate (38),D32,626979.351177167,4846308.08042157
1258,5373870,1044675,6/3/2008 4:00:00 AM,1517,HILDA AVE,CROSSEN DR,,Collector,North York,43.793245,-79.42739,,No Control,Clear,Daylight,Dry,Non-Fatal Injury,Pedestrian Collisions,Driver,40 to 44,None,,South,"Automobile, Station Wagon",Going Ahead,Driving Properly,Normal,,,,,,,Yes,,Yes,,,,,,,,,,,36,Newtonbrook West,36,Newtonbrook West (36),D32,626520.596249901,4850110.27088111
1259,5373871,1044675,6/3/2008 4:00:00 AM,1517,HILDA AVE,CROSSEN DR,,Collector,North York,43.793245,-79.42739,,No Control,Clear,Daylight,Dry,Non-Fatal Injury,Pedestrian Collisions,Pedestrian,15 to 19,Major,,West,Other,,,,Pedestrian hit at mid-block,Running onto Roadway,Inattentive,,,,Yes,,Yes,,,,,,,,,,,36,Newtonbrook West,36,Newtonbrook West (36),D32,626520.596249901,4850110.27088111
1260,5370892,1043273,6/11/2008 4:00:00 AM,2010,LAKE SHORE BLVD W,LONG BRANCH AVE,,Major Arterial,Etobicoke York,43.594345,-79.53399,At Intersection,Traffic Signal,Clear,Dusk,Dry,Fatal,Pedestrian Collisions,Vehicle Owner,unknown,,,,Other,,,,,,,,,,Yes,,Yes,,,,,,,Yes,,,,19,Long Branch,19,Long Branch (19),D22,618334.826501792,4827862.31328805
1261,5370893,1043273,6/11/2008 4:00:00 AM,2010,LAKE SHORE BLVD W,LONG BRANCH AVE,,Major Arterial,Etobicoke York,43.594345,-79.53399,At Intersection,Traffic Signal,Clear,Dusk,Dry,Fatal,Pedestrian Collisions,Driver,55 to 59,None,,North,"Automobile, Station Wagon",Turning Left,Failed to Yield Right of Way,Unknown,,,,,,,Yes,,Yes,,,,,,,Yes,,,,19,Long Branch,19,Long Branch (19),D22,618334.826501792,4827862.31328805
1262,5370894,1043273,6/11/2008 4:00:00 AM,2010,LAKE SHORE BLVD W,LONG BRANCH AVE,,Major Arterial,Etobicoke York,43.594345,-79.53399,At Intersection,Traffic Signal,Clear,Dusk,Dry,Fatal,Pedestrian Collisions,Pedestrian,60 to 64,Fatal,26,South,Other,,,,Vehicle turns left while ped crosses with ROW at inter.,Crossing with right of way,Normal,,,,Yes,,Yes,,,,,,,Yes,,,,19,Long Branch,19,Long Branch (19),D22,618334.826501792,4827862.31328805
1263,5378236,1046604,6/12/2008 4:00:00 AM,902,ST CLAIR AVE W,RUSSELL HILL RD,,Major Arterial,Toronto and East York,43.685345,-79.40789,At Intersection,Police Control,Clear,Daylight,Dry,Non-Fatal Injury,Pedestrian Collisions,Driver,60 to 64,None,,West,"Automobile, Station Wagon",Going Ahead,Failed to Yield Right of Way,Normal,,,,,,,Yes,,Yes,,,,,,,Yes,,,,96,Casa Loma,96,Casa Loma (96),D53,628319.726165474,4838156.38803292
1264,5378237,1046604,6/12/2008 4:00:00 AM,902,ST CLAIR AVE W,RUSSELL HILL RD,,Major Arterial,Toronto and East York,43.685345,-79.40789,At Intersection,Police Control,Clear,Daylight,Dry,Non-Fatal Injury,Pedestrian Collisions,Pedestrian,35 to 39,Major,,Unknown,Other,,,,Other / Undefined,Playing or Working on Highway,Normal,,,,Yes,,Yes,,,,,,,Yes,,,,96,Casa Loma,96,Casa Loma (96),D53,628319.726165474,4838156.38803292
1265,5370282,1043011,6/13/2008 4:00:00 AM,2321,DON MILLS RD,HIGHWAY 401 C Boul W,,Major Arterial,North York,43.769145,-79.34659,,No Control,Rain,Dark,Wet,Non-Fatal Injury,Pedestrian Collisions,Driver,25 to 29,Minimal,,South,"Automobile, Station Wagon",Going Ahead,Driving Properly,Normal,,,,,,,Yes,,Yes,,,,,,,,,,,53,Henry Farm,53,Henry Farm (53),D33,633074.688591277,4847560.27680395
1266,5370283,1043011,6/13/2008 4:00:00 AM,2321,DON MILLS RD,HIGHWAY 401 C Boul W,,Major Arterial,North York,43.769145,-79.34659,,No Control,Rain,Dark,Wet,Non-Fatal Injury,Pedestrian Collisions,Pedestrian,25 to 29,Major,,,Other,,,,Pedestrian hit at mid-block,Walking on Roadway Against Traffic,"Ability Impaired, Drugs",,,,Yes,,Yes,,,,,,,,,,,53,Henry Farm,53,Henry Farm (53),D33,633074.688591277,4847560.27680395
1267,5371155,1043405,6/14/2008 4:00:00 AM,5,3440 PHARMACY AVE,,,Minor Arterial,Scarborough,43.807745,-79.33239,,No Control,Rain,Dark,Wet,Fatal,Pedestrian Collisions,Driver,45 to 49,None,,South,"Automobile, Station Wagon",Going Ahead,Driving Properly,Had Been Drinking,,,,,,,Yes,,Yes,,,,,,,Yes,,,,116,Steeles,116,Steeles (116),D42,634131.216454149,4851870.33262632
1268,5371156,1043405,6/14/2008 4:00:00 AM,5,3440 PHARMACY AVE,,,Minor Arterial,Scarborough,43.807745,-79.33239,,No Control,Rain,Dark,Wet,Fatal,Pedestrian Collisions,Pedestrian,25 to 29,Fatal,23,East,Other,,,,Pedestrian hit at mid-block,"Crossing, no Traffic Control",Unknown,,,,Yes,,Yes,,,,,,,Yes,,,,116,Steeles,116,Steeles (116),D42,634131.216454149,4851870.33262632
1269,5371157,1043405,6/14/2008 4:00:00 AM,5,3440 PHARMACY AVE,,,Minor Arterial,Scarborough,43.807745,-79.33239,,No Control,Rain,Dark,Wet,Fatal,Pedestrian Collisions,Pedestrian,25 to 29,Fatal,24,East,Other,,,,Pedestrian hit at mid-block,"Crossing, no Traffic Control",Unknown,,,,Yes,,Yes,,,,,,,Yes,,,,116,Steeles,116,Steeles (116),D42,634131.216454149,4851870.33262632
1270,5370469,1043101,6/14/2008 4:00:00 AM,1813,BATHURST ST,SULTANA AVE,,Major Arterial,North York,43.728745,-79.43199,At Intersection,No Control,Clear,Daylight,Dry,Non-Fatal Injury,Pedestrian Collisions,Driver,75 to 79,Major,,South,"Automobile, Station Wagon",Changing Lanes,Improper Lane Change,Normal,,,,,,,Yes,,Yes,,,Yes,,,,,,,,32,Englemount-Lawrence,32,Englemount-Lawrence (32),D32,626286.142018269,4842939.5583565
1271,5370470,1043101,6/14/2008 4:00:00 AM,1813,BATHURST ST,SULTANA AVE,,Major Arterial,North York,43.728745,-79.43199,At Intersection,No Control,Clear,Daylight,Dry,Non-Fatal Injury,Pedestrian Collisions,Vehicle Owner,unknown,,,,Other,,,,,,,,,,Yes,,Yes,,,Yes,,,,,,,,32,Englemount-Lawrence,32,Englemount-Lawrence (32),D32,626286.142018269,4842939.5583565
1272,5370471,1043101,6/14/2008 4:00:00 AM,1813,BATHURST ST,SULTANA AVE,,Major Arterial,North York,43.728745,-79.43199,At Intersection,No Control,Clear,Daylight,Dry,Non-Fatal Injury,Pedestrian Collisions,Vehicle Owner,unknown,,,,Other,,,,,,,,,,Yes,,Yes,,,Yes,,,,,,,,32,Englemount-Lawrence,32,Englemount-Lawrence (32),D32,626286.142018269,4842939.5583565
1273,5370472,1043101,6/14/2008 4:00:00 AM,1813,BATHURST ST,SULTANA AVE,,Major Arterial,North York,43.728745,-79.43199,At Intersection,No Control,Clear,Daylight,Dry,Non-Fatal Injury,Pedestrian Collisions,Driver,25 to 29,None,,South,Municipal Transit Bus (TTC),Going Ahead,Driving Properly,Normal,,,,,,,Yes,,Yes,,,Yes,,,,,,,,32,Englemount-Lawrence,32,Englemount-Lawrence (32),D32,626286.142018269,4842939.5583565
1274,5370473,1043101,6/14/2008 4:00:00 AM,1813,BATHURST ST,SULTANA AVE,,Major Arterial,North York,43.728745,-79.43199,At Intersection,No Control,Clear,Daylight,Dry,Non-Fatal Injury,Pedestrian Collisions,Pedestrian,55 to 59,Major,,South,Other,,,,Pedestrian involved in a collision with transit vehicle anywhere along roadway,"Crossing, no Traffic Control",Normal,,,,Yes,,Yes,,,Yes,,,,,,,,32,Englemount-Lawrence,32,Englemount-Lawrence (32),D32,626286.142018269,4842939.5583565
1275,5371615,1043639,6/16/2008 4:00:00 AM,1355,BATHURST ST N,SOUTHBOURNE AVE,,Major Arterial,North York,43.738845,-79.43439,,No Control,Clear,Daylight,Dry,Non-Fatal Injury,Pedestrian Collisions,Vehicle Owner,unknown,,,,Other,,,,,,,,,,Yes,,Yes,,,,,,,,,,,33,Clanton Park,33,Clanton Park (33),D32,626071.651176808,4844057.65490629
1276,5371616,1043639,6/16/2008 4:00:00 AM,1355,BATHURST ST N,SOUTHBOURNE AVE,,Major Arterial,North York,43.738845,-79.43439,,No Control,Clear,Daylight,Dry,Non-Fatal Injury,Pedestrian Collisions,Driver,20 to 24,None,,North,"Automobile, Station Wagon",Going Ahead,Driving Properly,Normal,,,,,,,Yes,,Yes,,,,,,,,,,,33,Clanton Park,33,Clanton Park (33),D32,626071.651176808,4844057.65490629
1277,5371617,1043639,6/16/2008 4:00:00 AM,1355,BATHURST ST N,SOUTHBOURNE AVE,,Major Arterial,North York,43.738845,-79.43439,,No Control,Clear,Daylight,Dry,Non-Fatal Injury,Pedestrian Collisions,Pedestrian,35 to 39,Major,,East,Other,,,,Pedestrian hit at mid-block,"Crossing, no Traffic Control",Inattentive,,,,Yes,,Yes,,,,,,,,,,,33,Clanton Park,33,Clanton Park (33),D32,626071.651176808,4844057.65490629
1278,5371618,1043639,6/16/2008 4:00:00 AM,1355,BATHURST ST N,SOUTHBOURNE AVE,,Major Arterial,North York,43.738845,-79.43439,,No Control,Clear,Daylight,Dry,Non-Fatal Injury,Pedestrian Collisions,Pedestrian,0 to 4,Major,,East,Other,,,,Pedestrian hit at mid-block,"Crossing, no Traffic Control",Inattentive,,,,Yes,,Yes,,,,,,,,,,,33,Clanton Park,33,Clanton Park (33),D32,626071.651176808,4844057.65490629
1279,5379919,1047294,6/17/2008 4:00:00 AM,1540,130 THE QUEENSWAY,,,Major Arterial,Etobicoke York,43.630845,-79.48189,At Intersection,No Control,Clear,Daylight,Dry,Non-Fatal Injury,Pedestrian Collisions,Vehicle Owner,unknown,,,,Other,,,,,,,,,,Yes,,Yes,,,,,,,,,,,16,Stonegate-Queensway,16,Stonegate-Queensway (16),D22,622466.217868851,4831991.61676739
1280,5379920,1047294,6/17/2008 4:00:00 AM,1540,130 THE QUEENSWAY,,,Major Arterial,Etobicoke York,43.630845,-79.48189,At Intersection,No Control,Clear,Daylight,Dry,Non-Fatal Injury,Pedestrian Collisions,Driver,45 to 49,None,,West,"Automobile, Station Wagon",Going Ahead,Driving Properly,Normal,,,,,,,Yes,,Yes,,,,,,,,,,,16,Stonegate-Queensway,16,Stonegate-Queensway (16),D22,622466.217868851,4831991.61676739
1281,5379921,1047294,6/17/2008 4:00:00 AM,1540,130 THE QUEENSWAY,,,Major Arterial,Etobicoke York,43.630845,-79.48189,At Intersection,No Control,Clear,Daylight,Dry,Non-Fatal Injury,Pedestrian Collisions,Pedestrian,75 to 79,Major,,South,Other,,,,Pedestrian hit at mid-block,"Crossing, no Traffic Control",Normal,,,,Yes,,Yes,,,,,,,,,,,16,Stonegate-Queensway,16,Stonegate-Queensway (16),D22,622466.217868851,4831991.61676739
1282,5371850,1043747,6/18/2008 4:00:00 AM,909,SCARLETT RD,BERNICE CRES,,Minor Arterial,Etobicoke York,43.666945,-79.49949,At Intersection,Pedestrian Crossover,Clear,Daylight,Dry,Fatal,Pedestrian Collisions,Pedestrian,85 to 89,Fatal,25,East,Other,,,,Pedestrian hit a PXO/ped. Mid-block signal,"Crossing, Pedestrian Crossover",Normal,,,,Yes,,Yes,,,,,,,Yes,,,,111,Rockcliffe-Smythe,111,Rockcliffe-Smythe (111),D12,620973.918008686,4835975.1702252
1283,5371851,1043747,6/18/2008 4:00:00 AM,909,SCARLETT RD,BERNICE CRES,,Minor Arterial,Etobicoke York,43.666945,-79.49949,At Intersection,Pedestrian Crossover,Clear,Daylight,Dry,Fatal,Pedestrian Collisions,Vehicle Owner,unknown,,,,Other,,,,,,,,,,Yes,,Yes,,,,,,,Yes,,,,111,Rockcliffe-Smythe,111,Rockcliffe-Smythe (111),D12,620973.918008686,4835975.1702252
1284,5371852,1043747,6/18/2008 4:00:00 AM,909,SCARLETT RD,BERNICE CRES,,Minor Arterial,Etobicoke York,43.666945,-79.49949,At Intersection,Pedestrian Crossover,Clear,Daylight,Dry,Fatal,Pedestrian Collisions,Driver,55 to 59,None,,North,"Automobile, Station Wagon",Going Ahead,Failed to Yield Right of Way,Inattentive,,,,,,,Yes,,Yes,,,,,,,Yes,,,,111,Rockcliffe-Smythe,111,Rockcliffe-Smythe (111),D12,620973.918008686,4835975.1702252
1285,5403463,1057630,6/20/2008 4:00:00 AM,1030,SEELEY DR,SHEPPARD AVE W,,Major Arterial,North York,43.743045,-79.49419,At Intersection,No Control,Clear,Daylight,Dry,Non-Fatal Injury,Pedestrian Collisions,Driver,unknown,None,,West,"Automobile, Station Wagon",Turning Left,Failed to Yield Right of Way,Unknown,,,,,,,Yes,,Yes,,,,,,,Yes,,,,155,Downsview,26,Downsview-Roding-CFB (26),D31,621247.703391293,4844434.8688878
1286,5403464,1057630,6/20/2008 4:00:00 AM,1030,SEELEY DR,SHEPPARD AVE W,,Major Arterial,North York,43.743045,-79.49419,At Intersection,No Control,Clear,Daylight,Dry,Non-Fatal Injury,Pedestrian Collisions,Pedestrian,20 to 24,Major,,West,Other,,,,Vehicle turns left while ped crosses with ROW at inter.,Crossing with right of way,Normal,,,,Yes,,Yes,,,,,,,Yes,,,,155,Downsview,26,Downsview-Roding-CFB (26),D31,621247.703391293,4844434.8688878
1287,5382062,1048242,6/23/2008 4:00:00 AM,950,SPADINA Aven,HARBORD Stre,,Major Arterial,Toronto and East York,43.663045,-79.40209,At Intersection,Traffic Signal,Clear,Daylight,Dry,Non-Fatal Injury,Pedestrian Collisions,Pedestrian,20 to 24,Major,,East,Other,,,,Pedestrian involved in a collision with transit vehicle anywhere along roadway,Crossing without right of way,Inattentive,,,,Yes,,,,,Yes,,,,,,,,79,University,79,University (79),D52,628834.905929695,4835688.66290463
1288,5382063,1048242,6/23/2008 4:00:00 AM,950,SPADINA Aven,HARBORD Stre,,Major Arterial,Toronto and East York,43.663045,-79.40209,At Intersection,Traffic Signal,Clear,Daylight,Dry,Non-Fatal Injury,Pedestrian Collisions,Vehicle Owner,unknown,,,,Other,,,,,,,,,,Yes,,,,,Yes,,,,,,,,79,University,79,University (79),D52,628834.905929695,4835688.66290463
1289,5382064,1048242,6/23/2008 4:00:00 AM,950,SPADINA Aven,HARBORD Stre,,Major Arterial,Toronto and East York,43.663045,-79.40209,At Intersection,Traffic Signal,Clear,Daylight,Dry,Non-Fatal Injury,Pedestrian Collisions,Driver,40 to 44,None,,North,Municipal Transit Bus (TTC),Going Ahead,Driving Properly,Normal,,,,,,,Yes,,,,,Yes,,,,,,,,79,University,79,University (79),D52,628834.905929695,4835688.66290463
1290,5374244,1044815,6/24/2008 4:00:00 AM,2226,WILSON AVE,JETHRO RD,,Major Arterial,Etobicoke York,43.718745,-79.51839,At Intersection,Traffic Signal,Clear,Dark,Dry,Fatal,Pedestrian Collisions,Vehicle Owner,unknown,,,,Other,,,,,,,,,,Yes,,Yes,,,,,,,Yes,,,,154,Oakdale-Beverley Heights,26,Downsview-Roding-CFB (26),D31,619347.360695928,4841700.87549441
1291,5374245,1044815,6/24/2008 4:00:00 AM,2226,WILSON AVE,JETHRO RD,,Major Arterial,Etobicoke York,43.718745,-79.51839,At Intersection,Traffic Signal,Clear,Dark,Dry,Fatal,Pedestrian Collisions,Driver,25 to 29,None,,East,"Automobile, Station Wagon",Going Ahead,Driving Properly,Normal,,,,,,,Yes,,Yes,,,,,,,Yes,,,,154,Oakdale-Beverley Heights,26,Downsview-Roding-CFB (26),D31,619347.360695928,4841700.87549441
1292,5374246,1044815,6/24/2008 4:00:00 AM,2226,WILSON AVE,JETHRO RD,,Major Arterial,Etobicoke York,43.718745,-79.51839,At Intersection,Traffic Signal,Clear,Dark,Dry,Fatal,Pedestrian Collisions,Pedestrian,75 to 79,Fatal,27,North,Other,,,,Vehicle is going straight thru inter.while ped cross without ROW,Crossing without right of way,Unknown,,,,Yes,,Yes,,,,,,,Yes,,,,154,Oakdale-Beverley Heights,26,Downsview-Roding-CFB (26),D31,619347.360695928,4841700.87549441
1293,5382892,1048611,6/25/2008 4:00:00 AM,730,MORNINGSIDE AVE,KINGSTON RD,,Major Arterial,Scarborough,43.770645,-79.18689,At Intersection,Traffic Signal,Clear,Daylight,Dry,Non-Fatal Injury,Pedestrian Collisions,Vehicle Owner,unknown,,,,Other,,,,,,,,,,Yes,,Yes,,,,,,,,,,,136,West Hill,136,West Hill (136),D43,645924.646784832,4847995.93659874
1294,5382893,1048611,6/25/2008 4:00:00 AM,730,MORNINGSIDE AVE,KINGSTON RD,,Major Arterial,Scarborough,43.770645,-79.18689,At Intersection,Traffic Signal,Clear,Daylight,Dry,Non-Fatal Injury,Pedestrian Collisions,Driver,40 to 44,None,,North,"Automobile, Station Wagon",Turning Left,Improper Turn,Normal,,,,,,,Yes,,Yes,,,,,,,,,,,136,West Hill,136,West Hill (136),D43,645924.646784832,4847995.93659874
1295,5382894,1048611,6/25/2008 4:00:00 AM,730,MORNINGSIDE AVE,KINGSTON RD,,Major Arterial,Scarborough,43.770645,-79.18689,At Intersection,Traffic Signal,Clear,Daylight,Dry,Non-Fatal Injury,Pedestrian Collisions,Pedestrian,50 to 54,Major,,,Other,Unknown,,,Vehicle turns left while ped crosses with ROW at inter.,Crossing with right of way,Normal,,,,Yes,,Yes,,,,,,,,,,,136,West Hill,136,West Hill (136),D43,645924.646784832,4847995.93659874
1296,5374978,1045157,6/26/2008 4:00:00 AM,815,VICTORIA PARK AVE,PEARD RD,,Major Arterial,Toronto and East York,43.710645,-79.29679,At Intersection,No Control,Clear,Daylight,Dry,Non-Fatal Injury,Pedestrian Collisions,Driver,15 to 19,None,,North,"Automobile, Station Wagon",Going Ahead,Failed to Yield Right of Way,Normal,,,,,,,Yes,,Yes,,,,,,,Yes,,,,54,O'Connor-Parkview,54,O'Connor-Parkview (54),D55,637216.459342014,4841144.21874968
1297,5374979,1045157,6/26/2008 4:00:00 AM,815,VICTORIA PARK AVE,PEARD RD,,Major Arterial,Toronto and East York,43.710645,-79.29679,At Intersection,No Control,Clear,Daylight,Dry,Non-Fatal Injury,Pedestrian Collisions,Pedestrian,20 to 24,Minor,,,Other,Unknown,,,Pedestrian hit on sidewalk or shoulder,On Sidewalk or Shoulder,Normal,,,,Yes,,Yes,,,,,,,Yes,,,,54,O'Connor-Parkview,54,O'Connor-Parkview (54),D55,637216.459342014,4841144.21874968
1298,5374980,1045157,6/26/2008 4:00:00 AM,815,VICTORIA PARK AVE,PEARD RD,,Major Arterial,Toronto and East York,43.710645,-79.29679,At Intersection,No Control,Clear,Daylight,Dry,Non-Fatal Injury,Pedestrian Collisions,Pedestrian,85 to 89,Major,,,Other,Unknown,,,Pedestrian hit on sidewalk or shoulder,On Sidewalk or Shoulder,Normal,,,,Yes,,Yes,,,,,,,Yes,,,,54,O'Connor-Parkview,54,O'Connor-Parkview (54),D55,637216.459342014,4841144.21874968
1299,5383481,1048845,6/28/2008 4:00:00 AM,1601,COLLEGE ST,SPADINA AVE,,Major Arterial,Toronto and East York,43.658045,-79.39949,,No Control,Clear,Daylight,Dry,Non-Fatal Injury,Pedestrian Collisions,Vehicle Owner,unknown,,,,Other,,,,,,,,,,Yes,,Yes,,,,,,,,,,,79,University,79,University (79),D52,629055.250856017,4835137.38743153
1300,5383482,1048845,6/28/2008 4:00:00 AM,1601,COLLEGE ST,SPADINA AVE,,Major Arterial,Toronto and East York,43.658045,-79.39949,,No Control,Clear,Daylight,Dry,Non-Fatal Injury,Pedestrian Collisions,Driver,35 to 39,None,,West,"Automobile, Station Wagon",Going Ahead,Driving Properly,Normal,,,,,,,Yes,,Yes,,,,,,,,,,,79,University,79,University (79),D52,629055.250856017,4835137.38743153
1301,5383483,1048845,6/28/2008 4:00:00 AM,1601,COLLEGE ST,SPADINA AVE,,Major Arterial,Toronto and East York,43.658045,-79.39949,,No Control,Clear,Daylight,Dry,Non-Fatal Injury,Pedestrian Collisions,Pedestrian,25 to 29,Major,,Unknown,Other,,,,Other / Undefined,Other,Medical or Physical Disability,,,,Yes,,Yes,,,,,,,,,,,79,University,79,University (79),D52,629055.250856017,4835137.38743153
1302,5376138,1045692,6/30/2008 4:00:00 AM,1733,YORK MILLS RD,FENN AVE,,Major Arterial,North York,43.747045,-79.38899,At Intersection,Traffic Signal,Clear,Daylight,Dry,Non-Fatal Injury,Pedestrian Collisions,Vehicle Owner,unknown,,,,Other,,,,,,,,,,Yes,,Yes,,,,,,,Yes,Yes,,,40,St.Andrew-Windfields,40,St.Andrew-Windfields (40),D32,629709.836751287,4845038.47170016
1303,5376139,1045692,6/30/2008 4:00:00 AM,1733,YORK MILLS RD,FENN AVE,,Major Arterial,North York,43.747045,-79.38899,At Intersection,Traffic Signal,Clear,Daylight,Dry,Non-Fatal Injury,Pedestrian Collisions,Driver,25 to 29,None,,East,"Automobile, Station Wagon",Going Ahead,Disobeyed Traffic Control,Normal,,,,,,,Yes,,Yes,,,,,,,Yes,Yes,,,40,St.Andrew-Windfields,40,St.Andrew-Windfields (40),D32,629709.836751287,4845038.47170016
1304,5376140,1045692,6/30/2008 4:00:00 AM,1733,YORK MILLS RD,FENN AVE,,Major Arterial,North York,43.747045,-79.38899,At Intersection,Traffic Signal,Clear,Daylight,Dry,Non-Fatal Injury,Pedestrian Collisions,Pedestrian,5 to 9,None,,,Other,,,,Vehicle is going straight thru inter.while ped cross with ROW,Crossing with right of way,Normal,,,,Yes,,Yes,,,,,,,Yes,Yes,,,40,St.Andrew-Windfields,40,St.Andrew-Windfields (40),D32,629709.836751287,4845038.47170016