OBJECTID,INDEX,ACCNUM,DATE,TIME,STREET1,STREET2,OFFSET,ROAD_CLASS,DISTRICT,LATITUDE,LONGITUDE,ACCLOC,TRAFFCTL,VISIBILITY,LIGHT,RDSFCOND,ACCLASS,IMPACTYPE,INVTYPE,INVAGE,INJURY,FATAL_NO,INITDIR,VEHTYPE,MANOEUVER,DRIVACT,DRIVCOND,PEDTYPE,PEDACT,PEDCOND,CYCLISTYPE,CYCACT,CYCCOND,PEDESTRIAN,CYCLIST,AUTOMOBILE,MOTORCYCLE,TRUCK,TRSN_CITY_VEH,EMERG_VEH,PASSENGER,SPEEDING,AG_DRIV,REDLIGHT,ALCOHOL,DISABILITY,HOOD_158,NEIGHBOURHOOD_158,HOOD_140,NEIGHBOURHOOD_140,DIVISION,x,y
2183,6111002,1154795,2/27/2010 5:00:00 AM,2320,THE QUEENSWAY,HIGH ST,,Major Arterial,Etobicoke York,43.630845,-79.48209,,Traffic Signal,Clear,Dark,Dry,Non-Fatal Injury,Pedestrian Collisions,Pedestrian,50 to 54,Major,,South,Other,,,,Vehicle is going straight thru inter.while ped cross without ROW,Crossing without right of way,Inattentive,,,,Yes,,Yes,,,,,,,,,,,16,Stonegate-Queensway,16,Stonegate-Queensway (16),D22,622450.083684694,4831991.32174461
2184,6111003,1154795,2/27/2010 5:00:00 AM,2320,THE QUEENSWAY,HIGH ST,,Major Arterial,Etobicoke York,43.630845,-79.48209,,Traffic Signal,Clear,Dark,Dry,Non-Fatal Injury,Pedestrian Collisions,Driver,20 to 24,None,,East,"Automobile, Station Wagon",Going Ahead,Driving Properly,Normal,,,,,,,Yes,,Yes,,,,,,,,,,,16,Stonegate-Queensway,16,Stonegate-Queensway (16),D22,622450.083684694,4831991.32174461
2185,6112329,1155407,3/2/2010 5:00:00 AM,1605,HORNER AVE,EDILOU DR,,Minor Arterial,Etobicoke York,43.604745,-79.53139,,No Control,Clear,Daylight,Dry,Fatal,Pedestrian Collisions,Vehicle Owner,unknown,,,,Other,,,,,,,,,,Yes,,,,Yes,,,,,,,,,20,Alderwood,20,Alderwood (20),D22,618524.276355037,4829021.06300635
2186,6112330,1155407,3/2/2010 5:00:00 AM,1605,HORNER AVE,EDILOU DR,,Minor Arterial,Etobicoke York,43.604745,-79.53139,,No Control,Clear,Daylight,Dry,Fatal,Pedestrian Collisions,Truck Driver,45 to 49,None,,West,Truck - Open,Going Ahead,Driving Properly,Normal,,,,,,,Yes,,,,Yes,,,,,,,,,20,Alderwood,20,Alderwood (20),D22,618524.276355037,4829021.06300635
2187,6112331,1155407,3/2/2010 5:00:00 AM,1605,HORNER AVE,EDILOU DR,,Minor Arterial,Etobicoke York,43.604745,-79.53139,,No Control,Clear,Daylight,Dry,Fatal,Pedestrian Collisions,Pedestrian,55 to 59,Fatal,13,South,Other,,,,Pedestrian hit at mid-block,"Crossing, no Traffic Control",Unknown,,,,Yes,,,,Yes,,,,,,,,,20,Alderwood,20,Alderwood (20),D22,618524.276355037,4829021.06300635
2188,6126140,1161474,3/5/2010 5:00:00 AM,2210,DUFFERIN Stre,EGLINTON Aven W,,Major Arterial,North York,43.695645,-79.45029,,No Control,Clear,Dark,Dry,Non-Fatal Injury,Pedestrian Collisions,Driver,20 to 24,None,,South,"Automobile, Station Wagon",Going Ahead,Driving Properly,Normal,,,,,,,Yes,,Yes,,,,,,,,,,,109,Caledonia-Fairbank,109,Caledonia-Fairbank (109),D13,624880.991446783,4839235.61225
2189,6126141,1161474,3/5/2010 5:00:00 AM,2210,DUFFERIN Stre,EGLINTON Aven W,,Major Arterial,North York,43.695645,-79.45029,,No Control,Clear,Dark,Dry,Non-Fatal Injury,Pedestrian Collisions,Pedestrian,45 to 49,Major,,East,Other,,,,Vehicle is going straight thru inter.while ped cross without ROW,Running onto Roadway,"Ability Impaired, Alcohol",,,,Yes,,Yes,,,,,,,,,,,109,Caledonia-Fairbank,109,Caledonia-Fairbank (109),D13,624880.991446783,4839235.61225
2190,6126443,1161585,3/8/2010 5:00:00 AM,733,MILNER Aven,MCCOWAN Road,,Major Arterial,Scarborough,43.785345,-79.25649,At Intersection,Traffic Signal,Clear,Daylight,Dry,Non-Fatal Injury,Pedestrian Collisions,Driver,55 to 59,None,,South,"Automobile, Station Wagon",Turning Left,Failed to Yield Right of Way,Normal,,,,,,,Yes,,Yes,,,,,,,Yes,,,,128,Agincourt South-Malvern West,128,Agincourt South-Malvern West (128),D42,640288.574893996,4849508.29114274
2191,6126444,1161585,3/8/2010 5:00:00 AM,733,MILNER Aven,MCCOWAN Road,,Major Arterial,Scarborough,43.785345,-79.25649,At Intersection,Traffic Signal,Clear,Daylight,Dry,Non-Fatal Injury,Pedestrian Collisions,Pedestrian,55 to 59,Major,,North,Other,,,,Vehicle turns left while ped crosses with ROW at inter.,Crossing with right of way,Normal,,,,Yes,,Yes,,,,,,,Yes,,,,128,Agincourt South-Malvern West,128,Agincourt South-Malvern West (128),D42,640288.574893996,4849508.29114274
2192,6114623,1156458,3/8/2010 5:00:00 AM,1353,YONGE ST,MAITLAND ST,,Major Arterial,Toronto and East York,43.663845,-79.38419,,No Control,Clear,Daylight,Dry,Non-Fatal Injury,Pedestrian Collisions,Vehicle Owner,unknown,,,,Other,,,,,,,,,,Yes,,Yes,,,,,,,Yes,,,,169,Bay-Cloverhill,76,Bay Street Corridor (76),D52,630276.416186461,4835805.46596936
2193,6114624,1156458,3/8/2010 5:00:00 AM,1353,YONGE ST,MAITLAND ST,,Major Arterial,Toronto and East York,43.663845,-79.38419,,No Control,Clear,Daylight,Dry,Non-Fatal Injury,Pedestrian Collisions,Driver,45 to 49,Minor,,West,"Automobile, Station Wagon",Turning Left,Failed to Yield Right of Way,Inattentive,,,,,,,Yes,,Yes,,,,,,,Yes,,,,169,Bay-Cloverhill,76,Bay Street Corridor (76),D52,630276.416186461,4835805.46596936
2194,6114625,1156458,3/8/2010 5:00:00 AM,1353,YONGE ST,MAITLAND ST,,Major Arterial,Toronto and East York,43.663845,-79.38419,,No Control,Clear,Daylight,Dry,Non-Fatal Injury,Pedestrian Collisions,Pedestrian,75 to 79,Major,,East,Other,,,,Vehicle turns left while ped crosses with ROW at inter.,Crossing with right of way,Normal,,,,Yes,,Yes,,,,,,,Yes,,,,169,Bay-Cloverhill,76,Bay Street Corridor (76),D52,630276.416186461,4835805.46596936
2195,6114626,1156458,3/8/2010 5:00:00 AM,1353,YONGE ST,MAITLAND ST,,Major Arterial,Toronto and East York,43.663845,-79.38419,,No Control,Clear,Daylight,Dry,Non-Fatal Injury,Pedestrian Collisions,Pedestrian,75 to 79,Major,,East,Other,,,,Vehicle turns left while ped crosses with ROW at inter.,Crossing with right of way,Normal,,,,Yes,,Yes,,,,,,,Yes,,,,169,Bay-Cloverhill,76,Bay Street Corridor (76),D52,630276.416186461,4835805.46596936
2196,6127437,1161998,3/12/2010 5:00:00 AM,1937,MARKHAM Rd,BRIMORTON Dr,,Major Arterial,Scarborough,43.773445,-79.23069,At Intersection,Traffic Signal,Rain,Dark,Wet,Non-Fatal Injury,Pedestrian Collisions,Driver,50 to 54,None,,South,"Automobile, Station Wagon",Turning Left,Failed to Yield Right of Way,Normal,,,,,,,Yes,,Yes,,,,,,,Yes,,,,142,Woburn North,137,Woburn (137),D43,642392.799936169,4848230.65760082
2197,6127438,1161998,3/12/2010 5:00:00 AM,1937,MARKHAM Rd,BRIMORTON Dr,,Major Arterial,Scarborough,43.773445,-79.23069,At Intersection,Traffic Signal,Rain,Dark,Wet,Non-Fatal Injury,Pedestrian Collisions,Pedestrian,25 to 29,Major,,South,Other,,,,Vehicle turns left while ped crosses with ROW at inter.,Crossing with right of way,Normal,,,,Yes,,Yes,,,,,,,Yes,,,,142,Woburn North,137,Woburn (137),D43,642392.799936169,4848230.65760082
2198,6128804,1162587,3/16/2010 4:00:00 AM,838,FINCH Aven E,BRIDLETOWNE Circ,,Major Arterial,Scarborough,43.797445,-79.31229,At Intersection,Traffic Signal,Clear,Daylight,Dry,Non-Fatal Injury,Pedestrian Collisions,Driver,50 to 54,Minimal,,South,"Automobile, Station Wagon",Turning Left,Failed to Yield Right of Way,Normal,,,,,,,Yes,,Yes,,,,,,,Yes,,,,148,East L'Amoreaux,117,L'Amoreaux (117),D42,635771.271423459,4850759.1318726
2199,6128805,1162587,3/16/2010 4:00:00 AM,838,FINCH Aven E,BRIDLETOWNE Circ,,Major Arterial,Scarborough,43.797445,-79.31229,At Intersection,Traffic Signal,Clear,Daylight,Dry,Non-Fatal Injury,Pedestrian Collisions,Pedestrian,50 to 54,Major,,North,Other,,,,Vehicle turns left while ped crosses with ROW at inter.,Crossing with right of way,Normal,,,,Yes,,Yes,,,,,,,Yes,,,,148,East L'Amoreaux,117,L'Amoreaux (117),D42,635771.271423459,4850759.1318726
2200,6118127,1158000,3/17/2010 4:00:00 AM,955,FAYWOOD Boul,BAINBRIDGE Aven,,Collector,North York,43.748045,-79.44969,,Pedestrian Crossover,Clear,Daylight,Dry,Non-Fatal Injury,Pedestrian Collisions,Vehicle Owner,unknown,,,,Other,,,,,,,,,,Yes,,Yes,,,,,,,Yes,,,,33,Clanton Park,33,Clanton Park (33),D32,624820.477845565,4845056.28177966
2201,6118128,1158000,3/17/2010 4:00:00 AM,955,FAYWOOD Boul,BAINBRIDGE Aven,,Collector,North York,43.748045,-79.44969,,Pedestrian Crossover,Clear,Daylight,Dry,Non-Fatal Injury,Pedestrian Collisions,Driver,55 to 59,None,,North,"Automobile, Station Wagon",Going Ahead,Failed to Yield Right of Way,Inattentive,,,,,,,Yes,,Yes,,,,,,,Yes,,,,33,Clanton Park,33,Clanton Park (33),D32,624820.477845565,4845056.28177966
2202,6118129,1158000,3/17/2010 4:00:00 AM,955,FAYWOOD Boul,BAINBRIDGE Aven,,Collector,North York,43.748045,-79.44969,,Pedestrian Crossover,Clear,Daylight,Dry,Non-Fatal Injury,Pedestrian Collisions,Pedestrian,80 to 84,Major,,East,Other,,,,Pedestrian hit a PXO/ped. Mid-block signal,"Crossing, Pedestrian Crossover",Normal,,,,Yes,,Yes,,,,,,,Yes,,,,33,Clanton Park,33,Clanton Park (33),D32,624820.477845565,4845056.28177966
2203,6118897,1158315,3/19/2010 4:00:00 AM,400,DON VALLEY PARKWAY  N,LEASIDE BDGE,,Major Arterial,Toronto and East York,43.697845,-79.34939,,No Control,Clear,Dark,Dry,Non-Fatal Injury,Pedestrian Collisions,Passenger,10 to 14,None,,,Other,,,,,,,,,,Yes,,Yes,,,,,Yes,,,,,,58,Old East York,58,Old East York (58),D55,633007.081224534,4839636.86830684
2204,6118898,1158315,3/19/2010 4:00:00 AM,400,DON VALLEY PARKWAY  N,LEASIDE BDGE,,Major Arterial,Toronto and East York,43.697845,-79.34939,,No Control,Clear,Dark,Dry,Non-Fatal Injury,Pedestrian Collisions,Passenger,25 to 29,None,,,Other,,,,,,,,,,Yes,,Yes,,,,,Yes,,,,,,58,Old East York,58,Old East York (58),D55,633007.081224534,4839636.86830684
2205,6118899,1158315,3/19/2010 4:00:00 AM,400,DON VALLEY PARKWAY  N,LEASIDE BDGE,,Major Arterial,Toronto and East York,43.697845,-79.34939,,No Control,Clear,Dark,Dry,Non-Fatal Injury,Pedestrian Collisions,Driver,25 to 29,None,,North,"Automobile, Station Wagon",Going Ahead,Driving Properly,Normal,,,,,,,Yes,,Yes,,,,,Yes,,,,,,58,Old East York,58,Old East York (58),D55,633007.081224534,4839636.86830684
2206,6118900,1158315,3/19/2010 4:00:00 AM,400,DON VALLEY PARKWAY  N,LEASIDE BDGE,,Major Arterial,Toronto and East York,43.697845,-79.34939,,No Control,Clear,Dark,Dry,Non-Fatal Injury,Pedestrian Collisions,Pedestrian,30 to 34,Major,,Unknown,Other,,,,Other / Undefined,Other,Other,,,,Yes,,Yes,,,,,Yes,,,,,,58,Old East York,58,Old East York (58),D55,633007.081224534,4839636.86830684
2207,6278874,1158316,3/19/2010 4:00:00 AM,402,DON VALLEY PARKWAY  N,LEASIDE BDGE,,Major Arterial,Toronto and East York,43.698045,-79.34969,,No Control,Clear,Dark,Dry,Non-Fatal Injury,Pedestrian Collisions,Passenger,40 to 44,None,,,Other,,,,,,,,,,Yes,,Yes,,,,,Yes,,,,,,58,Old East York,58,Old East York (58),D55,632982.464661898,4839658.59989489
2208,6278875,1158316,3/19/2010 4:00:00 AM,402,DON VALLEY PARKWAY  N,LEASIDE BDGE,,Major Arterial,Toronto and East York,43.698045,-79.34969,,No Control,Clear,Dark,Dry,Non-Fatal Injury,Pedestrian Collisions,Vehicle Owner,unknown,,,,Other,,,,,,,,,,Yes,,Yes,,,,,Yes,,,,,,58,Old East York,58,Old East York (58),D55,632982.464661898,4839658.59989489
2209,6278876,1158316,3/19/2010 4:00:00 AM,402,DON VALLEY PARKWAY  N,LEASIDE BDGE,,Major Arterial,Toronto and East York,43.698045,-79.34969,,No Control,Clear,Dark,Dry,Non-Fatal Injury,Pedestrian Collisions,Driver,25 to 29,None,,North,"Automobile, Station Wagon",Going Ahead,Driving Properly,Normal,,,,,,,Yes,,Yes,,,,,Yes,,,,,,58,Old East York,58,Old East York (58),D55,632982.464661898,4839658.59989489
2210,6278877,1158316,3/19/2010 4:00:00 AM,402,DON VALLEY PARKWAY  N,LEASIDE BDGE,,Major Arterial,Toronto and East York,43.698045,-79.34969,,No Control,Clear,Dark,Dry,Non-Fatal Injury,Pedestrian Collisions,Pedestrian,30 to 34,Major,,Unknown,Other,,,,Pedestrian hit at mid-block,Other,Other,,,,Yes,,Yes,,,,,Yes,,,,,,58,Old East York,58,Old East York (58),D55,632982.464661898,4839658.59989489
2211,6130686,1163442,3/21/2010 4:00:00 AM,845,ROYAL YORK Road,NEWCASTLE Stre,,Minor Arterial,Etobicoke York,43.617445,-79.49889,At Intersection,Traffic Signal,Clear,Daylight,Dry,Non-Fatal Injury,Pedestrian Collisions,Driver,75 to 79,None,,North,"Automobile, Station Wagon",Going Ahead,Failed to Yield Right of Way,Normal,,,,,,,Yes,,Yes,,,,,,,Yes,,,,160,Mimico-Queensway,17,Mimico (includes Humber Bay Shores) (17),D22,621121.719304722,4830478.44333168
2212,6130687,1163442,3/21/2010 4:00:00 AM,845,ROYAL YORK Road,NEWCASTLE Stre,,Minor Arterial,Etobicoke York,43.617445,-79.49889,At Intersection,Traffic Signal,Clear,Daylight,Dry,Non-Fatal Injury,Pedestrian Collisions,Pedestrian,85 to 89,Major,,East,Other,,,,Vehicle is going straight thru inter.while ped cross with ROW,Crossing with right of way,Normal,,,,Yes,,Yes,,,,,,,Yes,,,,160,Mimico-Queensway,17,Mimico (includes Humber Bay Shores) (17),D22,621121.719304722,4830478.44333168
2213,6130851,1163512,3/22/2010 4:00:00 AM,2000,CARLINGVIEW Driv,DIXON Road,,Major Arterial,Etobicoke York,43.686745,-79.59559,At Intersection,Traffic Signal,Rain,Dark,Wet,Non-Fatal Injury,Pedestrian Collisions,Driver,45 to 49,None,,North,"Automobile, Station Wagon",Going Ahead,Driving Properly,Normal,,,,,,,Yes,,Yes,,,,,,,,,,,1,West Humber-Clairville,1,West Humber-Clairville (1),D23,613188.866885013,4838038.5764662
2214,6130852,1163512,3/22/2010 4:00:00 AM,2000,CARLINGVIEW Driv,DIXON Road,,Major Arterial,Etobicoke York,43.686745,-79.59559,At Intersection,Traffic Signal,Rain,Dark,Wet,Non-Fatal Injury,Pedestrian Collisions,Pedestrian,35 to 39,Major,,West,Other,,,,Vehicle is going straight thru inter.while ped cross without ROW,Crossing without right of way,Unknown,,,,Yes,,Yes,,,,,,,,,,,1,West Humber-Clairville,1,West Humber-Clairville (1),D23,613188.866885013,4838038.5764662
2215,6130853,1163512,3/22/2010 4:00:00 AM,2000,CARLINGVIEW Driv,DIXON Road,,Major Arterial,Etobicoke York,43.686745,-79.59559,At Intersection,Traffic Signal,Rain,Dark,Wet,Non-Fatal Injury,Pedestrian Collisions,Pedestrian,35 to 39,Major,,West,Other,,,,Vehicle is going straight thru inter.while ped cross without ROW,Crossing without right of way,Unknown,,,,Yes,,Yes,,,,,,,,,,,1,West Humber-Clairville,1,West Humber-Clairville (1),D23,613188.866885013,4838038.5764662
2216,6130931,1163538,3/23/2010 4:00:00 AM,2000,RICHVIEW Road,SCARLETT Road,,Major Arterial,Etobicoke York,43.685545,-79.51249,At Intersection,Stop Sign,Rain,Dark,Wet,Non-Fatal Injury,Pedestrian Collisions,Driver,unknown,None,,North,"Automobile, Station Wagon",Turning Left,Improper Turn,Unknown,,,,,,,Yes,,Yes,,,,,,,,,,,8,Humber Heights-Westmount,8,Humber Heights-Westmount (8),D23,619888.779609628,4838022.07241552
2217,6130932,1163538,3/23/2010 4:00:00 AM,2000,RICHVIEW Road,SCARLETT Road,,Major Arterial,Etobicoke York,43.685545,-79.51249,At Intersection,Stop Sign,Rain,Dark,Wet,Non-Fatal Injury,Pedestrian Collisions,Pedestrian,45 to 49,Major,,North,Other,,,,Vehicle turns left while ped crosses with ROW at inter.,Crossing with right of way,Normal,,,,Yes,,Yes,,,,,,,,,,,8,Humber Heights-Westmount,8,Humber Heights-Westmount (8),D23,619888.779609628,4838022.07241552
2218,6120127,1158874,3/24/2010 4:00:00 AM,42,GERRARD ST E,DON VALLEY PARKWAY Stre S,,Minor Arterial,Toronto and East York,43.664645,-79.35589,,No Control,Clear,Dark,Dry,Non-Fatal Injury,Pedestrian Collisions,Vehicle Owner,unknown,,,,Other,,,,,,,,,,Yes,,Yes,,,Yes,,,,Yes,,,,68,North Riverdale,68,North Riverdale (68),D55,632556.3979269,4835939.1453394
2219,6120128,1158874,3/24/2010 4:00:00 AM,42,GERRARD ST E,DON VALLEY PARKWAY Stre S,,Minor Arterial,Toronto and East York,43.664645,-79.35589,,No Control,Clear,Dark,Dry,Non-Fatal Injury,Pedestrian Collisions,Pedestrian,40 to 44,Major,,Unknown,Other,,,,Pedestrian involved in a collision with transit vehicle anywhere along roadway,Playing or Working on Highway,Normal,,,,Yes,,Yes,,,Yes,,,,Yes,,,,68,North Riverdale,68,North Riverdale (68),D55,632556.3979269,4835939.1453394
2220,6120129,1158874,3/24/2010 4:00:00 AM,42,GERRARD ST E,DON VALLEY PARKWAY Stre S,,Minor Arterial,Toronto and East York,43.664645,-79.35589,,No Control,Clear,Dark,Dry,Non-Fatal Injury,Pedestrian Collisions,Driver,55 to 59,Major,,West,"Automobile, Station Wagon",Stopped,Driving Properly,Normal,,,,,,,Yes,,Yes,,,Yes,,,,Yes,,,,68,North Riverdale,68,North Riverdale (68),D55,632556.3979269,4835939.1453394
2221,6120130,1158874,3/24/2010 4:00:00 AM,42,GERRARD ST E,DON VALLEY PARKWAY Stre S,,Minor Arterial,Toronto and East York,43.664645,-79.35589,,No Control,Clear,Dark,Dry,Non-Fatal Injury,Pedestrian Collisions,Vehicle Owner,unknown,,,,Other,,,,,,,,,,Yes,,Yes,,,Yes,,,,Yes,,,,68,North Riverdale,68,North Riverdale (68),D55,632556.3979269,4835939.1453394
2222,6120131,1158874,3/24/2010 4:00:00 AM,42,GERRARD ST E,DON VALLEY PARKWAY Stre S,,Minor Arterial,Toronto and East York,43.664645,-79.35589,,No Control,Clear,Dark,Dry,Non-Fatal Injury,Pedestrian Collisions,Driver,55 to 59,None,,West,"Automobile, Station Wagon",Stopped,Driving Properly,Normal,,,,,,,Yes,,Yes,,,Yes,,,,Yes,,,,68,North Riverdale,68,North Riverdale (68),D55,632556.3979269,4835939.1453394
2223,6120132,1158874,3/24/2010 4:00:00 AM,42,GERRARD ST E,DON VALLEY PARKWAY Stre S,,Minor Arterial,Toronto and East York,43.664645,-79.35589,,No Control,Clear,Dark,Dry,Non-Fatal Injury,Pedestrian Collisions,Vehicle Owner,unknown,,,,"Automobile, Station Wagon",,,,,,,,,,Yes,,Yes,,,Yes,,,,Yes,,,,68,North Riverdale,68,North Riverdale (68),D55,632556.3979269,4835939.1453394
2224,6120133,1158874,3/24/2010 4:00:00 AM,42,GERRARD ST E,DON VALLEY PARKWAY Stre S,,Minor Arterial,Toronto and East York,43.664645,-79.35589,,No Control,Clear,Dark,Dry,Non-Fatal Injury,Pedestrian Collisions,Driver,60 to 64,None,,West,Municipal Transit Bus (TTC),Going Ahead,Following too Close,Normal,,,,,,,Yes,,Yes,,,Yes,,,,Yes,,,,68,North Riverdale,68,North Riverdale (68),D55,632556.3979269,4835939.1453394
2225,6131722,1163874,3/27/2010 4:00:00 AM,2039,QUEEN Stre E,SACKVILLE Stre,,Major Arterial,Toronto and East York,43.656245,-79.36149,At Intersection,No Control,Clear,Dark,Dry,Non-Fatal Injury,Pedestrian Collisions,Driver,25 to 29,None,,West,"Automobile, Station Wagon",Going Ahead,Driving Properly,Normal,,,,,,,Yes,,Yes,,,,,,,,,,,73,Moss Park,73,Moss Park (73),D51,632123.316968872,4834997.28070142
2226,6131723,1163874,3/27/2010 4:00:00 AM,2039,QUEEN Stre E,SACKVILLE Stre,,Major Arterial,Toronto and East York,43.656245,-79.36149,At Intersection,No Control,Clear,Dark,Dry,Non-Fatal Injury,Pedestrian Collisions,Pedestrian,5 to 9,Major,,South,Other,,,,Vehicle is going straight thru inter.while ped cross without ROW,Running onto Roadway,Inattentive,,,,Yes,,Yes,,,,,,,,,,,73,Moss Park,73,Moss Park (73),D51,632123.316968872,4834997.28070142
2227,6125347,1161157,4/7/2010 4:00:00 AM,1545,DUNDAS St W,BLOOR St W,,Minor Arterial,Toronto and East York,43.655145,-79.45209,At Intersection,No Control,Rain,Daylight,Wet,Non-Fatal Injury,Pedestrian Collisions,Driver,40 to 44,None,,South,"Automobile, Station Wagon",Going Ahead,Driving Properly,Normal,,,,,,,Yes,,Yes,,,,,,,,,,,86,Roncesvalles,86,Roncesvalles (86),D11,624819.87886311,4834734.83576486
2228,6125348,1161157,4/7/2010 4:00:00 AM,1545,DUNDAS St W,BLOOR St W,,Minor Arterial,Toronto and East York,43.655145,-79.45209,At Intersection,No Control,Rain,Daylight,Wet,Non-Fatal Injury,Pedestrian Collisions,Pedestrian,70 to 74,Major,,East,Other,,,,Pedestrian hit at mid-block,"Crossing, no Traffic Control",Inattentive,,,,Yes,,Yes,,,,,,,,,,,86,Roncesvalles,86,Roncesvalles (86),D11,624819.87886311,4834734.83576486
2229,6134836,1165190,4/10/2010 4:00:00 AM,929,QUEEN Stre E,BEECH Aven,,Minor Arterial,Toronto and East York,43.672545,-79.28799,At Intersection,No Control,Clear,Daylight,Dry,Non-Fatal Injury,Pedestrian Collisions,Driver,60 to 64,None,,East,"Automobile, Station Wagon",Reversing,Driving Properly,Normal,,,,,,,Yes,,Yes,,,,,,,,,,,63,The Beaches,63,The Beaches (63),D55,638012.793235079,4836927.28163947
2230,6134837,1165190,4/10/2010 4:00:00 AM,929,QUEEN Stre E,BEECH Aven,,Minor Arterial,Toronto and East York,43.672545,-79.28799,At Intersection,No Control,Clear,Daylight,Dry,Non-Fatal Injury,Pedestrian Collisions,Pedestrian,30 to 34,Major,,South,Other,,,,Vehicle is reversing and hits pedestrian,"Crossing, no Traffic Control",Inattentive,,,,Yes,,Yes,,,,,,,,,,,63,The Beaches,63,The Beaches (63),D55,638012.793235079,4836927.28163947
2231,6134830,1165188,4/10/2010 4:00:00 AM,1635,DUNDAS St W,YONGE St,,Major Arterial,Toronto and East York,43.656345,-79.38089,,Streetcar (Stop for),Clear,Daylight,Dry,Non-Fatal Injury,Pedestrian Collisions,Vehicle Owner,unknown,,,,Other,,,,,,,,,,Yes,,Yes,,,,,,,Yes,,,,168,Downtown Yonge East,75,Church-Yonge Corridor (75),D51,630558.740086573,4834977.67853403
2232,6134831,1165188,4/10/2010 4:00:00 AM,1635,DUNDAS St W,YONGE St,,Major Arterial,Toronto and East York,43.656345,-79.38089,,Streetcar (Stop for),Clear,Daylight,Dry,Non-Fatal Injury,Pedestrian Collisions,Driver,15 to 19,None,,East,"Automobile, Station Wagon",Going Ahead,Disobeyed Traffic Control,Unknown,,,,,,,Yes,,Yes,,,,,,,Yes,,,,168,Downtown Yonge East,75,Church-Yonge Corridor (75),D51,630558.740086573,4834977.67853403
2233,6134832,1165188,4/10/2010 4:00:00 AM,1635,DUNDAS St W,YONGE St,,Major Arterial,Toronto and East York,43.656345,-79.38089,,Streetcar (Stop for),Clear,Daylight,Dry,Non-Fatal Injury,Pedestrian Collisions,Pedestrian,20 to 24,Major,,North,Other,,,,Vehicle is going straight thru inter.while ped cross with ROW,Person Getting on/off Vehicle,Inattentive,,,,Yes,,Yes,,,,,,,Yes,,,,168,Downtown Yonge East,75,Church-Yonge Corridor (75),D51,630558.740086573,4834977.67853403
2234,6135295,1165384,4/12/2010 4:00:00 AM,1455,UNIVERSITY Aven,PEARL Stre,,Major Arterial,Toronto and East York,43.648545,-79.38539,,No Control,Clear,Daylight,Dry,Non-Fatal Injury,Pedestrian Collisions,Vehicle Owner,unknown,,,,Other,,,,,,,,,,Yes,,Yes,,,,,,,,,,,170,Yonge-Bay Corridor,76,Bay Street Corridor (76),D52,630212.729617415,4834104.31520617
2235,6135296,1165384,4/12/2010 4:00:00 AM,1455,UNIVERSITY Aven,PEARL Stre,,Major Arterial,Toronto and East York,43.648545,-79.38539,,No Control,Clear,Daylight,Dry,Non-Fatal Injury,Pedestrian Collisions,Driver,50 to 54,None,,South,"Automobile, Station Wagon",Changing Lanes,Improper Lane Change,Unknown,,,,,,,Yes,,Yes,,,,,,,,,,,170,Yonge-Bay Corridor,76,Bay Street Corridor (76),D52,630212.729617415,4834104.31520617
2236,6135297,1165384,4/12/2010 4:00:00 AM,1455,UNIVERSITY Aven,PEARL Stre,,Major Arterial,Toronto and East York,43.648545,-79.38539,,No Control,Clear,Daylight,Dry,Non-Fatal Injury,Pedestrian Collisions,Pedestrian,25 to 29,Major,,,Other,,,,Pedestrian hit at mid-block,Playing or Working on Highway,Normal,,,,Yes,,Yes,,,,,,,,,,,170,Yonge-Bay Corridor,76,Bay Street Corridor (76),D52,630212.729617415,4834104.31520617
2237,6129924,1163084,4/16/2010 4:00:00 AM,1643,LAKE SHORE BLVD W,BUDAPEST LANE,,Major Arterial,Toronto and East York,43.637045,-79.44769,,Traffic Signal,Clear,Daylight,Dry,Non-Fatal Injury,Pedestrian Collisions,Vehicle Owner,unknown,,,,Other,,,,,,,,,,Yes,,,,,Yes,,,,,,,,85,South Parkdale,85,South Parkdale (85),D11,625212.287843031,4832731.22598465
2238,6129925,1163084,4/16/2010 4:00:00 AM,1643,LAKE SHORE BLVD W,BUDAPEST LANE,,Major Arterial,Toronto and East York,43.637045,-79.44769,,Traffic Signal,Clear,Daylight,Dry,Non-Fatal Injury,Pedestrian Collisions,Driver,35 to 39,None,,East,Municipal Transit Bus (TTC),Going Ahead,Driving Properly,Normal,,,,,,,Yes,,,,,Yes,,,,,,,,85,South Parkdale,85,South Parkdale (85),D11,625212.287843031,4832731.22598465
2239,6129926,1163084,4/16/2010 4:00:00 AM,1643,LAKE SHORE BLVD W,BUDAPEST LANE,,Major Arterial,Toronto and East York,43.637045,-79.44769,,Traffic Signal,Clear,Daylight,Dry,Non-Fatal Injury,Pedestrian Collisions,Pedestrian,55 to 59,Major,,North,Other,,,,Pedestrian involved in a collision with transit vehicle anywhere along roadway,Running onto Roadway,Unknown,,,,Yes,,,,,Yes,,,,,,,,85,South Parkdale,85,South Parkdale (85),D11,625212.287843031,4832731.22598465
2240,6130116,1163175,4/18/2010 4:00:00 AM,1059,BATHURST ST,DANBY AVE,,Major Arterial,North York,43.749145,-79.43689,At Intersection,No Control,Clear,Daylight,Dry,Non-Fatal Injury,Pedestrian Collisions,Vehicle Owner,unknown,,,,Other,,,,,,,,,,Yes,,,,,Yes,,,,,,,,38,Lansing-Westgate,38,Lansing-Westgate (38),D32,625848.751000069,4845197.81980273
2241,6130117,1163175,4/18/2010 4:00:00 AM,1059,BATHURST ST,DANBY AVE,,Major Arterial,North York,43.749145,-79.43689,At Intersection,No Control,Clear,Daylight,Dry,Non-Fatal Injury,Pedestrian Collisions,Driver,35 to 39,None,,North,Municipal Transit Bus (TTC),Overtaking,Driving Properly,Normal,,,,,,,Yes,,,,,Yes,,,,,,,,38,Lansing-Westgate,38,Lansing-Westgate (38),D32,625848.751000069,4845197.81980273