OBJECTID,INDEX,ACCNUM,DATE,TIME,STREET1,STREET2,OFFSET,ROAD_CLASS,DISTRICT,LATITUDE,LONGITUDE,ACCLOC,TRAFFCTL,VISIBILITY,LIGHT,RDSFCOND,ACCLASS,IMPACTYPE,INVTYPE,INVAGE,INJURY,FATAL_NO,INITDIR,VEHTYPE,MANOEUVER,DRIVACT,DRIVCOND,PEDTYPE,PEDACT,PEDCOND,CYCLISTYPE,CYCACT,CYCCOND,PEDESTRIAN,CYCLIST,AUTOMOBILE,MOTORCYCLE,TRUCK,TRSN_CITY_VEH,EMERG_VEH,PASSENGER,SPEEDING,AG_DRIV,REDLIGHT,ALCOHOL,DISABILITY,HOOD_158,NEIGHBOURHOOD_158,HOOD_140,NEIGHBOURHOOD_140,DIVISION,x,y
2358,6165756,1178905,7/24/2010 4:00:00 AM,1329,WESTON RD,JANE ST,,Major Arterial,Etobicoke York,43.691245,-79.50089,,Traffic Signal,Rain,Daylight,Wet,Non-Fatal Injury,Pedestrian Collisions,Pedestrian,10 to 14,Major,,North,Other,,,,Pedestrian hit at mid-block,Running onto Roadway,Normal,,,,Yes,,Yes,,,,,,,,,,,115,Mount Dennis,115,Mount Dennis (115),D12,620812.268303876,4838671.96868149
2359,6170909,1181100,8/6/2010 4:00:00 AM,845,WARDEN AVE,BRIDLETOWNE CRCL,,Major Arterial,Scarborough,43.801445,-79.31869,At Intersection,Traffic Signal,Clear,Daylight,Dry,Non-Fatal Injury,Pedestrian Collisions,Vehicle Owner,unknown,,,,Other,,,,,,,,,,Yes,,,,Yes,,,,,,,,,148,East L'Amoreaux,117,L'Amoreaux (117),D42,635247.379345945,4851192.91600798
2360,6170910,1181100,8/6/2010 4:00:00 AM,845,WARDEN AVE,BRIDLETOWNE CRCL,,Major Arterial,Scarborough,43.801445,-79.31869,At Intersection,Traffic Signal,Clear,Daylight,Dry,Non-Fatal Injury,Pedestrian Collisions,Truck Driver,55 to 59,None,,North,Truck - Open,Going Ahead,Driving Properly,Normal,,,,,,,Yes,,,,Yes,,,,,,,,,148,East L'Amoreaux,117,L'Amoreaux (117),D42,635247.379345945,4851192.91600798
2361,6170911,1181100,8/6/2010 4:00:00 AM,845,WARDEN AVE,BRIDLETOWNE CRCL,,Major Arterial,Scarborough,43.801445,-79.31869,At Intersection,Traffic Signal,Clear,Daylight,Dry,Non-Fatal Injury,Pedestrian Collisions,Vehicle Owner,unknown,,,,Other,,,,,,,,,,Yes,,,,Yes,,,,,,,,,148,East L'Amoreaux,117,L'Amoreaux (117),D42,635247.379345945,4851192.91600798
2362,6170912,1181100,8/6/2010 4:00:00 AM,845,WARDEN AVE,BRIDLETOWNE CRCL,,Major Arterial,Scarborough,43.801445,-79.31869,At Intersection,Traffic Signal,Clear,Daylight,Dry,Non-Fatal Injury,Pedestrian Collisions,Pedestrian,25 to 29,Major,,West,Other,,,,Vehicle is going straight thru inter.while ped cross without ROW,Crossing without right of way,Inattentive,,,,Yes,,,,Yes,,,,,,,,,148,East L'Amoreaux,117,L'Amoreaux (117),D42,635247.379345945,4851192.91600798
2363,6189353,1188699,8/6/2010 4:00:00 AM,1230,LESLIE St,FARMSTEAD Rd,,Major Arterial,North York,43.754845,-79.36039,,No Control,Clear,Daylight,Dry,Non-Fatal Injury,Pedestrian Collisions,Driver,45 to 49,None,,North,"Automobile, Station Wagon",Going Ahead,Driving Properly,Normal,,,,,,,Yes,,Yes,,,,,,,,,,,40,St.Andrew-Windfields,40,St.Andrew-Windfields (40),D33,631995.429267721,4845949.95911815
2364,6189354,1188699,8/6/2010 4:00:00 AM,1230,LESLIE St,FARMSTEAD Rd,,Major Arterial,North York,43.754845,-79.36039,,No Control,Clear,Daylight,Dry,Non-Fatal Injury,Pedestrian Collisions,Pedestrian,20 to 24,Major,,West,Other,Unknown,,,Vehicle is going straight thru inter.while ped cross without ROW,"Crossing, no Traffic Control",Inattentive,,,,Yes,,Yes,,,,,,,,,,,40,St.Andrew-Windfields,40,St.Andrew-Windfields (40),D33,631995.429267721,4845949.95911815
2365,6170899,1181097,8/6/2010 4:00:00 AM,1931,RICHMOND ST W,SIMCOE ST,,Major Arterial,Toronto and East York,43.649845,-79.38709,At Intersection,No Control,Clear,Daylight,Dry,Non-Fatal Injury,Pedestrian Collisions,Motorcycle Driver,45 to 49,Major,,West,Motorcycle,Going Ahead,Driving Properly,Normal,,,,,,,Yes,,,Yes,,,,,,,,,,170,Yonge-Bay Corridor,76,Bay Street Corridor (76),D52,630072.822845634,4834246.0311728
2366,6170900,1181097,8/6/2010 4:00:00 AM,1931,RICHMOND ST W,SIMCOE ST,,Major Arterial,Toronto and East York,43.649845,-79.38709,At Intersection,No Control,Clear,Daylight,Dry,Non-Fatal Injury,Pedestrian Collisions,Pedestrian,35 to 39,Major,,South,Other,,,,Vehicle is going straight thru inter.while ped cross without ROW,"Crossing, no Traffic Control",Inattentive,,,,Yes,,,Yes,,,,,,,,,,170,Yonge-Bay Corridor,76,Bay Street Corridor (76),D52,630072.822845634,4834246.0311728
2367,6189791,1188873,8/7/2010 4:00:00 AM,1820,BLOOR ST E,CASTLE FRANK RD,,Major Arterial,Toronto and East York,43.674045,-79.36779,,No Control,Clear,Daylight,Dry,Non-Fatal Injury,Pedestrian Collisions,Pedestrian,20 to 24,Major,,Unknown,Other,,,,Other / Undefined,Other,"Ability Impaired, Alcohol",,,,Yes,Yes,,,,,,,,,,,,71,Cabbagetown-South St.James Town,71,Cabbagetown-South St.James Town (71),D51,631576.40840188,4836964.19705872
2368,6189792,1188873,8/7/2010 4:00:00 AM,1820,BLOOR ST E,CASTLE FRANK RD,,Major Arterial,Toronto and East York,43.674045,-79.36779,,No Control,Clear,Daylight,Dry,Non-Fatal Injury,Pedestrian Collisions,Cyclist,55 to 59,None,,East,Bicycle,Going Ahead,,,,,,Cyclist strikes pedestrian.,Driving Properly,Unknown,Yes,Yes,,,,,,,,,,,,71,Cabbagetown-South St.James Town,71,Cabbagetown-South St.James Town (71),D51,631576.40840188,4836964.19705872
2369,6175794,1183116,8/15/2010 4:00:00 AM,1810,SPADINA AVE,BLOOR ST W,,Major Arterial,Toronto and East York,43.665945,-79.40339,,No Control,Clear,Daylight,Dry,Non-Fatal Injury,Pedestrian Collisions,Driver,25 to 29,Minimal,,North,"Automobile, Station Wagon",Going Ahead,Driving Properly,Normal,,,,,,,Yes,,Yes,,,,,,,,,,,79,University,79,University (79),D52,628723.891188779,4836008.7285833
2370,6175795,1183116,8/15/2010 4:00:00 AM,1810,SPADINA AVE,BLOOR ST W,,Major Arterial,Toronto and East York,43.665945,-79.40339,,No Control,Clear,Daylight,Dry,Non-Fatal Injury,Pedestrian Collisions,Pedestrian,45 to 49,Major,,West,Other,,,,Pedestrian hit at mid-block,"Crossing, no Traffic Control",Had Been Drinking,,,,Yes,,Yes,,,,,,,,,,,79,University,79,University (79),D52,628723.891188779,4836008.7285833
2371,6176152,1183260,8/16/2010 4:00:00 AM,1015,519 DUNDAS ST W,,,Major Arterial,Toronto and East York,43.652745,-79.39889,At Intersection,No Control,Clear,Daylight,Other,Non-Fatal Injury,Pedestrian Collisions,Driver,75 to 79,None,,North,"Automobile, Station Wagon",Going Ahead,Failed to Yield Right of Way,Inattentive,,,,,,,Yes,,Yes,,,,,,,Yes,,,,78,Kensington-Chinatown,78,Kensington-Chinatown (78),D14,629114.989800903,4834549.68609664
2372,6176153,1183260,8/16/2010 4:00:00 AM,1015,519 DUNDAS ST W,,,Major Arterial,Toronto and East York,43.652745,-79.39889,At Intersection,No Control,Clear,Daylight,Other,Non-Fatal Injury,Pedestrian Collisions,Driver,65 to 69,None,,East,"Automobile, Station Wagon",Stopped,Driving Properly,Normal,,,,,,,Yes,,Yes,,,,,,,Yes,,,,78,Kensington-Chinatown,78,Kensington-Chinatown (78),D14,629114.989800903,4834549.68609664
2373,6176154,1183260,8/16/2010 4:00:00 AM,1015,519 DUNDAS ST W,,,Major Arterial,Toronto and East York,43.652745,-79.39889,At Intersection,No Control,Clear,Daylight,Other,Non-Fatal Injury,Pedestrian Collisions,Pedestrian,30 to 34,Major,,Unknown,Other,,,,Pedestrian hit at private driveway,On Sidewalk or Shoulder,Normal,,,,Yes,,Yes,,,,,,,Yes,,,,78,Kensington-Chinatown,78,Kensington-Chinatown (78),D14,629114.989800903,4834549.68609664
2374,6187770,1188020,8/17/2010 4:00:00 AM,1400,MORNINGSIDE AVE,OLD FINCH AVE,,Pending,Scarborough,43.819245,-79.21619,,No Control,Clear,Daylight,Dry,Non-Fatal Injury,Pedestrian Collisions,Driver,unknown,None,,South,"Automobile, Station Wagon",Going Ahead,Other,Unknown,,,,,,,Yes,,Yes,,,,,,,,,,,146,Malvern East,132,Malvern (132),D42,643450.120741788,4853342.52760116
2375,6187771,1188020,8/17/2010 4:00:00 AM,1400,MORNINGSIDE AVE,OLD FINCH AVE,,Pending,Scarborough,43.819245,-79.21619,,No Control,Clear,Daylight,Dry,Non-Fatal Injury,Pedestrian Collisions,Pedestrian,40 to 44,Major,,South,Other,,,,Pedestrian hit on sidewalk or shoulder,On Sidewalk or Shoulder,"Ability Impaired, Drugs",,,,Yes,,Yes,,,,,,,,,,,146,Malvern East,132,Malvern (132),D42,643450.120741788,4853342.52760116
2376,6177898,1183999,8/18/2010 4:00:00 AM,1752,2301 BRIMLEY RD,,,Major Arterial,Scarborough,43.796945,-79.27269,,No Control,Clear,Daylight,Dry,Non-Fatal Injury,Pedestrian Collisions,Driver,70 to 74,None,,West,"Automobile, Station Wagon",Turning Left,Failed to Yield Right of Way,Inattentive,,,,,,,Yes,,Yes,,,,,,,Yes,,,,129,Agincourt North,129,Agincourt North (129),D42,638958.167635993,4850769.32756932
2377,6177899,1183999,8/18/2010 4:00:00 AM,1752,2301 BRIMLEY RD,,,Major Arterial,Scarborough,43.796945,-79.27269,,No Control,Clear,Daylight,Dry,Non-Fatal Injury,Pedestrian Collisions,Pedestrian,70 to 74,Major,,West,Other,,,,Pedestrian hit at mid-block,"Crossing, no Traffic Control",Unknown,,,,Yes,,Yes,,,,,,,Yes,,,,129,Agincourt North,129,Agincourt North (129),D42,638958.167635993,4850769.32756932
2378,6177900,1183999,8/18/2010 4:00:00 AM,1752,2301 BRIMLEY RD,,,Major Arterial,Scarborough,43.796945,-79.27269,,No Control,Clear,Daylight,Dry,Non-Fatal Injury,Pedestrian Collisions,Pedestrian,70 to 74,Minor,,West,Other,,,,Pedestrian hit at mid-block,"Crossing, no Traffic Control",Unknown,,,,Yes,,Yes,,,,,,,Yes,,,,129,Agincourt North,129,Agincourt North (129),D42,638958.167635993,4850769.32756932
2379,6178140,1184084,8/19/2010 4:00:00 AM,1715,ROXTON RD,DEWSON ST,,Local,Toronto and East York,43.657845,-79.42269,,No Control,Clear,Daylight,Dry,Non-Fatal Injury,Pedestrian Collisions,Driver,25 to 29,None,,North,"Automobile, Station Wagon",Reversing,Other,Unknown,,,,,,,Yes,,Yes,,,,,,,,,,,80,Palmerston-Little Italy,80,Palmerston-Little Italy (80),D14,627184.949580209,4835079.35123913
2380,6178141,1184084,8/19/2010 4:00:00 AM,1715,ROXTON RD,DEWSON ST,,Local,Toronto and East York,43.657845,-79.42269,,No Control,Clear,Daylight,Dry,Non-Fatal Injury,Pedestrian Collisions,Pedestrian,85 to 89,Major,,Unknown,Other,,,,Vehicle is reversing and hits pedestrian,Coming From Behind Parked Vehicle,Normal,,,,Yes,,Yes,,,,,,,,,,,80,Palmerston-Little Italy,80,Palmerston-Little Italy (80),D14,627184.949580209,4835079.35123913
2381,6179024,1184434,8/20/2010 4:00:00 AM,2215,LAKE SHORE BLVD E,JOSEPH DUGGAN  RD,,Major Arterial,Toronto and East York,43.664344,-79.306186,,Traffic Signal,Clear,Dark,Dry,Fatal,Pedestrian Collisions,Vehicle Owner,unknown,,,,Other,,,,,,,,,,Yes,,,,,Yes,,,,,,,,70,South Riverdale,70,South Riverdale (70),D55,636564.512645774,4835986.33404342
2382,6179025,1184434,8/20/2010 4:00:00 AM,2215,LAKE SHORE BLVD E,JOSEPH DUGGAN  RD,,Major Arterial,Toronto and East York,43.664344,-79.306186,,Traffic Signal,Clear,Dark,Dry,Fatal,Pedestrian Collisions,Driver,35 to 39,None,,East,Municipal Transit Bus (TTC),Going Ahead,Driving Properly,Normal,,,,,,,Yes,,,,,Yes,,,,,,,,70,South Riverdale,70,South Riverdale (70),D55,636564.512645774,4835986.33404342
2383,6179026,1184434,8/20/2010 4:00:00 AM,2215,LAKE SHORE BLVD E,JOSEPH DUGGAN  RD,,Major Arterial,Toronto and East York,43.664344,-79.306186,,Traffic Signal,Clear,Dark,Dry,Fatal,Pedestrian Collisions,Pedestrian,15 to 19,Fatal,29,North,Other,,,,Pedestrian involved in a collision with transit vehicle anywhere along roadway,Crossing without right of way,Unknown,,,,Yes,,,,,Yes,,,,,,,,70,South Riverdale,70,South Riverdale (70),D55,636564.512645774,4835986.33404342
2384,6253983,1184541,8/21/2010 4:00:00 AM,1343,230 ROSETHORN AVE,,,Local,Etobicoke York,43.683045,-79.46459,,No Control,Rain,Daylight,Wet,Non-Fatal Injury,Pedestrian Collisions,Vehicle Owner,unknown,,,,Other,,,,,,,,,,Yes,,Yes,,,,,,,,,,,110,Keelesdale-Eglinton West,110,Keelesdale-Eglinton West (110),D12,623754.547728557,4837814.77303159
2385,6253984,1184541,8/21/2010 4:00:00 AM,1343,230 ROSETHORN AVE,,,Local,Etobicoke York,43.683045,-79.46459,,No Control,Rain,Daylight,Wet,Non-Fatal Injury,Pedestrian Collisions,Driver,30 to 34,None,,West,"Automobile, Station Wagon",Reversing,Other,Inattentive,,,,,,,Yes,,Yes,,,,,,,,,,,110,Keelesdale-Eglinton West,110,Keelesdale-Eglinton West (110),D12,623754.547728557,4837814.77303159
2386,6253985,1184541,8/21/2010 4:00:00 AM,1343,230 ROSETHORN AVE,,,Local,Etobicoke York,43.683045,-79.46459,,No Control,Rain,Daylight,Wet,Non-Fatal Injury,Pedestrian Collisions,Pedestrian,75 to 79,Major,,South,Other,,,,Pedestrian hit at private driveway,On Sidewalk or Shoulder,Normal,,,,Yes,,Yes,,,,,,,,,,,110,Keelesdale-Eglinton West,110,Keelesdale-Eglinton West (110),D12,623754.547728557,4837814.77303159
2387,6182455,1185844,8/27/2010 4:00:00 AM,128,DUNDAS ST W,BURNHAMTHORPE RD,,Major Arterial,Etobicoke York,43.648945,-79.52929,,No Control,Clear,Dark,Dry,Non-Fatal Injury,Pedestrian Collisions,Driver,20 to 24,None,,East,"Automobile, Station Wagon",Going Ahead,Other,Had Been Drinking,,,,,,,Yes,,Yes,,,,,,,,,,,158,Islington,14,Islington-City Centre West (14),D22,618606.799988271,4833933.01607924
2388,6182456,1185844,8/27/2010 4:00:00 AM,128,DUNDAS ST W,BURNHAMTHORPE RD,,Major Arterial,Etobicoke York,43.648945,-79.52929,,No Control,Clear,Dark,Dry,Non-Fatal Injury,Pedestrian Collisions,Pedestrian,85 to 89,Major,,South,Other,,,,Pedestrian hit at mid-block,"Crossing, no Traffic Control",Had Been Drinking,,,,Yes,,Yes,,,,,,,,,,,158,Islington,14,Islington-City Centre West (14),D22,618606.799988271,4833933.01607924
2389,6201013,1193686,8/27/2010 4:00:00 AM,1103,EGLINTON AVE E,HOLLY ST,,Major Arterial,Toronto and East York,43.707045,-79.39669,,No Control,Clear,Daylight,Dry,Non-Fatal Injury,Pedestrian Collisions,Truck Driver,45 to 49,None,,West,Truck - Open,Going Ahead,Speed too Fast For Condition,Inattentive,,,,,,,Yes,,,,Yes,,,,Yes,Yes,,,,174,South Eglinton-Davisville,104,Mount Pleasant West (104),D53,629175.821547877,4840583.86541658
2390,6201014,1193686,8/27/2010 4:00:00 AM,1103,EGLINTON AVE E,HOLLY ST,,Major Arterial,Toronto and East York,43.707045,-79.39669,,No Control,Clear,Daylight,Dry,Non-Fatal Injury,Pedestrian Collisions,Other,unknown,None,,,Other,,,,,,,,,,Yes,,,,Yes,,,,Yes,Yes,,,,174,South Eglinton-Davisville,104,Mount Pleasant West (104),D53,629175.821547877,4840583.86541658
2391,6201015,1193686,8/27/2010 4:00:00 AM,1103,EGLINTON AVE E,HOLLY ST,,Major Arterial,Toronto and East York,43.707045,-79.39669,,No Control,Clear,Daylight,Dry,Non-Fatal Injury,Pedestrian Collisions,Pedestrian,40 to 44,Major,,Unknown,Other,,,,Pedestrian hit at mid-block,Playing or Working on Highway,Normal,,,,Yes,,,,Yes,,,,Yes,Yes,,,,174,South Eglinton-Davisville,104,Mount Pleasant West (104),D53,629175.821547877,4840583.86541658
2392,6184840,1186795,8/28/2010 4:00:00 AM,2030,WESTMORE DR,COUNTRYMAN CRCL,,Collector,Etobicoke York,43.733645,-79.600589,At Intersection,Stop Sign,Clear,Dark,Dry,Non-Fatal Injury,Pedestrian Collisions,Driver,unknown,None,,North,"Automobile, Station Wagon",Going Ahead,Driving Properly,Unknown,,,,,,,Yes,,Yes,,,,,,,,,,,1,West Humber-Clairville,1,West Humber-Clairville (1),D23,612698.037838578,4843240.65208232
2393,6184841,1186795,8/28/2010 4:00:00 AM,2030,WESTMORE DR,COUNTRYMAN CRCL,,Collector,Etobicoke York,43.733645,-79.600589,At Intersection,Stop Sign,Clear,Dark,Dry,Non-Fatal Injury,Pedestrian Collisions,Pedestrian,15 to 19,Major,,West,Other,,,,Pedestrian hit at mid-block,"Crossing, no Traffic Control",Inattentive,,,,Yes,,Yes,,,,,,,,,,,1,West Humber-Clairville,1,West Humber-Clairville (1),D23,612698.037838578,4843240.65208232
2394,6198678,1192618,9/1/2010 4:00:00 AM,1810,FINCH AVE W,PEARLDALE AVE,,Major Arterial,Etobicoke York,43.747745,-79.56239,At Intersection,Traffic Signal,Clear,Daylight,Dry,Non-Fatal Injury,Pedestrian Collisions,Pedestrian,0 to 4,Minor,,South,Other,,,,Vehicle turns left while ped crosses with ROW at inter.,Crossing with right of way,Normal,,,,Yes,,Yes,,,,,,,Yes,,,,22,Humbermede,22,Humbermede (22),D31,615747.146459264,4844859.32065944
2395,6198679,1192618,9/1/2010 4:00:00 AM,1810,FINCH AVE W,PEARLDALE AVE,,Major Arterial,Etobicoke York,43.747745,-79.56239,At Intersection,Traffic Signal,Clear,Daylight,Dry,Non-Fatal Injury,Pedestrian Collisions,Driver,25 to 29,None,,North,"Automobile, Station Wagon",Turning Left,Failed to Yield Right of Way,Normal,,,,,,,Yes,,Yes,,,,,,,Yes,,,,22,Humbermede,22,Humbermede (22),D31,615747.146459264,4844859.32065944
2396,6198680,1192618,9/1/2010 4:00:00 AM,1810,FINCH AVE W,PEARLDALE AVE,,Major Arterial,Etobicoke York,43.747745,-79.56239,At Intersection,Traffic Signal,Clear,Daylight,Dry,Non-Fatal Injury,Pedestrian Collisions,Pedestrian,35 to 39,Major,,South,Other,,,,Vehicle turns left while ped crosses with ROW at inter.,Crossing with right of way,Normal,,,,Yes,,Yes,,,,,,,Yes,,,,22,Humbermede,22,Humbermede (22),D31,615747.146459264,4844859.32065944
2397,6202753,1194416,9/9/2010 4:00:00 AM,1120,QUEEN ST W,BAY ST,,Major Arterial,Toronto and East York,43.651645,-79.38309,,No Control,Clear,Daylight,Dry,Non-Fatal Injury,Pedestrian Collisions,Driver,20 to 24,None,,East,"Automobile, Station Wagon",Overtaking,Improper Passing,Inattentive,,,,,,,Yes,,Yes,,,Yes,,,,Yes,,,,170,Yonge-Bay Corridor,76,Bay Street Corridor (76),D52,630391.510270296,4834452.22230095
2398,6202754,1194416,9/9/2010 4:00:00 AM,1120,QUEEN ST W,BAY ST,,Major Arterial,Toronto and East York,43.651645,-79.38309,,No Control,Clear,Daylight,Dry,Non-Fatal Injury,Pedestrian Collisions,Pedestrian,20 to 24,Major,,South,Other,,,,Pedestrian involved in a collision with transit vehicle anywhere along roadway,Person Getting on/off Vehicle,Unknown,,,,Yes,,Yes,,,Yes,,,,Yes,,,,170,Yonge-Bay Corridor,76,Bay Street Corridor (76),D52,630391.510270296,4834452.22230095
2399,6202755,1194416,9/9/2010 4:00:00 AM,1120,QUEEN ST W,BAY ST,,Major Arterial,Toronto and East York,43.651645,-79.38309,,No Control,Clear,Daylight,Dry,Non-Fatal Injury,Pedestrian Collisions,Vehicle Owner,unknown,,,,Other,,,,,,,,,,Yes,,Yes,,,Yes,,,,Yes,,,,170,Yonge-Bay Corridor,76,Bay Street Corridor (76),D52,630391.510270296,4834452.22230095
2400,6202756,1194416,9/9/2010 4:00:00 AM,1120,QUEEN ST W,BAY ST,,Major Arterial,Toronto and East York,43.651645,-79.38309,,No Control,Clear,Daylight,Dry,Non-Fatal Injury,Pedestrian Collisions,Driver - Not Hit,45 to 49,None,,,Municipal Transit Bus (TTC),,,,,,,,,,Yes,,Yes,,,Yes,,,,Yes,,,,170,Yonge-Bay Corridor,76,Bay Street Corridor (76),D52,630391.510270296,4834452.22230095
2401,6205161,1195510,9/12/2010 4:00:00 AM,14,SPADINA AVE,OXFORD ST,,Major Arterial,Toronto and East York,43.657445,-79.39979,,No Control,Rain,Dark,Wet,Non-Fatal Injury,Pedestrian Collisions,Vehicle Owner,unknown,,,,Other,,,,,,,,,,Yes,,,,,Yes,,,,,,,,78,Kensington-Chinatown,78,Kensington-Chinatown (78),D52,629032.345619947,4835070.28293571
2402,6205162,1195510,9/12/2010 4:00:00 AM,14,SPADINA AVE,OXFORD ST,,Major Arterial,Toronto and East York,43.657445,-79.39979,,No Control,Rain,Dark,Wet,Non-Fatal Injury,Pedestrian Collisions,Driver,40 to 44,None,,North,Municipal Transit Bus (TTC),Going Ahead,Driving Properly,Normal,,,,,,,Yes,,,,,Yes,,,,,,,,78,Kensington-Chinatown,78,Kensington-Chinatown (78),D52,629032.345619947,4835070.28293571
2403,6205163,1195510,9/12/2010 4:00:00 AM,14,SPADINA AVE,OXFORD ST,,Major Arterial,Toronto and East York,43.657445,-79.39979,,No Control,Rain,Dark,Wet,Non-Fatal Injury,Pedestrian Collisions,Pedestrian,55 to 59,Major,,East,Other,,,,Pedestrian involved in a collision with transit vehicle anywhere along roadway,"Crossing, no Traffic Control",Inattentive,,,,Yes,,,,,Yes,,,,,,,,78,Kensington-Chinatown,78,Kensington-Chinatown (78),D52,629032.345619947,4835070.28293571
2404,6279776,1188832,9/13/2010 4:00:00 AM,639,MARKHAM RD,ELLESMERE RD,,Major Arterial,Scarborough,43.776445,-79.23179,At Intersection,Traffic Signal,Rain,Dawn,Wet,Non-Fatal Injury,Pedestrian Collisions,Driver,35 to 39,None,,East,"Automobile, Station Wagon",Turning Left,Driving Properly,Normal,,,,,,,Yes,,Yes,,,,,,,,,,,142,Woburn North,137,Woburn (137),D43,642297.155460564,4848561.96353013
2405,6279777,1188832,9/13/2010 4:00:00 AM,639,MARKHAM RD,ELLESMERE RD,,Major Arterial,Scarborough,43.776445,-79.23179,At Intersection,Traffic Signal,Rain,Dawn,Wet,Non-Fatal Injury,Pedestrian Collisions,Pedestrian,20 to 24,Major,,North,Other,,,,Vehicle turns left while ped crosses without ROW at inter.,Crossing without right of way,Unknown,,,,Yes,,Yes,,,,,,,,,,,142,Woburn North,137,Woburn (137),D43,642297.155460564,4848561.96353013
2406,6280138,1196138,9/14/2010 4:00:00 AM,35,26 FIRENZA DR,,,Local,Etobicoke York,43.751345,-79.56569,,No Control,Clear,Dark,Dry,Non-Fatal Injury,Pedestrian Collisions,Other,unknown,None,,West,Other,Parked,,,,,,,,,Yes,,Yes,,,,,,,,,,,21,Humber Summit,21,Humber Summit (21),D31,615474.526919005,4845254.54721686
2407,6280139,1196138,9/14/2010 4:00:00 AM,35,26 FIRENZA DR,,,Local,Etobicoke York,43.751345,-79.56569,,No Control,Clear,Dark,Dry,Non-Fatal Injury,Pedestrian Collisions,Driver,15 to 19,None,,West,"Automobile, Station Wagon",Going Ahead,Other,Unknown,,,,,,,Yes,,Yes,,,,,,,,,,,21,Humber Summit,21,Humber Summit (21),D31,615474.526919005,4845254.54721686
2408,6280140,1196138,9/14/2010 4:00:00 AM,35,26 FIRENZA DR,,,Local,Etobicoke York,43.751345,-79.56569,,No Control,Clear,Dark,Dry,Non-Fatal Injury,Pedestrian Collisions,Pedestrian,15 to 19,Major,,Unknown,Other,,,,Pedestrian hit at private driveway,Other,Had Been Drinking,,,,Yes,,Yes,,,,,,,,,,,21,Humber Summit,21,Humber Summit (21),D31,615474.526919005,4845254.54721686
2409,6254160,1189134,9/14/2010 4:00:00 AM,1055,SPADINA AVE,SULLIVAN ST,,Major Arterial,Toronto and East York,43.650945,-79.39729,,No Control,Clear,Daylight,Dry,Fatal,Pedestrian Collisions,Vehicle Owner,unknown,,,,Other,,,,,,,,,,Yes,,,,,Yes,,,,,,,,78,Kensington-Chinatown,78,Kensington-Chinatown (78),D14,629247.877701852,4834352.26330899
2410,6254161,1189134,9/14/2010 4:00:00 AM,1055,SPADINA AVE,SULLIVAN ST,,Major Arterial,Toronto and East York,43.650945,-79.39729,,No Control,Clear,Daylight,Dry,Fatal,Pedestrian Collisions,Driver,35 to 39,None,,North,Municipal Transit Bus (TTC),Going Ahead,Driving Properly,Normal,,,,,,,Yes,,,,,Yes,,,,,,,,78,Kensington-Chinatown,78,Kensington-Chinatown (78),D14,629247.877701852,4834352.26330899
2411,6254162,1189134,9/14/2010 4:00:00 AM,1055,SPADINA AVE,SULLIVAN ST,,Major Arterial,Toronto and East York,43.650945,-79.39729,,No Control,Clear,Daylight,Dry,Fatal,Pedestrian Collisions,Pedestrian,80 to 84,Fatal,30,West,Other,,,,Pedestrian involved in a collision with transit vehicle anywhere along roadway,"Crossing, no Traffic Control",Unknown,,,,Yes,,,,,Yes,,,,,,,,78,Kensington-Chinatown,78,Kensington-Chinatown (78),D14,629247.877701852,4834352.26330899
2412,6229026,1205381,9/15/2010 4:00:00 AM,1952,QUEEN Stre W,SPADINA Aven,,Major Arterial,Toronto and East York,43.648845,-79.39579,,No Control,Clear,Dark,Dry,Non-Fatal Injury,Pedestrian Collisions,Driver,35 to 39,None,,West,"Automobile, Station Wagon",Going Ahead,Driving Properly,Normal,,,,,,,Yes,,Yes,,,,,,,,,,,164,Wellington Place,77,Waterfront Communities-The Island (77),D52,629373.352618057,4834121.36823558
2413,6229027,1205381,9/15/2010 4:00:00 AM,1952,QUEEN Stre W,SPADINA Aven,,Major Arterial,Toronto and East York,43.648845,-79.39579,,No Control,Clear,Dark,Dry,Non-Fatal Injury,Pedestrian Collisions,Pedestrian,30 to 34,Major,,South,Other,,,,Pedestrian hit at mid-block,Crossing without right of way,"Ability Impaired, Alcohol",,,,Yes,,Yes,,,,,,,,,,,164,Wellington Place,77,Waterfront Communities-The Island (77),D52,629373.352618057,4834121.36823558
2414,6193125,1190299,9/20/2010 4:00:00 AM,1008,PINEWAY BLVD,FINCH AVE E,,Major Arterial,North York,43.789145,-79.37329,At Intersection,Traffic Signal,Clear,Daylight,Dry,Non-Fatal Injury,Pedestrian Collisions,Driver,30 to 34,None,,South,"Automobile, Station Wagon",Turning Left,Failed to Yield Right of Way,Normal,,,,,,,Yes,,Yes,,,,,,,Yes,,,,52,Bayview Village,49,Bayview Woods-Steeles (49),D33,630882.072309024,4849739.02218287
2415,6193126,1190299,9/20/2010 4:00:00 AM,1008,PINEWAY BLVD,FINCH AVE E,,Major Arterial,North York,43.789145,-79.37329,At Intersection,Traffic Signal,Clear,Daylight,Dry,Non-Fatal Injury,Pedestrian Collisions,Pedestrian,70 to 74,Major,,North,Other,,,,Vehicle turns left while ped crosses with ROW at inter.,Crossing with right of way,Normal,,,,Yes,,Yes,,,,,,,Yes,,,,52,Bayview Village,49,Bayview Woods-Steeles (49),D33,630882.072309024,4849739.02218287
2416,6212535,1198637,9/27/2010 4:00:00 AM,2158,BRIMLEY RD,FINCH AVE E,,Major Arterial,Scarborough,43.805745,-79.27739,At Intersection,Traffic Signal,Rain,Dark,Wet,Non-Fatal Injury,Pedestrian Collisions,Driver,40 to 44,None,,North,"Automobile, Station Wagon",Turning Left,Failed to Yield Right of Way,Inattentive,,,,,,,Yes,,Yes,,,,,,,Yes,,,,129,Agincourt North,129,Agincourt North (129),D42,638559.713770334,4851738.82818171