OBJECTID,INDEX,ACCNUM,DATE,TIME,STREET1,STREET2,OFFSET,ROAD_CLASS,DISTRICT,LATITUDE,LONGITUDE,ACCLOC,TRAFFCTL,VISIBILITY,LIGHT,RDSFCOND,ACCLASS,IMPACTYPE,INVTYPE,INVAGE,INJURY,FATAL_NO,INITDIR,VEHTYPE,MANOEUVER,DRIVACT,DRIVCOND,PEDTYPE,PEDACT,PEDCOND,CYCLISTYPE,CYCACT,CYCCOND,PEDESTRIAN,CYCLIST,AUTOMOBILE,MOTORCYCLE,TRUCK,TRSN_CITY_VEH,EMERG_VEH,PASSENGER,SPEEDING,AG_DRIV,REDLIGHT,ALCOHOL,DISABILITY,HOOD_158,NEIGHBOURHOOD_158,HOOD_140,NEIGHBOURHOOD_140,DIVISION,x,y
2591,6599220,1220905,1/10/2011 5:00:00 AM,1232,SHEPPARD AVE W,BEECROFT RD,,Major Arterial,North York,43.761045,-79.41319,,Traffic Signal,Clear,Daylight,Dry,Non-Fatal Injury,Pedestrian Collisions,Driver,45 to 49,None,,South,"Automobile, Station Wagon",Turning Right,Failed to Yield Right of Way,Normal,,,,,,,Yes,,Yes,,,,,,,Yes,,,,38,Lansing-Westgate,38,Lansing-Westgate (38),D32,627731.576418337,4846555.77186681
2592,6599221,1220905,1/10/2011 5:00:00 AM,1232,SHEPPARD AVE W,BEECROFT RD,,Major Arterial,North York,43.761045,-79.41319,,Traffic Signal,Clear,Daylight,Dry,Non-Fatal Injury,Pedestrian Collisions,Pedestrian,65 to 69,Major,,East,Other,,,,Vehicle turns right while ped crosses with ROW at inter.,Crossing with right of way,Normal,,,,Yes,,Yes,,,,,,,Yes,,,,38,Lansing-Westgate,38,Lansing-Westgate (38),D32,627731.576418337,4846555.77186681
2593,6583562,1212031,1/11/2011 5:00:00 AM,1023,QUEEN ST W,BATHURST ST,,Major Arterial,Toronto and East York,43.647245,-79.40389,At Intersection,No Control,Clear,Daylight,Wet,Fatal,Pedestrian Collisions,Pedestrian,unknown,Fatal,1,North,Other,,,,Pedestrian involved in a collision with transit vehicle anywhere along roadway,"Crossing, no Traffic Control",Unknown,,,,Yes,,,,,Yes,,,,,,,,78,Kensington-Chinatown,78,Kensington-Chinatown (78),D14,628723.529805409,4833931.07163685
2594,6583563,1212031,1/11/2011 5:00:00 AM,1023,QUEEN ST W,BATHURST ST,,Major Arterial,Toronto and East York,43.647245,-79.40389,At Intersection,No Control,Clear,Daylight,Wet,Fatal,Pedestrian Collisions,Vehicle Owner,unknown,,,,Other,,,,,,,,,,Yes,,,,,Yes,,,,,,,,78,Kensington-Chinatown,78,Kensington-Chinatown (78),D14,628723.529805409,4833931.07163685
2595,6583564,1212031,1/11/2011 5:00:00 AM,1023,QUEEN ST W,BATHURST ST,,Major Arterial,Toronto and East York,43.647245,-79.40389,At Intersection,No Control,Clear,Daylight,Wet,Fatal,Pedestrian Collisions,Driver,50 to 54,None,,West,Municipal Transit Bus (TTC),Going Ahead,Driving Properly,Normal,,,,,,,Yes,,,,,Yes,,,,,,,,78,Kensington-Chinatown,78,Kensington-Chinatown (78),D14,628723.529805409,4833931.07163685
2596,6599489,1221014,1/11/2011 5:00:00 AM,1140,DUNDAS ST W,BAY ST,,Major Arterial,Toronto and East York,43.655745,-79.38379,At Intersection,Traffic Signal,Clear,Daylight,Dry,Non-Fatal Injury,Pedestrian Collisions,Passenger,30 to 34,Minor,,,Other,,,,,,,,,,Yes,,Yes,,,,,Yes,,Yes,,,,170,Yonge-Bay Corridor,76,Bay Street Corridor (76),D52,630326.190861487,4834906.48160394
2597,6599490,1221014,1/11/2011 5:00:00 AM,1140,DUNDAS ST W,BAY ST,,Major Arterial,Toronto and East York,43.655745,-79.38379,At Intersection,Traffic Signal,Clear,Daylight,Dry,Non-Fatal Injury,Pedestrian Collisions,Driver,25 to 29,None,,West,"Automobile, Station Wagon",Going Ahead,Driving Properly,Inattentive,,,,,,,Yes,,Yes,,,,,Yes,,Yes,,,,170,Yonge-Bay Corridor,76,Bay Street Corridor (76),D52,630326.190861487,4834906.48160394
2598,6599491,1221014,1/11/2011 5:00:00 AM,1140,DUNDAS ST W,BAY ST,,Major Arterial,Toronto and East York,43.655745,-79.38379,At Intersection,Traffic Signal,Clear,Daylight,Dry,Non-Fatal Injury,Pedestrian Collisions,Driver,40 to 44,Minimal,,East,"Automobile, Station Wagon",Turning Left,Failed to Yield Right of Way,Inattentive,,,,,,,Yes,,Yes,,,,,Yes,,Yes,,,,170,Yonge-Bay Corridor,76,Bay Street Corridor (76),D52,630326.190861487,4834906.48160394
2599,6599492,1221014,1/11/2011 5:00:00 AM,1140,DUNDAS ST W,BAY ST,,Major Arterial,Toronto and East York,43.655745,-79.38379,At Intersection,Traffic Signal,Clear,Daylight,Dry,Non-Fatal Injury,Pedestrian Collisions,Other Property Owner,unknown,,,,Other,,,,,,,,,,Yes,,Yes,,,,,Yes,,Yes,,,,170,Yonge-Bay Corridor,76,Bay Street Corridor (76),D52,630326.190861487,4834906.48160394
2600,6599493,1221014,1/11/2011 5:00:00 AM,1140,DUNDAS ST W,BAY ST,,Major Arterial,Toronto and East York,43.655745,-79.38379,At Intersection,Traffic Signal,Clear,Daylight,Dry,Non-Fatal Injury,Pedestrian Collisions,Pedestrian,65 to 69,Major,,East,Other,,,,Pedestrian hit on sidewalk or shoulder,On Sidewalk or Shoulder,Normal,,,,Yes,,Yes,,,,,Yes,,Yes,,,,170,Yonge-Bay Corridor,76,Bay Street Corridor (76),D52,630326.190861487,4834906.48160394
2601,6599837,1221155,1/11/2011 5:00:00 AM,1956,QUEEN ST W,RYERSON AVE,,Major Arterial,Toronto and East York,43.647545,-79.40219,,No Control,Snow,Dark,Loose Snow,Non-Fatal Injury,Pedestrian Collisions,Truck Driver,40 to 44,None,,West,Truck - Open,Going Ahead,Other,"Ability Impaired, Alcohol Over .08",,,,,,,Yes,,,,Yes,,,,,,,Yes,,164,Wellington Place,77,Waterfront Communities-The Island (77),D14,628859.991803888,4833967.02880014
2602,6599838,1221155,1/11/2011 5:00:00 AM,1956,QUEEN ST W,RYERSON AVE,,Major Arterial,Toronto and East York,43.647545,-79.40219,,No Control,Snow,Dark,Loose Snow,Non-Fatal Injury,Pedestrian Collisions,Vehicle Owner,unknown,,,,Other,,,,,,,,,,Yes,,,,Yes,,,,,,,Yes,,164,Wellington Place,77,Waterfront Communities-The Island (77),D14,628859.991803888,4833967.02880014
2603,6599839,1221155,1/11/2011 5:00:00 AM,1956,QUEEN ST W,RYERSON AVE,,Major Arterial,Toronto and East York,43.647545,-79.40219,,No Control,Snow,Dark,Loose Snow,Non-Fatal Injury,Pedestrian Collisions,Pedestrian,55 to 59,Major,,Unknown,Other,,,,Pedestrian hit at mid-block,Person Getting on/off Vehicle,Normal,,,,Yes,,,,Yes,,,,,,,Yes,,164,Wellington Place,77,Waterfront Communities-The Island (77),D14,628859.991803888,4833967.02880014
2604,6599985,1221211,1/13/2011 5:00:00 AM,656,HUMBER BLVD,ALLIANCE AVE,,Collector,Etobicoke York,43.678744,-79.483386,,Pedestrian Crossover,Clear,Dark,Wet,Non-Fatal Injury,Pedestrian Collisions,Driver,60 to 64,None,,South,"Automobile, Station Wagon",Going Ahead,Disobeyed Traffic Control,Inattentive,,,,,,,Yes,,Yes,,,,,,,Yes,,,,111,Rockcliffe-Smythe,111,Rockcliffe-Smythe (111),D12,622248.305422544,4837309.21439602
2605,6599986,1221211,1/13/2011 5:00:00 AM,656,HUMBER BLVD,ALLIANCE AVE,,Collector,Etobicoke York,43.678744,-79.483386,,Pedestrian Crossover,Clear,Dark,Wet,Non-Fatal Injury,Pedestrian Collisions,Pedestrian,30 to 34,Major,,West,Other,,,,Pedestrian hit a PXO/ped. Mid-block signal,"Crossing, Pedestrian Crossover",Normal,,,,Yes,,Yes,,,,,,,Yes,,,,111,Rockcliffe-Smythe,111,Rockcliffe-Smythe (111),D12,622248.305422544,4837309.21439602
2606,6606188,1224139,1/19/2011 5:00:00 AM,1351,O CONNOR DR,WOODBINE AVE,,Major Arterial,Toronto and East York,43.700148,-79.319026,At Intersection,Traffic Signal,Snow,Daylight,Wet,Non-Fatal Injury,Pedestrian Collisions,Driver,65 to 69,None,,West,"Automobile, Station Wagon",Going Ahead,Disobeyed Traffic Control,Inattentive,,,,,,,Yes,,Yes,,,,,,,Yes,Yes,,,60,Woodbine-Lumsden,60,Woodbine-Lumsden (60),D55,635448.670623506,4839941.80790891
2607,6606189,1224139,1/19/2011 5:00:00 AM,1351,O CONNOR DR,WOODBINE AVE,,Major Arterial,Toronto and East York,43.700148,-79.319026,At Intersection,Traffic Signal,Snow,Daylight,Wet,Non-Fatal Injury,Pedestrian Collisions,Pedestrian,50 to 54,Major,,South,Other,,,,Vehicle is going straight thru inter.while ped cross with ROW,Crossing with right of way,Normal,,,,Yes,,Yes,,,,,,,Yes,Yes,,,60,Woodbine-Lumsden,60,Woodbine-Lumsden (60),D55,635448.670623506,4839941.80790891
2608,6605736,1223946,1/19/2011 5:00:00 AM,1545,WESTON RD,AVON CRES,,Major Arterial,Etobicoke York,43.681045,-79.47619,At Intersection,Stop Sign,Clear,Daylight,Dry,Non-Fatal Injury,Pedestrian Collisions,Pedestrian,45 to 49,Major,,North,Other,,,,Other / Undefined,Walking on Roadway with Traffic,Inattentive,,,,Yes,,Yes,,,,,,,,,,,111,Rockcliffe-Smythe,111,Rockcliffe-Smythe (111),D12,622823.656756309,4837575.40247883
2609,6605737,1223946,1/19/2011 5:00:00 AM,1545,WESTON RD,AVON CRES,,Major Arterial,Etobicoke York,43.681045,-79.47619,At Intersection,Stop Sign,Clear,Daylight,Dry,Non-Fatal Injury,Pedestrian Collisions,Driver,35 to 39,None,,East,"Automobile, Station Wagon",Turning Left,Driving Properly,Normal,,,,,,,Yes,,Yes,,,,,,,,,,,111,Rockcliffe-Smythe,111,Rockcliffe-Smythe (111),D12,622823.656756309,4837575.40247883
2610,6586494,1213866,1/21/2011 5:00:00 AM,519,DUFFERIN ST,NORTON AVE W,,Major Arterial,Toronto and East York,43.678645,-79.44329,,No Control,Snow,Dark,Slush,Fatal,Pedestrian Collisions,Vehicle Owner,unknown,,,,Other,,,,,,,,,,Yes,,,,,Yes,,,,,,,,92,Corso Italia-Davenport,92,Corso Italia-Davenport (92),D13,625480.522544467,4837358.09723101
2611,6586495,1213866,1/21/2011 5:00:00 AM,519,DUFFERIN ST,NORTON AVE W,,Major Arterial,Toronto and East York,43.678645,-79.44329,,No Control,Snow,Dark,Slush,Fatal,Pedestrian Collisions,Driver,55 to 59,None,,South,Municipal Transit Bus (TTC),Stopped,Driving Properly,Normal,,,,,,,Yes,,,,,Yes,,,,,,,,92,Corso Italia-Davenport,92,Corso Italia-Davenport (92),D13,625480.522544467,4837358.09723101
2612,6586496,1213866,1/21/2011 5:00:00 AM,519,DUFFERIN ST,NORTON AVE W,,Major Arterial,Toronto and East York,43.678645,-79.44329,,No Control,Snow,Dark,Slush,Fatal,Pedestrian Collisions,Pedestrian,55 to 59,Fatal,2,Unknown,Other,,,,Pedestrian involved in a collision with transit vehicle anywhere along roadway,Person Getting on/off Vehicle,Unknown,,,,Yes,,,,,Yes,,,,,,,,92,Corso Italia-Davenport,92,Corso Italia-Davenport (92),D13,625480.522544467,4837358.09723101
2613,6588020,1214720,1/25/2011 5:00:00 AM,825,MCCOWAN RD,ST ANDREWS RD,,Major Arterial,Scarborough,43.759445,-79.24659,,No Control,Clear,Daylight,Wet,Non-Fatal Injury,Pedestrian Collisions,Vehicle Owner,unknown,,,,Other,,,,,,,,,,Yes,,Yes,,,,,,,Yes,,,,142,Woburn North,137,Woburn (137),D43,641146.089927882,4846648.51708096
2614,6588021,1214720,1/25/2011 5:00:00 AM,825,MCCOWAN RD,ST ANDREWS RD,,Major Arterial,Scarborough,43.759445,-79.24659,,No Control,Clear,Daylight,Wet,Non-Fatal Injury,Pedestrian Collisions,Driver,65 to 69,Minimal,,South,"Automobile, Station Wagon",Going Ahead,Failed to Yield Right of Way,Fatigue,,,,,,,Yes,,Yes,,,,,,,Yes,,,,142,Woburn North,137,Woburn (137),D43,641146.089927882,4846648.51708096
2615,6588022,1214720,1/25/2011 5:00:00 AM,825,MCCOWAN RD,ST ANDREWS RD,,Major Arterial,Scarborough,43.759445,-79.24659,,No Control,Clear,Daylight,Wet,Non-Fatal Injury,Pedestrian Collisions,Pedestrian,45 to 49,Major,,Unknown,Other,,,,Pedestrian hit at mid-block,Playing or Working on Highway,Normal,,,,Yes,,Yes,,,,,,,Yes,,,,142,Woburn North,137,Woburn (137),D43,641146.089927882,4846648.51708096
2616,6588037,1214725,1/25/2011 5:00:00 AM,2058,BATHURST ST,FOREST RIDGE DR,,Major Arterial,North York,43.706645,-79.42669,,No Control,Clear,Dark,Wet,Fatal,Pedestrian Collisions,Driver,70 to 74,None,,South,"Automobile, Station Wagon",Going Ahead,Driving Properly,Normal,,,,,,,Yes,,Yes,,,,,,,Yes,,,,102,Forest Hill North,102,Forest Hill North (102),D53,626759.595284277,4840493.1299912
2617,6588038,1214725,1/25/2011 5:00:00 AM,2058,BATHURST ST,FOREST RIDGE DR,,Major Arterial,North York,43.706645,-79.42669,,No Control,Clear,Dark,Wet,Fatal,Pedestrian Collisions,Pedestrian,75 to 79,Fatal,4,West,Other,,,,Pedestrian hit at mid-block,"Crossing, no Traffic Control",Inattentive,,,,Yes,,Yes,,,,,,,Yes,,,,102,Forest Hill North,102,Forest Hill North (102),D53,626759.595284277,4840493.1299912
2618,6588940,1215284,1/29/2011 5:00:00 AM,0,BLOOR ST W,CONCORD AVE,,Major Arterial,Toronto and East York,43.661745,-79.42689,At Intersection,No Control,Clear,Dark,Dry,Fatal,Pedestrian Collisions,Vehicle Owner,unknown,,,,Other,,,,,,,,,,Yes,,,,,Yes,,,,Yes,,,,172,Dovercourt Village,93,Dovercourt-Wallace Emerson-Junction (93),D14,626838.070787215,4835506.0682402
2619,6588941,1215284,1/29/2011 5:00:00 AM,0,BLOOR ST W,CONCORD AVE,,Major Arterial,Toronto and East York,43.661745,-79.42689,At Intersection,No Control,Clear,Dark,Dry,Fatal,Pedestrian Collisions,Driver,35 to 39,None,,West,Municipal Transit Bus (TTC),Turning Right,Failed to Yield Right of Way,Inattentive,,,,,,,Yes,,,,,Yes,,,,Yes,,,,172,Dovercourt Village,93,Dovercourt-Wallace Emerson-Junction (93),D14,626838.070787215,4835506.0682402
2620,6588942,1215284,1/29/2011 5:00:00 AM,0,BLOOR ST W,CONCORD AVE,,Major Arterial,Toronto and East York,43.661745,-79.42689,At Intersection,No Control,Clear,Dark,Dry,Fatal,Pedestrian Collisions,Pedestrian,60 to 64,Fatal,3,East,Other,,,,Pedestrian involved in a collision with transit vehicle anywhere along roadway,Crossing with right of way,Had Been Drinking,,,,Yes,,,,,Yes,,,,Yes,,,,172,Dovercourt Village,93,Dovercourt-Wallace Emerson-Junction (93),D14,626838.070787215,4835506.0682402
2621,6611188,1226385,1/31/2011 5:00:00 AM,745,KINGSTON RD,CATHEDRAL BLUFFS DR,,Major Arterial,Scarborough,43.725145,-79.23239,At Intersection,Traffic Signal,Clear,Daylight,Dry,Non-Fatal Injury,Pedestrian Collisions,Driver,45 to 49,None,,South,"Automobile, Station Wagon",Turning Left,Failed to Yield Right of Way,Normal,,,,,,,Yes,,Yes,,,,,,,Yes,,,,123,Cliffcrest,123,Cliffcrest (123),D43,642370.461532924,4842863.28235712
2622,6611189,1226385,1/31/2011 5:00:00 AM,745,KINGSTON RD,CATHEDRAL BLUFFS DR,,Major Arterial,Scarborough,43.725145,-79.23239,At Intersection,Traffic Signal,Clear,Daylight,Dry,Non-Fatal Injury,Pedestrian Collisions,Pedestrian,20 to 24,Major,,North,Other,,,,Vehicle turns left while ped crosses with ROW at inter.,Crossing with right of way,Normal,,,,Yes,,Yes,,,,,,,Yes,,,,123,Cliffcrest,123,Cliffcrest (123),D43,642370.461532924,4842863.28235712
2623,6589562,1215589,2/1/2011 5:00:00 AM,847,MARTIN GROVE RD,JOHN GARLAND BLVD,,Major Arterial,Etobicoke York,43.732045,-79.58939,At Intersection,Traffic Signal,Snow,Daylight,Loose Snow,Non-Fatal Injury,Pedestrian Collisions,Vehicle Owner,unknown,,,,Other,,,,,,,,,,Yes,,,,,Yes,,,,Yes,,,,2,Mount Olive-Silverstone-Jamestown,2,Mount Olive-Silverstone-Jamestown (2),D23,613602.952011892,4843078.24163209
2624,6589563,1215589,2/1/2011 5:00:00 AM,847,MARTIN GROVE RD,JOHN GARLAND BLVD,,Major Arterial,Etobicoke York,43.732045,-79.58939,At Intersection,Traffic Signal,Snow,Daylight,Loose Snow,Non-Fatal Injury,Pedestrian Collisions,Driver,40 to 44,None,,East,Municipal Transit Bus (TTC),Turning Right,Failed to Yield Right of Way,Inattentive,,,,,,,Yes,,,,,Yes,,,,Yes,,,,2,Mount Olive-Silverstone-Jamestown,2,Mount Olive-Silverstone-Jamestown (2),D23,613602.952011892,4843078.24163209
2625,6589564,1215589,2/1/2011 5:00:00 AM,847,MARTIN GROVE RD,JOHN GARLAND BLVD,,Major Arterial,Etobicoke York,43.732045,-79.58939,At Intersection,Traffic Signal,Snow,Daylight,Loose Snow,Non-Fatal Injury,Pedestrian Collisions,Pedestrian,10 to 14,Major,,East,Other,,,,Pedestrian involved in a collision with transit vehicle anywhere along roadway,Crossing with right of way,Normal,,,,Yes,,,,,Yes,,,,Yes,,,,2,Mount Olive-Silverstone-Jamestown,2,Mount Olive-Silverstone-Jamestown (2),D23,613602.952011892,4843078.24163209
2626,6591898,1216997,2/8/2011 5:00:00 AM,830,DUFFERIN ST,GORDON ST,,Minor Arterial,Toronto and East York,43.646845,-79.43039,At Intersection,No Control,Clear,Daylight,Dry,Non-Fatal Injury,Pedestrian Collisions,Driver,35 to 39,None,,South,"Automobile, Station Wagon",Going Ahead,Driving Properly,Normal,,,,,,,Yes,,Yes,,,,,,,,,,,84,Little Portugal,84,Little Portugal (84),D11,626587.16923589,4833845.88394335
2627,6591899,1216997,2/8/2011 5:00:00 AM,830,DUFFERIN ST,GORDON ST,,Minor Arterial,Toronto and East York,43.646845,-79.43039,At Intersection,No Control,Clear,Daylight,Dry,Non-Fatal Injury,Pedestrian Collisions,Pedestrian,10 to 14,Major,,East,Other,,,,Vehicle is going straight thru inter.while ped cross without ROW,Running onto Roadway,Inattentive,,,,Yes,,Yes,,,,,,,,,,,84,Little Portugal,84,Little Portugal (84),D11,626587.16923589,4833845.88394335
2628,6591879,1216987,2/10/2011 5:00:00 AM,828,DUNDAS ST W,NEILSON DR,,Major Arterial,Etobicoke York,43.627345,-79.56239,At Intersection,Traffic Signal,Clear,Daylight,Dry,Fatal,Pedestrian Collisions,Passenger,15 to 19,None,,,Other,,,,,,,,,,Yes,,Yes,,,,,Yes,,Yes,,,,12,Markland Wood,12,Markland Wood (12),D22,615978.945669589,4831487.29439356
2629,6591880,1216987,2/10/2011 5:00:00 AM,828,DUNDAS ST W,NEILSON DR,,Major Arterial,Etobicoke York,43.627345,-79.56239,At Intersection,Traffic Signal,Clear,Daylight,Dry,Fatal,Pedestrian Collisions,Driver,45 to 49,None,,South,"Automobile, Station Wagon",Turning Left,Failed to Yield Right of Way,Inattentive,,,,,,,Yes,,Yes,,,,,Yes,,Yes,,,,12,Markland Wood,12,Markland Wood (12),D22,615978.945669589,4831487.29439356
2630,6591881,1216987,2/10/2011 5:00:00 AM,828,DUNDAS ST W,NEILSON DR,,Major Arterial,Etobicoke York,43.627345,-79.56239,At Intersection,Traffic Signal,Clear,Daylight,Dry,Fatal,Pedestrian Collisions,Pedestrian,55 to 59,Fatal,5,South,Other,,,,Vehicle turns left while ped crosses with ROW at inter.,Crossing with right of way,Normal,,,,Yes,,Yes,,,,,Yes,,Yes,,,,12,Markland Wood,12,Markland Wood (12),D22,615978.945669589,4831487.29439356
2631,6592613,1217361,2/11/2011 5:00:00 AM,1822,DUNDAS ST E,SHERBOURNE ST,,Major Arterial,Toronto and East York,43.658245,-79.37099,At Intersection,Traffic Signal,Clear,Dark,Dry,Non-Fatal Injury,Pedestrian Collisions,Driver,60 to 64,None,,East,"Automobile, Station Wagon",Going Ahead,Driving Properly,Normal,,,,,,,Yes,,Yes,,,,,,,,,,,73,Moss Park,73,Moss Park (73),D51,631352.903247169,4835204.32384663
2632,6592614,1217361,2/11/2011 5:00:00 AM,1822,DUNDAS ST E,SHERBOURNE ST,,Major Arterial,Toronto and East York,43.658245,-79.37099,At Intersection,Traffic Signal,Clear,Dark,Dry,Non-Fatal Injury,Pedestrian Collisions,Pedestrian,40 to 44,Major,,North,Other,,,,Vehicle is going straight thru inter.while ped cross without ROW,Crossing without right of way,Inattentive,,,,Yes,,Yes,,,,,,,,,,,73,Moss Park,73,Moss Park (73),D51,631352.903247169,4835204.32384663
2633,6614520,1227844,2/12/2011 5:00:00 AM,114,QUEEN ST W,CLAREMONT ST,,Major Arterial,Toronto and East York,43.646045,-79.40959,,No Control,Snow,Dark,Wet,Non-Fatal Injury,Pedestrian Collisions,Vehicle Owner,unknown,,,,Other,,,,,,,,,,Yes,,Yes,,,,,,,,,,,162,West Queen West,82,Niagara (82),D14,628266.383950147,4833788.97063985
2634,6614521,1227844,2/12/2011 5:00:00 AM,114,QUEEN ST W,CLAREMONT ST,,Major Arterial,Toronto and East York,43.646045,-79.40959,,No Control,Snow,Dark,Wet,Non-Fatal Injury,Pedestrian Collisions,Driver,25 to 29,None,,East,"Automobile, Station Wagon",Going Ahead,Other,Had Been Drinking,,,,,,,Yes,,Yes,,,,,,,,,,,162,West Queen West,82,Niagara (82),D14,628266.383950147,4833788.97063985
2635,6614522,1227844,2/12/2011 5:00:00 AM,114,QUEEN ST W,CLAREMONT ST,,Major Arterial,Toronto and East York,43.646045,-79.40959,,No Control,Snow,Dark,Wet,Non-Fatal Injury,Pedestrian Collisions,Pedestrian,25 to 29,Major,,North,Other,,,,Pedestrian hit at mid-block,"Crossing, no Traffic Control",Had Been Drinking,,,,Yes,,Yes,,,,,,,,,,,162,West Queen West,82,Niagara (82),D14,628266.383950147,4833788.97063985
2636,6616376,1228657,2/16/2011 5:00:00 AM,1200,SHEPPARD Aven E,IDAGROVE Gate,,Major Arterial,Scarborough,43.807345,-79.17559,At Intersection,Traffic Signal,Clear,Daylight,Dry,Non-Fatal Injury,Pedestrian Collisions,Driver,55 to 59,None,,East,"Automobile, Station Wagon",Going Ahead,Driving Properly,Normal,,,,,,,Yes,,Yes,,,,,,,Yes,,,,144,Morningside Heights,131,Rouge (131),D42,646744.270137036,4852092.0414828
2637,6616377,1228657,2/16/2011 5:00:00 AM,1200,SHEPPARD Aven E,IDAGROVE Gate,,Major Arterial,Scarborough,43.807345,-79.17559,At Intersection,Traffic Signal,Clear,Daylight,Dry,Non-Fatal Injury,Pedestrian Collisions,Driver,25 to 29,Minimal,,West,"Automobile, Station Wagon",Turning Left,Failed to Yield Right of Way,Normal,,,,,,,Yes,,Yes,,,,,,,Yes,,,,144,Morningside Heights,131,Rouge (131),D42,646744.270137036,4852092.0414828
2638,6616378,1228657,2/16/2011 5:00:00 AM,1200,SHEPPARD Aven E,IDAGROVE Gate,,Major Arterial,Scarborough,43.807345,-79.17559,At Intersection,Traffic Signal,Clear,Daylight,Dry,Non-Fatal Injury,Pedestrian Collisions,Other Property Owner,unknown,,,,Other,,,,,,,,,,Yes,,Yes,,,,,,,Yes,,,,144,Morningside Heights,131,Rouge (131),D42,646744.270137036,4852092.0414828
2639,6616379,1228657,2/16/2011 5:00:00 AM,1200,SHEPPARD Aven E,IDAGROVE Gate,,Major Arterial,Scarborough,43.807345,-79.17559,At Intersection,Traffic Signal,Clear,Daylight,Dry,Non-Fatal Injury,Pedestrian Collisions,Pedestrian,60 to 64,Major,,North,Other,,,,Pedestrian hit on sidewalk or shoulder,On Sidewalk or Shoulder,Normal,,,,Yes,,Yes,,,,,,,Yes,,,,144,Morningside Heights,131,Rouge (131),D42,646744.270137036,4852092.0414828
2640,6594414,1218634,2/18/2011 5:00:00 AM,1408,QUEEN ST E,CARLAW AVE,,Minor Arterial,Toronto and East York,43.661045,-79.34009,At Intersection,Traffic Signal,Clear,Daylight,Dry,Non-Fatal Injury,Pedestrian Collisions,Vehicle Owner,unknown,,,,Other,,,,,,,,,,Yes,,Yes,,,,,,,,,,,70,South Riverdale,70,South Riverdale (70),D55,633838.286963288,4835564.68372549
2641,6594415,1218634,2/18/2011 5:00:00 AM,1408,QUEEN ST E,CARLAW AVE,,Minor Arterial,Toronto and East York,43.661045,-79.34009,At Intersection,Traffic Signal,Clear,Daylight,Dry,Non-Fatal Injury,Pedestrian Collisions,Driver,50 to 54,None,,West,Taxi,Turning Left,Improper Turn,Normal,,,,,,,Yes,,Yes,,,,,,,,,,,70,South Riverdale,70,South Riverdale (70),D55,633838.286963288,4835564.68372549
2642,6594416,1218634,2/18/2011 5:00:00 AM,1408,QUEEN ST E,CARLAW AVE,,Minor Arterial,Toronto and East York,43.661045,-79.34009,At Intersection,Traffic Signal,Clear,Daylight,Dry,Non-Fatal Injury,Pedestrian Collisions,Pedestrian,0 to 4,Major,,East,Other,,,,Vehicle turns left while ped crosses with ROW at inter.,Crossing with right of way,Normal,,,,Yes,,Yes,,,,,,,,,,,70,South Riverdale,70,South Riverdale (70),D55,633838.286963288,4835564.68372549
2643,6594417,1218634,2/18/2011 5:00:00 AM,1408,QUEEN ST E,CARLAW AVE,,Minor Arterial,Toronto and East York,43.661045,-79.34009,At Intersection,Traffic Signal,Clear,Daylight,Dry,Non-Fatal Injury,Pedestrian Collisions,Pedestrian,35 to 39,Minor,,East,Other,,,,Vehicle turns left while ped crosses with ROW at inter.,Crossing with right of way,Normal,,,,Yes,,Yes,,,,,,,,,,,70,South Riverdale,70,South Riverdale (70),D55,633838.286963288,4835564.68372549
2644,6617068,1228956,2/20/2011 5:00:00 AM,908,TAPSCOTT RD,WASHBURN WAY,,Minor Arterial,Scarborough,43.804445,-79.22419,,Traffic Signal,Clear,Daylight,Dry,Non-Fatal Injury,Pedestrian Collisions,Driver,30 to 34,None,,South,"Automobile, Station Wagon",Turning Left,Improper Turn,Other,,,,,,,Yes,,Yes,,,,,,,,,,,145,Malvern West,132,Malvern (132),D42,642842.052181935,4851684.90324104
2645,6617069,1228956,2/20/2011 5:00:00 AM,908,TAPSCOTT RD,WASHBURN WAY,,Minor Arterial,Scarborough,43.804445,-79.22419,,Traffic Signal,Clear,Daylight,Dry,Non-Fatal Injury,Pedestrian Collisions,Pedestrian,45 to 49,Major,,North,Other,,,,Vehicle turns left while ped crosses with ROW at inter.,Crossing with right of way,Normal,,,,Yes,,Yes,,,,,,,,,,,145,Malvern West,132,Malvern (132),D42,642842.052181935,4851684.90324104
2646,6595270,1219139,2/21/2011 5:00:00 AM,2022,WESTON Road,MAPLE BUSH Aven,,Major Arterial,Etobicoke York,43.710445,-79.53489,,,Other,Dark,Other,Non-Fatal Injury,Pedestrian Collisions,Driver,25 to 29,None,,,"Automobile, Station Wagon",Unknown,,,,,,,,,Yes,,Yes,,,,,,,,,,,23,Pelmo Park-Humberlea,23,Pelmo Park-Humberlea (23),D12,618034.528082021,4840755.41855931
2647,6595271,1219139,2/21/2011 5:00:00 AM,2022,WESTON Road,MAPLE BUSH Aven,,Major Arterial,Etobicoke York,43.710445,-79.53489,,,Other,Dark,Other,Non-Fatal Injury,Pedestrian Collisions,Pedestrian,unknown,Major,,,Other,Other,,,,,,,,,Yes,,Yes,,,,,,,,,,,23,Pelmo Park-Humberlea,23,Pelmo Park-Humberlea (23),D12,618034.528082021,4840755.41855931
2648,6595922,1219456,2/21/2011 5:00:00 AM,2022,WESTON RD,MAPLE BUSH AVE,,Major Arterial,Etobicoke York,43.710345,-79.53479,At Intersection,No Control,Clear,Dark,Dry,Non-Fatal Injury,Pedestrian Collisions,Driver,25 to 29,Minimal,,South,"Automobile, Station Wagon",Going Ahead,Driving Properly,Normal,,,,,,,Yes,,Yes,,,,,,,,,,,23,Pelmo Park-Humberlea,23,Pelmo Park-Humberlea (23),D12,618042.780807599,4840744.4545693