OBJECTID,INDEX,ACCNUM,DATE,TIME,STREET1,STREET2,OFFSET,ROAD_CLASS,DISTRICT,LATITUDE,LONGITUDE,ACCLOC,TRAFFCTL,VISIBILITY,LIGHT,RDSFCOND,ACCLASS,IMPACTYPE,INVTYPE,INVAGE,INJURY,FATAL_NO,INITDIR,VEHTYPE,MANOEUVER,DRIVACT,DRIVCOND,PEDTYPE,PEDACT,PEDCOND,CYCLISTYPE,CYCACT,CYCCOND,PEDESTRIAN,CYCLIST,AUTOMOBILE,MOTORCYCLE,TRUCK,TRSN_CITY_VEH,EMERG_VEH,PASSENGER,SPEEDING,AG_DRIV,REDLIGHT,ALCOHOL,DISABILITY,HOOD_158,NEIGHBOURHOOD_158,HOOD_140,NEIGHBOURHOOD_140,DIVISION,x,y
3235,7412067,1292918,5/7/2012 4:00:00 AM,801,STEELES AVE E,BIRCHMOUNT RD,,Major Arterial,Scarborough,43.821345,-79.31689,At Intersection,Traffic Signal,Clear,Daylight,Dry,Fatal,Pedestrian Collisions,Driver,50 to 54,None,,East,"Automobile, Station Wagon",Going Ahead,Lost control,Inattentive,,,,,,,Yes,,Yes,,,,,Yes,,,,,,116,Steeles,116,Steeles (116),D42,635347.214848062,4853406.07602718
3236,7412068,1292918,5/7/2012 4:00:00 AM,801,STEELES AVE E,BIRCHMOUNT RD,,Major Arterial,Scarborough,43.821345,-79.31689,At Intersection,Traffic Signal,Clear,Daylight,Dry,Fatal,Pedestrian Collisions,Passenger,15 to 19,None,,,Other,,,,,,,,,,Yes,,Yes,,,,,Yes,,,,,,116,Steeles,116,Steeles (116),D42,635347.214848062,4853406.07602718
3237,7412069,1292918,5/7/2012 4:00:00 AM,801,STEELES AVE E,BIRCHMOUNT RD,,Major Arterial,Scarborough,43.821345,-79.31689,At Intersection,Traffic Signal,Clear,Daylight,Dry,Fatal,Pedestrian Collisions,Driver,80 to 84,None,,North,"Automobile, Station Wagon",Turning Left,Driving Properly,Normal,,,,,,,Yes,,Yes,,,,,Yes,,,,,,116,Steeles,116,Steeles (116),D42,635347.214848062,4853406.07602718
3238,7412070,1292918,5/7/2012 4:00:00 AM,801,STEELES AVE E,BIRCHMOUNT RD,,Major Arterial,Scarborough,43.821345,-79.31689,At Intersection,Traffic Signal,Clear,Daylight,Dry,Fatal,Pedestrian Collisions,Pedestrian,30 to 34,Fatal,13,South,Other,,,,Vehicle is going straight thru inter.while ped cross with ROW,Crossing with right of way,Normal,,,,Yes,,Yes,,,,,Yes,,,,,,116,Steeles,116,Steeles (116),D42,635347.214848062,4853406.07602718
3239,7414248,1293835,5/11/2012 4:00:00 AM,1239,DUPLEX AVE,ANDERSON AVE,,Collector,Toronto and East York,43.704245,-79.40049,At Intersection,Stop Sign,Clear,Daylight,Dry,Fatal,Pedestrian Collisions,Vehicle Owner,unknown,,,,Other,,,,,,,,,,Yes,,Yes,,,,,,,,,,,100,Yonge-Eglinton,100,Yonge-Eglinton (100),D53,628875.65942373,4840266.97173036
3240,7414249,1293835,5/11/2012 4:00:00 AM,1239,DUPLEX AVE,ANDERSON AVE,,Collector,Toronto and East York,43.704245,-79.40049,At Intersection,Stop Sign,Clear,Daylight,Dry,Fatal,Pedestrian Collisions,Driver,45 to 49,None,,East,"Automobile, Station Wagon",Turning Left,Improper Turn,Inattentive,,,,,,,Yes,,Yes,,,,,,,,,,,100,Yonge-Eglinton,100,Yonge-Eglinton (100),D53,628875.65942373,4840266.97173036
3241,7414250,1293835,5/11/2012 4:00:00 AM,1239,DUPLEX AVE,ANDERSON AVE,,Collector,Toronto and East York,43.704245,-79.40049,At Intersection,Stop Sign,Clear,Daylight,Dry,Fatal,Pedestrian Collisions,Pedestrian,80 to 84,Fatal,14,West,Other,,,,Vehicle turns left while ped crosses with ROW at inter.,Crossing with right of way,Normal,,,,Yes,,Yes,,,,,,,,,,,100,Yonge-Eglinton,100,Yonge-Eglinton (100),D53,628875.65942373,4840266.97173036
3242,7415478,1294403,5/15/2012 4:00:00 AM,1426,WESTON RD,STEELES AVE W,,Major Arterial,Etobicoke York,43.770245,-79.54649,At Intersection,Traffic Signal,Clear,Daylight,Dry,Fatal,Pedestrian Collisions,Pedestrian,75 to 79,Fatal,15,South,Other,,,,Vehicle turns right while ped crosses with ROW at inter.,Crossing with right of way,Normal,,,,Yes,,,,Yes,,,,,Yes,,,,21,Humber Summit,21,Humber Summit (21),D31,616983.466683422,4847380.61469095
3243,7415479,1294403,5/15/2012 4:00:00 AM,1426,WESTON RD,STEELES AVE W,,Major Arterial,Etobicoke York,43.770245,-79.54649,At Intersection,Traffic Signal,Clear,Daylight,Dry,Fatal,Pedestrian Collisions,Vehicle Owner,unknown,,,,Other,,,,,,,,,,Yes,,,,Yes,,,,,Yes,,,,21,Humber Summit,21,Humber Summit (21),D31,616983.466683422,4847380.61469095
3244,7415480,1294403,5/15/2012 4:00:00 AM,1426,WESTON RD,STEELES AVE W,,Major Arterial,Etobicoke York,43.770245,-79.54649,At Intersection,Traffic Signal,Clear,Daylight,Dry,Fatal,Pedestrian Collisions,Truck Driver,30 to 34,None,,South,Truck - Open,Turning Right,Failed to Yield Right of Way,Inattentive,,,,,,,Yes,,,,Yes,,,,,Yes,,,,21,Humber Summit,21,Humber Summit (21),D31,616983.466683422,4847380.61469095
3245,7514422,1295871,5/27/2012 4:00:00 AM,1240,22 DELHI AVE,,,Local,North York,43.742343,-79.418292,,No Control,Clear,Daylight,Dry,Fatal,Pedestrian Collisions,Driver,50 to 54,None,,North,"Automobile, Station Wagon",Reversing,Other,Inattentive,,,,,,,Yes,,Yes,,,,,,,,,,,39,Bedford Park-Nortown,39,Bedford Park-Nortown (39),D32,627360.546653338,4844470.78079256
3246,7514423,1295871,5/27/2012 4:00:00 AM,1240,22 DELHI AVE,,,Local,North York,43.742343,-79.418292,,No Control,Clear,Daylight,Dry,Fatal,Pedestrian Collisions,Pedestrian,80 to 84,Fatal,16,West,Other,,,,Vehicle is reversing and hits pedestrian,Walking on Roadway Against Traffic,Medical or Physical Disability,,,,Yes,,Yes,,,,,,,,,,,39,Bedford Park-Nortown,39,Bedford Park-Nortown (39),D32,627360.546653338,4844470.78079256
3247,7439774,1304816,5/30/2012 4:00:00 AM,900,VICTORIA PARK AVE,SUNRISE AVE,,Major Arterial,North York,43.719745,-79.30059,At Intersection,Traffic Signal,Clear,Daylight,Dry,Non-Fatal Injury,Pedestrian Collisions,Driver,75 to 79,None,,East,"Automobile, Station Wagon",Turning Left,Failed to Yield Right of Way,Inattentive,,,,,,,Yes,,Yes,,,,,,,Yes,,,,43,Victoria Village,43,Victoria Village (43),D55,636889.592149444,4842148.62207605
3248,7439775,1304816,5/30/2012 4:00:00 AM,900,VICTORIA PARK AVE,SUNRISE AVE,,Major Arterial,North York,43.719745,-79.30059,At Intersection,Traffic Signal,Clear,Daylight,Dry,Non-Fatal Injury,Pedestrian Collisions,Pedestrian,60 to 64,Major,,West,Other,,,,Vehicle turns left while ped crosses with ROW at inter.,Crossing with right of way,Normal,,,,Yes,,Yes,,,,,,,Yes,,,,43,Victoria Village,43,Victoria Village (43),D55,636889.592149444,4842148.62207605
3249,7441309,1305406,6/5/2012 4:00:00 AM,1807,QUEEN ST W,PETER ST,,Major Arterial,Toronto and East York,43.649279,-79.393665,Intersection Related,Streetcar (Stop for),Clear,Daylight,Dry,Non-Fatal Injury,Pedestrian Collisions,Vehicle Owner,unknown,,,,,,,,,,,,,,Yes,Yes,,,,Yes,,,,,,,,164,Wellington Place,77,Waterfront Communities-The Island (77),D52,629543.794453848,4834172.88461442
3250,7441310,1305406,6/5/2012 4:00:00 AM,1807,QUEEN ST W,PETER ST,,Major Arterial,Toronto and East York,43.649279,-79.393665,Intersection Related,Streetcar (Stop for),Clear,Daylight,Dry,Non-Fatal Injury,Pedestrian Collisions,Driver - Not Hit,35 to 39,None,,East,Street Car,,,,,,,,,,Yes,Yes,,,,Yes,,,,,,,,164,Wellington Place,77,Waterfront Communities-The Island (77),D52,629543.794453848,4834172.88461442
3251,7441311,1305406,6/5/2012 4:00:00 AM,1807,QUEEN ST W,PETER ST,,Major Arterial,Toronto and East York,43.649279,-79.393665,Intersection Related,Streetcar (Stop for),Clear,Daylight,Dry,Non-Fatal Injury,Pedestrian Collisions,Pedestrian,60 to 64,Major,,South,,,,,Pedestrian hit at mid-block,Person Getting on/off Vehicle,Normal,,,,Yes,Yes,,,,Yes,,,,,,,,164,Wellington Place,77,Waterfront Communities-The Island (77),D52,629543.794453848,4834172.88461442
3252,7441312,1305406,6/5/2012 4:00:00 AM,1807,QUEEN ST W,PETER ST,,Major Arterial,Toronto and East York,43.649279,-79.393665,Intersection Related,Streetcar (Stop for),Clear,Daylight,Dry,Non-Fatal Injury,Pedestrian Collisions,Cyclist,20 to 24,None,,East,Bicycle,Going Ahead,,,,,,Cyclist strikes pedestrian.,Failed to Yield Right of Way,Inattentive,Yes,Yes,,,,Yes,,,,,,,,164,Wellington Place,77,Waterfront Communities-The Island (77),D52,629543.794453848,4834172.88461442
3253,7441959,1305685,6/6/2012 4:00:00 AM,2231,YONGE ST,CARLTON ST,,Major Arterial,Toronto and East York,43.660745,-79.38289,,No Control,Clear,"Dark, artificial",Dry,Non-Fatal Injury,Pedestrian Collisions,Driver,60 to 64,None,,North,"Automobile, Station Wagon",Going Ahead,Driving Properly,Normal,,,,,,,Yes,,Yes,,,,,,,,,,,170,Yonge-Bay Corridor,76,Bay Street Corridor (76),D52,630387.941908066,4835463.21185791
3254,7441960,1305685,6/6/2012 4:00:00 AM,2231,YONGE ST,CARLTON ST,,Major Arterial,Toronto and East York,43.660745,-79.38289,,No Control,Clear,"Dark, artificial",Dry,Non-Fatal Injury,Pedestrian Collisions,Pedestrian,15 to 19,Major,,East,Other,,,,Pedestrian hit at mid-block,Running onto Roadway,Unknown,,,,Yes,,Yes,,,,,,,,,,,170,Yonge-Bay Corridor,76,Bay Street Corridor (76),D52,630387.941908066,4835463.21185791
3255,7542069,1298136,6/9/2012 4:00:00 AM,1025,STEELES AVE W,FOUNDERS RD,,Major Arterial,Etobicoke York,43.779245,-79.50419,At Intersection,No Control,Rain,Daylight,Wet,Non-Fatal Injury,Pedestrian Collisions,Driver,60 to 64,None,,West,"Automobile, Station Wagon",Going Ahead,Driving Properly,Normal,,,,,,,Yes,,Yes,,,,,,,,,,,27,York University Heights,27,York University Heights (27),D31,620369.882872741,4848440.82861626
3256,7542070,1298136,6/9/2012 4:00:00 AM,1025,STEELES AVE W,FOUNDERS RD,,Major Arterial,Etobicoke York,43.779245,-79.50419,At Intersection,No Control,Rain,Daylight,Wet,Non-Fatal Injury,Pedestrian Collisions,Pedestrian,20 to 24,Major,,North,Other,,,,Pedestrian hit at mid-block,"Crossing, no Traffic Control",Inattentive,,,,Yes,,Yes,,,,,,,,,,,27,York University Heights,27,York University Heights (27),D31,620369.882872741,4848440.82861626
3257,7424965,1298554,6/12/2012 4:00:00 AM,2032,DAVENPORT RD,OSSINGTON AVE,,Minor Arterial,Toronto and East York,43.674745,-79.43099,At Intersection,Traffic Signal,Clear,"Dark, artificial",Dry,Non-Fatal Injury,Pedestrian Collisions,Vehicle Owner,unknown,,,,Other,,,,,,,,,,Yes,,,,,Yes,,,,Yes,,,,94,Wychwood,94,Wychwood (94),D13,626480.182001516,4836943.63148827
3258,7424966,1298554,6/12/2012 4:00:00 AM,2032,DAVENPORT RD,OSSINGTON AVE,,Minor Arterial,Toronto and East York,43.674745,-79.43099,At Intersection,Traffic Signal,Clear,"Dark, artificial",Dry,Non-Fatal Injury,Pedestrian Collisions,Driver,20 to 24,None,,North,Municipal Transit Bus (TTC),Turning Left,Failed to Yield Right of Way,Inattentive,,,,,,,Yes,,,,,Yes,,,,Yes,,,,94,Wychwood,94,Wychwood (94),D13,626480.182001516,4836943.63148827
3259,7424967,1298554,6/12/2012 4:00:00 AM,2032,DAVENPORT RD,OSSINGTON AVE,,Minor Arterial,Toronto and East York,43.674745,-79.43099,At Intersection,Traffic Signal,Clear,"Dark, artificial",Dry,Non-Fatal Injury,Pedestrian Collisions,Pedestrian,80 to 84,Major,,North,Other,,,,Pedestrian involved in a collision with transit vehicle anywhere along roadway,Crossing with right of way,Normal,,,,Yes,,,,,Yes,,,,Yes,,,,94,Wychwood,94,Wychwood (94),D13,626480.182001516,4836943.63148827
3260,7443769,1306426,6/13/2012 4:00:00 AM,1239,WESTON RD,SHEPPARD AVE W,,Major Arterial,Etobicoke York,43.733745,-79.53819,At Intersection,Traffic Signal,Clear,Daylight,Dry,Non-Fatal Injury,Pedestrian Collisions,Vehicle Owner,unknown,,,,Other,,,,,,,,,,Yes,,Yes,,,,,,,Yes,,,,23,Pelmo Park-Humberlea,23,Pelmo Park-Humberlea (23),D31,617723.023530244,4843338.51691342
3261,7443770,1306426,6/13/2012 4:00:00 AM,1239,WESTON RD,SHEPPARD AVE W,,Major Arterial,Etobicoke York,43.733745,-79.53819,At Intersection,Traffic Signal,Clear,Daylight,Dry,Non-Fatal Injury,Pedestrian Collisions,Driver,20 to 24,None,,West,"Automobile, Station Wagon",Turning Right,Failed to Yield Right of Way,Inattentive,,,,,,,Yes,,Yes,,,,,,,Yes,,,,23,Pelmo Park-Humberlea,23,Pelmo Park-Humberlea (23),D31,617723.023530244,4843338.51691342
3262,7443771,1306426,6/13/2012 4:00:00 AM,1239,WESTON RD,SHEPPARD AVE W,,Major Arterial,Etobicoke York,43.733745,-79.53819,At Intersection,Traffic Signal,Clear,Daylight,Dry,Non-Fatal Injury,Pedestrian Collisions,Pedestrian,70 to 74,Major,,West,Other,,,,Vehicle turns right while ped crosses with ROW at inter.,Crossing with right of way,Normal,,,,Yes,,Yes,,,,,,,Yes,,,,23,Pelmo Park-Humberlea,23,Pelmo Park-Humberlea (23),D31,617723.023530244,4843338.51691342
3263,7425920,1298952,6/14/2012 4:00:00 AM,738,ADELAIDE ST W,BRANT ST,,Major Arterial,Toronto and East York,43.646245,-79.39819,At Intersection,Traffic Signal,Clear,Daylight,Dry,Fatal,Pedestrian Collisions,Driver,45 to 49,None,,East,"Automobile, Station Wagon",Turning Left,Improper Turn,Normal,,,,,,,Yes,,Yes,,,,,,,,,,,164,Wellington Place,77,Waterfront Communities-The Island (77),D14,629185.37341372,4833828.86564912
3264,7425921,1298952,6/14/2012 4:00:00 AM,738,ADELAIDE ST W,BRANT ST,,Major Arterial,Toronto and East York,43.646245,-79.39819,At Intersection,Traffic Signal,Clear,Daylight,Dry,Fatal,Pedestrian Collisions,Pedestrian,30 to 34,Fatal,18,East,Other,,,,Vehicle turns left while ped crosses with ROW at inter.,Crossing with right of way,Normal,,,,Yes,,Yes,,,,,,,,,,,164,Wellington Place,77,Waterfront Communities-The Island (77),D14,629185.37341372,4833828.86564912
3265,7542171,1306447,6/14/2012 4:00:00 AM,1243,AVENUE RD,ELGIN AVE,,Major Arterial,Toronto and East York,43.671445,-79.39529,,No Control,Clear,Daylight,Dry,Non-Fatal Injury,Pedestrian Collisions,Pedestrian,20 to 24,Major,,East,Other,,,,Pedestrian hit at mid-block,Running onto Roadway,Normal,,,,Yes,,Yes,,,,,,,,,,,95,Annex,95,Annex (95),D53,629365.13002817,4836632.17740702
3266,7542172,1306447,6/14/2012 4:00:00 AM,1243,AVENUE RD,ELGIN AVE,,Major Arterial,Toronto and East York,43.671445,-79.39529,,No Control,Clear,Daylight,Dry,Non-Fatal Injury,Pedestrian Collisions,Driver,60 to 64,None,,North,"Automobile, Station Wagon",Going Ahead,Driving Properly,Normal,,,,,,,Yes,,Yes,,,,,,,,,,,95,Annex,95,Annex (95),D53,629365.13002817,4836632.17740702
3267,7444498,1306712,6/16/2012 4:00:00 AM,2229,QUEEN ST W,DUNN AVE,,Major Arterial,Toronto and East York,43.641045,-79.43449,At Intersection,Traffic Signal,Clear,"Dark, artificial",Dry,Non-Fatal Injury,Pedestrian Collisions,Driver,20 to 24,Major,,North,"Automobile, Station Wagon",Turning Left,Driving Properly,Normal,,,,,,,Yes,,Yes,,,,,,,,,,,86,Roncesvalles,86,Roncesvalles (86),D11,626268.656491702,4833195.47369195
3268,7444499,1306712,6/16/2012 4:00:00 AM,2229,QUEEN ST W,DUNN AVE,,Major Arterial,Toronto and East York,43.641045,-79.43449,At Intersection,Traffic Signal,Clear,"Dark, artificial",Dry,Non-Fatal Injury,Pedestrian Collisions,Pedestrian,60 to 64,Minor,,South,Other,,,,Other / Undefined,Other,Medical or Physical Disability,,,,Yes,,Yes,,,,,,,,,,,86,Roncesvalles,86,Roncesvalles (86),D11,626268.656491702,4833195.47369195
3269,7445197,1306967,6/17/2012 4:00:00 AM,25,RICHMOND ST W,JOHN ST,,Major Arterial,Toronto and East York,43.649045,-79.39089,,No Control,Clear,"Dark, artificial",Dry,Non-Fatal Injury,Pedestrian Collisions,Driver,20 to 24,None,,West,"Automobile, Station Wagon",Going Ahead,Driving Properly,Normal,,,,,,,Yes,,Yes,,,,,,,,,,,164,Wellington Place,77,Waterfront Communities-The Island (77),D52,629768.092163619,4834151.23148429
3270,7445198,1306967,6/17/2012 4:00:00 AM,25,RICHMOND ST W,JOHN ST,,Major Arterial,Toronto and East York,43.649045,-79.39089,,No Control,Clear,"Dark, artificial",Dry,Non-Fatal Injury,Pedestrian Collisions,Pedestrian,20 to 24,Major,,Unknown,Other,,,,Pedestrian hit at mid-block,Walking on Roadway with Traffic,Had Been Drinking,,,,Yes,,Yes,,,,,,,,,,,164,Wellington Place,77,Waterfront Communities-The Island (77),D52,629768.092163619,4834151.23148429
3271,7444319,1306648,6/18/2012 4:00:00 AM,1440,DANFORTH AVE,PAPE AVE,,Major Arterial,Toronto and East York,43.678945,-79.34479,At Intersection,Traffic Signal,Clear,Daylight,Dry,Non-Fatal Injury,Pedestrian Collisions,Driver,30 to 34,None,,North,"Automobile, Station Wagon",Turning Right,Disobeyed Traffic Control,Normal,,,,,,,Yes,,Yes,,,,,,,Yes,Yes,,,69,Blake-Jones,69,Blake-Jones (69),D55,633419.654281936,4837545.15040437
3272,7444320,1306648,6/18/2012 4:00:00 AM,1440,DANFORTH AVE,PAPE AVE,,Major Arterial,Toronto and East York,43.678945,-79.34479,At Intersection,Traffic Signal,Clear,Daylight,Dry,Non-Fatal Injury,Pedestrian Collisions,Pedestrian,40 to 44,Major,,North,Other,,,,Vehicle turns right while ped crosses with ROW at inter.,Crossing with right of way,Normal,,,,Yes,,Yes,,,,,,,Yes,Yes,,,69,Blake-Jones,69,Blake-Jones (69),D55,633419.654281936,4837545.15040437
3273,7444799,1306826,6/19/2012 4:00:00 AM,1521,JANE ST,LAWRENCE AVE W,,Major Arterial,Etobicoke York,43.702845,-79.50379,At Intersection,Traffic Signal,Clear,Daylight,Dry,Non-Fatal Injury,Pedestrian Collisions,Driver,55 to 59,None,,West,"Automobile, Station Wagon",Turning Left,Failed to Yield Right of Way,Inattentive,,,,,,,Yes,,Yes,,,,,,,Yes,,,,30,Brookhaven-Amesbury,30,Brookhaven-Amesbury (30),D12,620555.30966118,4839956.08615508
3274,7444800,1306826,6/19/2012 4:00:00 AM,1521,JANE ST,LAWRENCE AVE W,,Major Arterial,Etobicoke York,43.702845,-79.50379,At Intersection,Traffic Signal,Clear,Daylight,Dry,Non-Fatal Injury,Pedestrian Collisions,Pedestrian,50 to 54,Major,,East,Other,,,,Vehicle turns left while ped crosses with ROW at inter.,Crossing with right of way,Normal,,,,Yes,,Yes,,,,,,,Yes,,,,30,Brookhaven-Amesbury,30,Brookhaven-Amesbury (30),D12,620555.30966118,4839956.08615508
3275,7514496,1300176,6/21/2012 4:00:00 AM,2016,LANSDOWNE AVE,SEAFORTH AVE,,Minor Arterial,Toronto and East York,43.643445,-79.43779,,No Control,Rain,"Dusk, artificial",Wet,Non-Fatal Injury,Pedestrian Collisions,Vehicle Owner,unknown,,,,Other,,,,,,,,,,Yes,,Yes,,,,,,,Yes,,,,86,Roncesvalles,86,Roncesvalles (86),D11,625997.470163814,4833457.00939402
3276,7514497,1300176,6/21/2012 4:00:00 AM,2016,LANSDOWNE AVE,SEAFORTH AVE,,Minor Arterial,Toronto and East York,43.643445,-79.43779,,No Control,Rain,"Dusk, artificial",Wet,Non-Fatal Injury,Pedestrian Collisions,Driver,30 to 34,None,,South,"Automobile, Station Wagon",Pulling Away from Shoulder or Curb,Failed to Yield Right of Way,Unknown,,,,,,,Yes,,Yes,,,,,,,Yes,,,,86,Roncesvalles,86,Roncesvalles (86),D11,625997.470163814,4833457.00939402
3277,7514498,1300176,6/21/2012 4:00:00 AM,2016,LANSDOWNE AVE,SEAFORTH AVE,,Minor Arterial,Toronto and East York,43.643445,-79.43779,,No Control,Rain,"Dusk, artificial",Wet,Non-Fatal Injury,Pedestrian Collisions,Pedestrian,20 to 24,Major,,Unknown,Other,,,,Pedestrian hit at mid-block,Person Getting on/off Vehicle,Unknown,,,,Yes,,Yes,,,,,,,Yes,,,,86,Roncesvalles,86,Roncesvalles (86),D11,625997.470163814,4833457.00939402
3278,7433628,1302226,6/22/2012 4:00:00 AM,1940,YORK MILLS RD,FENSIDE DR,,Major Arterial,North York,43.760645,-79.32769,At Intersection,Traffic Signal,Clear,Daylight,Dry,Non-Fatal Injury,Pedestrian Collisions,Driver,30 to 34,None,,North,"Automobile, Station Wagon",Turning Left,Failed to Yield Right of Way,Normal,,,,,,,Yes,,Yes,,,,,,,Yes,,,,150,Fenside-Parkwoods,45,Parkwoods-Donalda (45),D33,634614.935431314,4846646.77008898
3279,7433629,1302226,6/22/2012 4:00:00 AM,1940,YORK MILLS RD,FENSIDE DR,,Major Arterial,North York,43.760645,-79.32769,At Intersection,Traffic Signal,Clear,Daylight,Dry,Non-Fatal Injury,Pedestrian Collisions,Pedestrian,50 to 54,Major,,North,Other,,,,Vehicle turns left while ped crosses with ROW at inter.,Crossing with right of way,Normal,,,,Yes,,Yes,,,,,,,Yes,,,,150,Fenside-Parkwoods,45,Parkwoods-Donalda (45),D33,634614.935431314,4846646.77008898
3280,7445236,1306980,6/23/2012 4:00:00 AM,1315,SHEPPARD AVE W,JANE ST,,Major Arterial,Etobicoke York,43.739545,-79.51249,At Intersection,No Control,Clear,Daylight,Dry,Non-Fatal Injury,Pedestrian Collisions,Driver,65 to 69,None,,West,"Automobile, Station Wagon",Changing Lanes,Lost control,Other,,,,,,,Yes,,Yes,,,,,,,,,,,25,Glenfield-Jane Heights,25,Glenfield-Jane Heights (25),D31,619781.156603478,4844019.52370903
3281,7445237,1306980,6/23/2012 4:00:00 AM,1315,SHEPPARD AVE W,JANE ST,,Major Arterial,Etobicoke York,43.739545,-79.51249,At Intersection,No Control,Clear,Daylight,Dry,Non-Fatal Injury,Pedestrian Collisions,Pedestrian,75 to 79,Major,,West,Other,,,,Pedestrian hit on sidewalk or shoulder,On Sidewalk or Shoulder,Unknown,,,,Yes,,Yes,,,,,,,,,,,25,Glenfield-Jane Heights,25,Glenfield-Jane Heights (25),D31,619781.156603478,4844019.52370903
3282,7445421,1307048,6/24/2012 4:00:00 AM,54,ST CLAIR AVE W,BATHURST ST,,Major Arterial,Toronto and East York,43.683245,-79.41809,,No Control,Clear,"Dark, artificial",Dry,Non-Fatal Injury,Pedestrian Collisions,Vehicle Owner,unknown,,,,Other,,,,,,,,,,Yes,,,,,Yes,,,,,,,,96,Casa Loma,96,Casa Loma (96),D13,627502.074726949,4837907.42252199
3283,7445422,1307048,6/24/2012 4:00:00 AM,54,ST CLAIR AVE W,BATHURST ST,,Major Arterial,Toronto and East York,43.683245,-79.41809,,No Control,Clear,"Dark, artificial",Dry,Non-Fatal Injury,Pedestrian Collisions,Driver,40 to 44,None,,East,Municipal Transit Bus (TTC),Going Ahead,Driving Properly,Unknown,,,,,,,Yes,,,,,Yes,,,,,,,,96,Casa Loma,96,Casa Loma (96),D13,627502.074726949,4837907.42252199
3284,7445423,1307048,6/24/2012 4:00:00 AM,54,ST CLAIR AVE W,BATHURST ST,,Major Arterial,Toronto and East York,43.683245,-79.41809,,No Control,Clear,"Dark, artificial",Dry,Non-Fatal Injury,Pedestrian Collisions,Pedestrian,20 to 24,Major,,North,Other,,,,Pedestrian involved in a collision with transit vehicle anywhere along roadway,"Crossing, no Traffic Control",Had Been Drinking,,,,Yes,,,,,Yes,,,,,,,,96,Casa Loma,96,Casa Loma (96),D13,627502.074726949,4837907.42252199
3285,7542114,1301640,6/29/2012 4:00:00 AM,1030,DUFFERIN ST,CLOVERLAWN AVE,,Major Arterial,Toronto and East York,43.681243,-79.444392,,No Control,Clear,Daylight,Dry,Non-Fatal Injury,Pedestrian Collisions,Vehicle Owner,unknown,,,,Other,,,,,,,,,,Yes,,,,,Yes,,,,,,,,92,Corso Italia-Davenport,92,Corso Italia-Davenport (92),D13,625386.281877214,4837644.97358488
3286,7542115,1301640,6/29/2012 4:00:00 AM,1030,DUFFERIN ST,CLOVERLAWN AVE,,Major Arterial,Toronto and East York,43.681243,-79.444392,,No Control,Clear,Daylight,Dry,Non-Fatal Injury,Pedestrian Collisions,Driver,45 to 49,None,,North,Municipal Transit Bus (TTC),Changing Lanes,Driving Properly,Normal,,,,,,,Yes,,,,,Yes,,,,,,,,92,Corso Italia-Davenport,92,Corso Italia-Davenport (92),D13,625386.281877214,4837644.97358488
3287,7542116,1301640,6/29/2012 4:00:00 AM,1030,DUFFERIN ST,CLOVERLAWN AVE,,Major Arterial,Toronto and East York,43.681243,-79.444392,,No Control,Clear,Daylight,Dry,Non-Fatal Injury,Pedestrian Collisions,Pedestrian,65 to 69,Major,,West,Other,,,,Pedestrian involved in a collision with transit vehicle anywhere along roadway,Running onto Roadway,Unknown,,,,Yes,,,,,Yes,,,,,,,,92,Corso Italia-Davenport,92,Corso Italia-Davenport (92),D13,625386.281877214,4837644.97358488
3288,7446525,1307494,6/29/2012 4:00:00 AM,1840,BLOOR ST W,DURIE ST,,Major Arterial,Toronto and East York,43.650745,-79.47819,At Intersection,Stop Sign,Clear,Daylight,Dry,Non-Fatal Injury,Pedestrian Collisions,Driver,45 to 49,None,,North,"Automobile, Station Wagon",Going Ahead,Failed to Yield Right of Way,Normal,,,,,,,Yes,,Yes,,,,,,,Yes,,,,89,Runnymede-Bloor West Village,89,Runnymede-Bloor West Village (89),D11,622724.177882099,4834207.22928744
3289,7446526,1307494,6/29/2012 4:00:00 AM,1840,BLOOR ST W,DURIE ST,,Major Arterial,Toronto and East York,43.650745,-79.47819,At Intersection,Stop Sign,Clear,Daylight,Dry,Non-Fatal Injury,Pedestrian Collisions,Pedestrian,30 to 34,Major,,East,Other,,,,Vehicle is going straight thru inter.while ped cross with ROW,Crossing with right of way,Normal,,,,Yes,,Yes,,,,,,,Yes,,,,89,Runnymede-Bloor West Village,89,Runnymede-Bloor West Village (89),D11,622724.177882099,4834207.22928744
3290,7432501,1301786,7/1/2012 4:00:00 AM,1940,MARTIN GROVE RD,FINCH AVE W,,Major Arterial,Etobicoke York,43.736745,-79.59169,At Intersection,Traffic Signal,Clear,Daylight,Dry,Non-Fatal Injury,Pedestrian Collisions,Driver,50 to 54,None,,North,"Automobile, Station Wagon",Turning Left,Failed to Yield Right of Way,Normal,,,,,,,Yes,,Yes,,,,,,,Yes,,,,1,West Humber-Clairville,1,West Humber-Clairville (1),D23,613408.849352655,4843597.09248839
3291,7432502,1301786,7/1/2012 4:00:00 AM,1940,MARTIN GROVE RD,FINCH AVE W,,Major Arterial,Etobicoke York,43.736745,-79.59169,At Intersection,Traffic Signal,Clear,Daylight,Dry,Non-Fatal Injury,Pedestrian Collisions,Pedestrian,65 to 69,Major,,North,Other,,,,Vehicle turns left while ped crosses with ROW at inter.,Crossing with right of way,Normal,,,,Yes,,Yes,,,,,,,Yes,,,,1,West Humber-Clairville,1,West Humber-Clairville (1),D23,613408.849352655,4843597.09248839