OBJECTID,INDEX,ACCNUM,DATE,TIME,STREET1,STREET2,OFFSET,ROAD_CLASS,DISTRICT,LATITUDE,LONGITUDE,ACCLOC,TRAFFCTL,VISIBILITY,LIGHT,RDSFCOND,ACCLASS,IMPACTYPE,INVTYPE,INVAGE,INJURY,FATAL_NO,INITDIR,VEHTYPE,MANOEUVER,DRIVACT,DRIVCOND,PEDTYPE,PEDACT,PEDCOND,CYCLISTYPE,CYCACT,CYCCOND,PEDESTRIAN,CYCLIST,AUTOMOBILE,MOTORCYCLE,TRUCK,TRSN_CITY_VEH,EMERG_VEH,PASSENGER,SPEEDING,AG_DRIV,REDLIGHT,ALCOHOL,DISABILITY,HOOD_158,NEIGHBOURHOOD_158,HOOD_140,NEIGHBOURHOOD_140,DIVISION,x,y
3352,7473999,1319184,8/29/2012 4:00:00 AM,840,STEELES AVE E,KELVIN GROVE AVE,,Major Arterial,Scarborough,43.822445,-79.31229,At Intersection,Traffic Signal,Clear,Daylight,Dry,Non-Fatal Injury,Pedestrian Collisions,Pedestrian,55 to 59,Major,,North,Other,,,,Vehicle turns left while ped crosses with ROW at inter.,Crossing with right of way,Normal,,,,Yes,,Yes,,,,,,,Yes,,,,116,Steeles,116,Steeles (116),D42,635714.634818668,4853535.78556363
3353,7474274,1319292,8/30/2012 4:00:00 AM,952,BATHURST ST,ADELAIDE ST W,,Major Arterial,Toronto and East York,43.645145,-79.40319,At Intersection,Traffic Signal,Clear,Daylight,Dry,Non-Fatal Injury,Pedestrian Collisions,Vehicle Owner,unknown,,,,Other,,,,,,,,,,Yes,,,,Yes,,,,,,,,,164,Wellington Place,77,Waterfront Communities-The Island (77),D14,628784.471727786,4833698.92537425
3354,7474275,1319292,8/30/2012 4:00:00 AM,952,BATHURST ST,ADELAIDE ST W,,Major Arterial,Toronto and East York,43.645145,-79.40319,At Intersection,Traffic Signal,Clear,Daylight,Dry,Non-Fatal Injury,Pedestrian Collisions,Truck Driver,45 to 49,None,,South,Truck - Open,Turning Left,Improper Turn,Normal,,,,,,,Yes,,,,Yes,,,,,,,,,164,Wellington Place,77,Waterfront Communities-The Island (77),D14,628784.471727786,4833698.92537425
3355,7474276,1319292,8/30/2012 4:00:00 AM,952,BATHURST ST,ADELAIDE ST W,,Major Arterial,Toronto and East York,43.645145,-79.40319,At Intersection,Traffic Signal,Clear,Daylight,Dry,Non-Fatal Injury,Pedestrian Collisions,Pedestrian,50 to 54,Major,,South,Other,,,,Vehicle turns left while ped crosses with ROW at inter.,Crossing with right of way,Normal,,,,Yes,,,,Yes,,,,,,,,,164,Wellington Place,77,Waterfront Communities-The Island (77),D14,628784.471727786,4833698.92537425
3356,7514857,1312366,8/30/2012 4:00:00 AM,1019,RATHBURN RD,THE EAST MALL,,Minor Arterial,Etobicoke York,43.654945,-79.56429,At Intersection,Traffic Signal,Clear,Daylight,Other,Non-Fatal Injury,Pedestrian Collisions,Driver,55 to 59,None,,South,"Automobile, Station Wagon",Turning Left,Failed to Yield Right of Way,Normal,,,,,,,Yes,,Yes,,,,,,,Yes,,,,11,Eringate-Centennial-West Deane,11,Eringate-Centennial-West Deane (11),D22,615772.641263227,4834549.96663507
3357,7514858,1312366,8/30/2012 4:00:00 AM,1019,RATHBURN RD,THE EAST MALL,,Minor Arterial,Etobicoke York,43.654945,-79.56429,At Intersection,Traffic Signal,Clear,Daylight,Other,Non-Fatal Injury,Pedestrian Collisions,Pedestrian,85 to 89,Major,,North,Other,,,,Vehicle turns left while ped crosses with ROW at inter.,Crossing with right of way,Normal,,,,Yes,,Yes,,,,,,,Yes,,,,11,Eringate-Centennial-West Deane,11,Eringate-Centennial-West Deane (11),D22,615772.641263227,4834549.96663507
3358,7475181,1319682,9/1/2012 4:00:00 AM,36,PAPE AVE,COSBURN AVE,,Major Arterial,Toronto and East York,43.689445,-79.34879,At Intersection,Traffic Signal,Clear,"Dark, artificial",Dry,Non-Fatal Injury,Pedestrian Collisions,Driver,20 to 24,None,,North,"Automobile, Station Wagon",Going Ahead,Failed to Yield Right of Way,"Ability Impaired, Alcohol",,,,,,,Yes,,Yes,,,,,,,Yes,,Yes,,58,Old East York,58,Old East York (58),D55,633074.00839412,4838704.89359995
3359,7475182,1319682,9/1/2012 4:00:00 AM,36,PAPE AVE,COSBURN AVE,,Major Arterial,Toronto and East York,43.689445,-79.34879,At Intersection,Traffic Signal,Clear,"Dark, artificial",Dry,Non-Fatal Injury,Pedestrian Collisions,Pedestrian,25 to 29,Major,,North,Other,,,,Vehicle is going straight thru inter.while ped cross with ROW,Crossing with right of way,Had Been Drinking,,,,Yes,,Yes,,,,,,,Yes,,Yes,,58,Old East York,58,Old East York (58),D55,633074.00839412,4838704.89359995
3360,7475169,1319679,9/1/2012 4:00:00 AM,320,DANFORTH Ave,PAPE Ave,,Major Arterial,Toronto and East York,43.678945,-79.34479,At Intersection,Traffic Signal,Clear,Dark,Dry,Non-Fatal Injury,Pedestrian Collisions,Driver,20 to 24,None,,West,"Automobile, Station Wagon",Going Ahead,Driving Properly,Normal,,,,,,,Yes,,Yes,,,,,,,,,,,69,Blake-Jones,69,Blake-Jones (69),D55,633419.654281936,4837545.15040437
3361,7475170,1319679,9/1/2012 4:00:00 AM,320,DANFORTH Ave,PAPE Ave,,Major Arterial,Toronto and East York,43.678945,-79.34479,At Intersection,Traffic Signal,Clear,Dark,Dry,Non-Fatal Injury,Pedestrian Collisions,Pedestrian,20 to 24,Major,,North,Other,,,,Vehicle is going straight thru inter.while ped cross without ROW,Crossing without right of way,Had Been Drinking,,,,Yes,,Yes,,,,,,,,,,,69,Blake-Jones,69,Blake-Jones (69),D55,633419.654281936,4837545.15040437
3362,7467877,1316598,9/3/2012 4:00:00 AM,1755,PINE ST,WILLIAM ST,,Collector,Etobicoke York,43.704645,-79.50949,,Stop Sign,Clear,Daylight,Dry,Non-Fatal Injury,Pedestrian Collisions,Motorcycle Driver,unknown,None,,South,Motorcycle,Going Ahead,Lost control,Unknown,,,,,,,Yes,,,Yes,,,,,,,,,,113,Weston,113,Weston (113),D12,620092.441254628,4840147.72837947
3363,7467878,1316598,9/3/2012 4:00:00 AM,1755,PINE ST,WILLIAM ST,,Collector,Etobicoke York,43.704645,-79.50949,,Stop Sign,Clear,Daylight,Dry,Non-Fatal Injury,Pedestrian Collisions,Pedestrian,60 to 64,Major,,Unknown,Other,,,,Other / Undefined,Other,Normal,,,,Yes,,,Yes,,,,,,,,,,113,Weston,113,Weston (113),D12,620092.441254628,4840147.72837947
3364,7460357,1313400,9/5/2012 4:00:00 AM,1615,KENNETH AVE,PEMBERTON AVE,,Local,North York,43.781345,-79.41269,,No Control,Clear,Daylight,Dry,Non-Fatal Injury,Pedestrian Collisions,Driver,65 to 69,None,,North,"Automobile, Station Wagon",Going Ahead,Failed to Yield Right of Way,Normal,,,,,,,Yes,,Yes,,,,,,,Yes,,,,50,Newtonbrook East,50,Newtonbrook East (50),D32,627728.603925376,4848811.16692827
3365,7460358,1313400,9/5/2012 4:00:00 AM,1615,KENNETH AVE,PEMBERTON AVE,,Local,North York,43.781345,-79.41269,,No Control,Clear,Daylight,Dry,Non-Fatal Injury,Pedestrian Collisions,Pedestrian,0 to 4,Major,,East,Other,,,,Vehicle is going straight thru inter.while ped cross with ROW,Crossing with right of way,Other,,,,Yes,,Yes,,,,,,,Yes,,,,50,Newtonbrook East,50,Newtonbrook East (50),D32,627728.603925376,4848811.16692827
3366,7481291,1322166,9/7/2012 4:00:00 AM,2040,BYNG AVE,DORIS AVE,,Minor Arterial,North York,43.776945,-79.41319,,Traffic Signal,Clear,"Dark, artificial",Dry,Non-Fatal Injury,Pedestrian Collisions,Vehicle Owner,unknown,,,,Other,,,,,,,,,,Yes,,Yes,,,,,,,Yes,,,,151,Yonge-Doris,51,Willowdale East (51),D32,627697.735734366,4848321.70806422
3367,7481292,1322166,9/7/2012 4:00:00 AM,2040,BYNG AVE,DORIS AVE,,Minor Arterial,North York,43.776945,-79.41319,,Traffic Signal,Clear,"Dark, artificial",Dry,Non-Fatal Injury,Pedestrian Collisions,Driver,60 to 64,None,,East,"Automobile, Station Wagon",Turning Left,Failed to Yield Right of Way,Normal,,,,,,,Yes,,Yes,,,,,,,Yes,,,,151,Yonge-Doris,51,Willowdale East (51),D32,627697.735734366,4848321.70806422
3368,7481293,1322166,9/7/2012 4:00:00 AM,2040,BYNG AVE,DORIS AVE,,Minor Arterial,North York,43.776945,-79.41319,,Traffic Signal,Clear,"Dark, artificial",Dry,Non-Fatal Injury,Pedestrian Collisions,Pedestrian,55 to 59,Major,,East,Other,,,,Vehicle turns left while ped crosses with ROW at inter.,Crossing with right of way,Normal,,,,Yes,,Yes,,,,,,,Yes,,,,151,Yonge-Doris,51,Willowdale East (51),D32,627697.735734366,4848321.70806422
3369,7476760,1320320,9/8/2012 4:00:00 AM,1345,BRAHMS AVE,CRESTHAVEN DR,,Collector,North York,43.798645,-79.36059,,No Control,Rain,Daylight,Wet,Non-Fatal Injury,Pedestrian Collisions,Pedestrian,25 to 29,Major,,Unknown,Other,,,,Pedestrian hit at mid-block,Other,,,,,Yes,,Yes,,,,,,,,,,,48,Hillcrest Village,48,Hillcrest Village (48),D33,631883.001135815,4850814.30649974
3370,7476761,1320320,9/8/2012 4:00:00 AM,1345,BRAHMS AVE,CRESTHAVEN DR,,Collector,North York,43.798645,-79.36059,,No Control,Rain,Daylight,Wet,Non-Fatal Injury,Pedestrian Collisions,Driver,25 to 29,None,,North,"Automobile, Station Wagon",Going Ahead,Other,Normal,,,,,,,Yes,,Yes,,,,,,,,,,,48,Hillcrest Village,48,Hillcrest Village (48),D33,631883.001135815,4850814.30649974
3371,7477116,1320459,9/9/2012 4:00:00 AM,2225,YONGE ST,COLLEGE ST,,Major Arterial,Toronto and East York,43.661345,-79.38309,At Intersection,Traffic Signal,Clear,"Dark, artificial",Dry,Non-Fatal Injury,Pedestrian Collisions,Vehicle Owner,unknown,,,,Other,,,,,,,,,,Yes,,Yes,,,,,,,Yes,,,,168,Downtown Yonge East,75,Church-Yonge Corridor (75),D51,630370.517033919,4835529.53554994
3372,7477117,1320459,9/9/2012 4:00:00 AM,2225,YONGE ST,COLLEGE ST,,Major Arterial,Toronto and East York,43.661345,-79.38309,At Intersection,Traffic Signal,Clear,"Dark, artificial",Dry,Non-Fatal Injury,Pedestrian Collisions,Driver,45 to 49,None,,South,"Automobile, Station Wagon",Turning Right,Failed to Yield Right of Way,Inattentive,,,,,,,Yes,,Yes,,,,,,,Yes,,,,168,Downtown Yonge East,75,Church-Yonge Corridor (75),D51,630370.517033919,4835529.53554994
3373,7477118,1320459,9/9/2012 4:00:00 AM,2225,YONGE ST,COLLEGE ST,,Major Arterial,Toronto and East York,43.661345,-79.38309,At Intersection,Traffic Signal,Clear,"Dark, artificial",Dry,Non-Fatal Injury,Pedestrian Collisions,Pedestrian,60 to 64,Major,,East,Other,,,,Vehicle turns right while ped crosses with ROW at inter.,Crossing with right of way,Normal,,,,Yes,,Yes,,,,,,,Yes,,,,168,Downtown Yonge East,75,Church-Yonge Corridor (75),D51,630370.517033919,4835529.53554994
3374,7462015,1314089,9/10/2012 4:00:00 AM,943,3133 BAYVIEW AVE,BYNG AVE,,Major Arterial,North York,43.782045,-79.39149,,No Control,Clear,Daylight,Dry,Fatal,Pedestrian Collisions,Vehicle Owner,unknown,,,,Other,,,,,,,,,,Yes,,Yes,,,,,,,Yes,,,,52,Bayview Village,52,Bayview Village (52),D33,629433.043143376,4848921.84011264
3375,7462016,1314089,9/10/2012 4:00:00 AM,943,3133 BAYVIEW AVE,BYNG AVE,,Major Arterial,North York,43.782045,-79.39149,,No Control,Clear,Daylight,Dry,Fatal,Pedestrian Collisions,Driver,50 to 54,None,,West,"Automobile, Station Wagon",Turning Right,Failed to Yield Right of Way,Inattentive,,,,,,,Yes,,Yes,,,,,,,Yes,,,,52,Bayview Village,52,Bayview Village (52),D33,629433.043143376,4848921.84011264
3376,7462017,1314089,9/10/2012 4:00:00 AM,943,3133 BAYVIEW AVE,BYNG AVE,,Major Arterial,North York,43.782045,-79.39149,,No Control,Clear,Daylight,Dry,Fatal,Pedestrian Collisions,Pedestrian,75 to 79,Fatal,29,West,Other,,,,Pedestrian hit at mid-block,Walking on Roadway Against Traffic,Normal,,,,Yes,,Yes,,,,,,,Yes,,,,52,Bayview Village,52,Bayview Village (52),D33,629433.043143376,4848921.84011264
3377,7467366,1316385,9/13/2012 4:00:00 AM,647,VICTORIA PARK AVE,TERRAVIEW BLVD,,Major Arterial,North York,43.764445,-79.31809,,No Control,Clear,Daylight,Dry,Non-Fatal Injury,Pedestrian Collisions,Motorcycle Driver,20 to 24,Minor,,North,Motorcycle,Going Ahead,Driving Properly,Normal,,,,,,,Yes,,,Yes,,,,,,,,,,119,Wexford/Maryvale,119,Wexford/Maryvale (119),D41,635379.137366714,4847084.46766872
3378,7467367,1316385,9/13/2012 4:00:00 AM,647,VICTORIA PARK AVE,TERRAVIEW BLVD,,Major Arterial,North York,43.764445,-79.31809,,No Control,Clear,Daylight,Dry,Non-Fatal Injury,Pedestrian Collisions,Pedestrian,45 to 49,Major,,West,Other,,,,Pedestrian hit at mid-block,Running onto Roadway,Normal,,,,Yes,,,Yes,,,,,,,,,,119,Wexford/Maryvale,119,Wexford/Maryvale (119),D41,635379.137366714,4847084.46766872
3379,7478086,1320816,9/15/2012 4:00:00 AM,858,EGLINTON AVE E,BIRCHMOUNT RD,,Major Arterial,Scarborough,43.729945,-79.27789,At Intersection,Traffic Signal,Clear,Daylight,Dry,Non-Fatal Injury,Pedestrian Collisions,Driver,30 to 34,None,,South,"Automobile, Station Wagon",Turning Left,Failed to Yield Right of Way,Inattentive,,,,,,,Yes,,Yes,,,,,,,Yes,,,,120,Clairlea-Birchmount,120,Clairlea-Birchmount (120),D41,638694.584501456,4843319.22725291
3380,7478087,1320816,9/15/2012 4:00:00 AM,858,EGLINTON AVE E,BIRCHMOUNT RD,,Major Arterial,Scarborough,43.729945,-79.27789,At Intersection,Traffic Signal,Clear,Daylight,Dry,Non-Fatal Injury,Pedestrian Collisions,Pedestrian,70 to 74,Major,,North,Other,,,,Vehicle turns left while ped crosses with ROW at inter.,Crossing with right of way,Normal,,,,Yes,,Yes,,,,,,,Yes,,,,120,Clairlea-Birchmount,120,Clairlea-Birchmount (120),D41,638694.584501456,4843319.22725291
3381,7528586,1320874,9/15/2012 4:00:00 AM,1638,DANFORTH Aven,CARLAW Aven,,Major Arterial,Toronto and East York,43.678445,-79.34729,At Intersection,Traffic Signal,Clear,Daylight,Dry,Non-Fatal Injury,Pedestrian Collisions,Driver,45 to 49,None,,East,"Automobile, Station Wagon",Turning Right,Failed to Yield Right of Way,Inattentive,,,,,,,Yes,,Yes,,,,,,,Yes,,,,68,North Riverdale,68,North Riverdale (68),D55,633219.243929673,4837485.59997577
3382,7528587,1320874,9/15/2012 4:00:00 AM,1638,DANFORTH Aven,CARLAW Aven,,Major Arterial,Toronto and East York,43.678445,-79.34729,At Intersection,Traffic Signal,Clear,Daylight,Dry,Non-Fatal Injury,Pedestrian Collisions,Pedestrian,80 to 84,Major,,West,Other,,,,Vehicle turns right while ped crosses with ROW at inter.,Crossing with right of way,Normal,,,,Yes,,Yes,,,,,,,Yes,,,,68,North Riverdale,68,North Riverdale (68),D55,633219.243929673,4837485.59997577
3383,7479451,1321399,9/16/2012 4:00:00 AM,103,DAVENPORT RD,MOUNT ROYAL AVE,,Minor Arterial,Toronto and East York,43.674544,-79.43259,,No Control,Clear,Dark,Dry,Non-Fatal Injury,Pedestrian Collisions,Driver,25 to 29,None,,East,"Automobile, Station Wagon",Going Ahead,Other,Normal,,,,,,,Yes,,Yes,,,,,,,,,,,94,Wychwood,94,Wychwood (94),D13,626351.624268811,4836918.86928601
3384,7479452,1321399,9/16/2012 4:00:00 AM,103,DAVENPORT RD,MOUNT ROYAL AVE,,Minor Arterial,Toronto and East York,43.674544,-79.43259,,No Control,Clear,Dark,Dry,Non-Fatal Injury,Pedestrian Collisions,Pedestrian,60 to 64,Major,,Unknown,,,,,Vehicle is going straight thru inter.while ped cross without ROW,Other,Medical or Physical Disability,,,,Yes,,Yes,,,,,,,,,,,94,Wychwood,94,Wychwood (94),D13,626351.624268811,4836918.86928601
3385,7480754,1321943,9/19/2012 4:00:00 AM,1846,MIDLAND AVE,PASSMORE AVE,,Major Arterial,Scarborough,43.820745,-79.29489,At Intersection,Traffic Signal,Clear,Dusk,Dry,Non-Fatal Injury,Pedestrian Collisions,Other,unknown,None,,,"Automobile, Station Wagon",,,,,,,,,,Yes,,Yes,,,Yes,,,,,,,,130,Milliken,130,Milliken (130),D42,637117.735638373,4853375.66669012
3386,7480755,1321943,9/19/2012 4:00:00 AM,1846,MIDLAND AVE,PASSMORE AVE,,Major Arterial,Scarborough,43.820745,-79.29489,At Intersection,Traffic Signal,Clear,Dusk,Dry,Non-Fatal Injury,Pedestrian Collisions,Driver,45 to 49,None,,North,Municipal Transit Bus (TTC),Turning Left,Driving Properly,Normal,,,,,,,Yes,,Yes,,,Yes,,,,,,,,130,Milliken,130,Milliken (130),D42,637117.735638373,4853375.66669012
3387,7480756,1321943,9/19/2012 4:00:00 AM,1846,MIDLAND AVE,PASSMORE AVE,,Major Arterial,Scarborough,43.820745,-79.29489,At Intersection,Traffic Signal,Clear,Dusk,Dry,Non-Fatal Injury,Pedestrian Collisions,Pedestrian,65 to 69,Major,,South,Other,,,,Pedestrian involved in a collision with transit vehicle anywhere along roadway,Crossing without right of way,Inattentive,,,,Yes,,Yes,,,Yes,,,,,,,,130,Milliken,130,Milliken (130),D42,637117.735638373,4853375.66669012
3388,7467018,1316232,9/21/2012 4:00:00 AM,920,VESTA DR,BATHURST ST,,Major Arterial,North York,43.703345,-79.42589,At Intersection,Traffic Signal,Clear,Daylight,Dry,Non-Fatal Injury,Pedestrian Collisions,Vehicle Owner,unknown,,,,Other,,,,,,,,,,Yes,,Yes,,,,,,,Yes,,,,102,Forest Hill North,102,Forest Hill North (102),D53,626831.009969758,4840127.84241121
3389,7467019,1316232,9/21/2012 4:00:00 AM,920,VESTA DR,BATHURST ST,,Major Arterial,North York,43.703345,-79.42589,At Intersection,Traffic Signal,Clear,Daylight,Dry,Non-Fatal Injury,Pedestrian Collisions,Driver,70 to 74,None,,East,"Automobile, Station Wagon",Turning Left,Failed to Yield Right of Way,Normal,,,,,,,Yes,,Yes,,,,,,,Yes,,,,102,Forest Hill North,102,Forest Hill North (102),D53,626831.009969758,4840127.84241121
3390,7467020,1316232,9/21/2012 4:00:00 AM,920,VESTA DR,BATHURST ST,,Major Arterial,North York,43.703345,-79.42589,At Intersection,Traffic Signal,Clear,Daylight,Dry,Non-Fatal Injury,Pedestrian Collisions,Pedestrian,70 to 74,Major,,West,Other,,,,Vehicle turns left while ped crosses with ROW at inter.,Crossing with right of way,Normal,,,,Yes,,Yes,,,,,,,Yes,,,,102,Forest Hill North,102,Forest Hill North (102),D53,626831.009969758,4840127.84241121
3391,7482405,1322655,9/22/2012 4:00:00 AM,1526,FRONT St E,SHERBOURNE St,,Minor Arterial,Toronto and East York,43.650345,-79.36789,At Intersection,Traffic Signal,Clear,Daylight,Dry,Non-Fatal Injury,Pedestrian Collisions,Vehicle Owner,unknown,,,,Other,,,,,,,,,,Yes,,Yes,,,,,,,,,,,166,St Lawrence-East Bayfront-The Islands,77,Waterfront Communities-The Island (77),D51,631620.12773697,4834331.83670745
3392,7482406,1322655,9/22/2012 4:00:00 AM,1526,FRONT St E,SHERBOURNE St,,Minor Arterial,Toronto and East York,43.650345,-79.36789,At Intersection,Traffic Signal,Clear,Daylight,Dry,Non-Fatal Injury,Pedestrian Collisions,Driver,40 to 44,None,,West,"Automobile, Station Wagon",Turning Left,Driving Properly,Normal,,,,,,,Yes,,Yes,,,,,,,,,,,166,St Lawrence-East Bayfront-The Islands,77,Waterfront Communities-The Island (77),D51,631620.12773697,4834331.83670745
3393,7482407,1322655,9/22/2012 4:00:00 AM,1526,FRONT St E,SHERBOURNE St,,Minor Arterial,Toronto and East York,43.650345,-79.36789,At Intersection,Traffic Signal,Clear,Daylight,Dry,Non-Fatal Injury,Pedestrian Collisions,Wheelchair,60 to 64,Major,,East,Other,,,,Vehicle turns left while ped crosses without ROW at inter.,Crossing without right of way,Medical or Physical Disability,,,,Yes,,Yes,,,,,,,,,,,166,St Lawrence-East Bayfront-The Islands,77,Waterfront Communities-The Island (77),D51,631620.12773697,4834331.83670745
3394,7467252,1316338,9/22/2012 4:00:00 AM,1845,264 ATTWELL DR,,,Collector,Etobicoke York,43.695545,-79.58959,,No Control,Clear,Daylight,Dry,Fatal,Pedestrian Collisions,Driver,15 to 19,None,,South,"Automobile, Station Wagon",Going Ahead,Lost control,Normal,,,,,,,Yes,,Yes,,,,,,,,,,,1,West Humber-Clairville,1,West Humber-Clairville (1),D23,613655.819564315,4839024.14021828
3395,7467253,1316338,9/22/2012 4:00:00 AM,1845,264 ATTWELL DR,,,Collector,Etobicoke York,43.695545,-79.58959,,No Control,Clear,Daylight,Dry,Fatal,Pedestrian Collisions,Pedestrian,15 to 19,Fatal,32,South,Other,,,,Pedestrian hit on sidewalk or shoulder,On Sidewalk or Shoulder,Normal,,,,Yes,,Yes,,,,,,,,,,,1,West Humber-Clairville,1,West Humber-Clairville (1),D23,613655.819564315,4839024.14021828
3396,7467254,1316338,9/22/2012 4:00:00 AM,1845,264 ATTWELL DR,,,Collector,Etobicoke York,43.695545,-79.58959,,No Control,Clear,Daylight,Dry,Fatal,Pedestrian Collisions,Pedestrian,15 to 19,None,,South,Other,,,,Pedestrian hit on sidewalk or shoulder,On Sidewalk or Shoulder,Normal,,,,Yes,,Yes,,,,,,,,,,,1,West Humber-Clairville,1,West Humber-Clairville (1),D23,613655.819564315,4839024.14021828
3397,7483183,1322994,9/24/2012 4:00:00 AM,853,LAWRENCE AVE W,BATHURST ST,,Major Arterial,North York,43.719245,-79.42979,At Intersection,Traffic Signal,Clear,Daylight,Dry,Non-Fatal Injury,Pedestrian Collisions,Driver,65 to 69,None,,East,"Automobile, Station Wagon",Going Ahead,Driving Properly,Normal,,,,,,,Yes,,Yes,,,,,,,,,,,39,Bedford Park-Nortown,39,Bedford Park-Nortown (39),D53,626483.320778077,4841887.80243069
3398,7483184,1322994,9/24/2012 4:00:00 AM,853,LAWRENCE AVE W,BATHURST ST,,Major Arterial,North York,43.719245,-79.42979,At Intersection,Traffic Signal,Clear,Daylight,Dry,Non-Fatal Injury,Pedestrian Collisions,Pedestrian,25 to 29,Major,,North,Other,,,,Pedestrian hit at mid-block,"Crossing, no Traffic Control",Normal,,,,Yes,,Yes,,,,,,,,,,,39,Bedford Park-Nortown,39,Bedford Park-Nortown (39),D53,626483.320778077,4841887.80243069
3399,7482853,1322840,9/24/2012 4:00:00 AM,858,BLOOR ST W,CLENDENAN AVE,,Major Arterial,Toronto and East York,43.652545,-79.46999,At Intersection,Traffic Signal,Clear,Daylight,Dry,Non-Fatal Injury,Pedestrian Collisions,Driver,35 to 39,None,,South,"Automobile, Station Wagon",Turning Left,Failed to Yield Right of Way,Normal,,,,,,,Yes,,Yes,,,,,,,Yes,,,,88,High Park North,88,High Park North (88),D11,623381.775250504,4834419.30185328
3400,7482854,1322840,9/24/2012 4:00:00 AM,858,BLOOR ST W,CLENDENAN AVE,,Major Arterial,Toronto and East York,43.652545,-79.46999,At Intersection,Traffic Signal,Clear,Daylight,Dry,Non-Fatal Injury,Pedestrian Collisions,Pedestrian,25 to 29,Major,,North,Other,,,,Vehicle turns left while ped crosses with ROW at inter.,Crossing with right of way,Normal,,,,Yes,,Yes,,,,,,,Yes,,,,88,High Park North,88,High Park North (88),D11,623381.775250504,4834419.30185328
3401,7487658,1324915,9/28/2012 4:00:00 AM,953,JOHN ST,KING ST W,,Major Arterial,Toronto and East York,43.646545,-79.38979,At Intersection,Traffic Signal,Clear,Daylight,Dry,Non-Fatal Injury,Pedestrian Collisions,Vehicle Owner,unknown,,,,Other,,,,,,,,,,Yes,,Yes,,,,,,,Yes,,,,164,Wellington Place,77,Waterfront Communities-The Island (77),D52,629862.190893354,4833875.29456449
3402,7487659,1324915,9/28/2012 4:00:00 AM,953,JOHN ST,KING ST W,,Major Arterial,Toronto and East York,43.646545,-79.38979,At Intersection,Traffic Signal,Clear,Daylight,Dry,Non-Fatal Injury,Pedestrian Collisions,Driver,50 to 54,None,,East,"Automobile, Station Wagon",Turning Left,Improper Passing,Unknown,,,,,,,Yes,,Yes,,,,,,,Yes,,,,164,Wellington Place,77,Waterfront Communities-The Island (77),D52,629862.190893354,4833875.29456449
3403,7487660,1324915,9/28/2012 4:00:00 AM,953,JOHN ST,KING ST W,,Major Arterial,Toronto and East York,43.646545,-79.38979,At Intersection,Traffic Signal,Clear,Daylight,Dry,Non-Fatal Injury,Pedestrian Collisions,Pedestrian,35 to 39,Major,,West,Other,,,,Vehicle turns left while ped crosses with ROW at inter.,Crossing with right of way,Normal,,,,Yes,,Yes,,,,,,,Yes,,,,164,Wellington Place,77,Waterfront Communities-The Island (77),D52,629862.190893354,4833875.29456449
3404,7470482,1317668,9/30/2012 4:00:00 AM,1044,EGLINTON Ave W,ALAMEDA Ave,,Major Arterial,North York,43.697645,-79.44089,,No Control,Clear,Daylight,Dry,Non-Fatal Injury,Pedestrian Collisions,Driver,35 to 39,None,,West,"Automobile, Station Wagon",Going Ahead,Driving Properly,Normal,,,,,,,Yes,,Yes,,,,,,,,,,,107,Oakwood Village,107,Oakwood Village (107),D13,625634.306131142,4839471.9401219
3405,7470483,1317668,9/30/2012 4:00:00 AM,1044,EGLINTON Ave W,ALAMEDA Ave,,Major Arterial,North York,43.697645,-79.44089,,No Control,Clear,Daylight,Dry,Non-Fatal Injury,Pedestrian Collisions,Pedestrian,20 to 24,Major,,North,Other,,,,Pedestrian hit at mid-block,"Crossing, no Traffic Control",Inattentive,,,,Yes,,Yes,,,,,,,,,,,107,Oakwood Village,107,Oakwood Village (107),D13,625634.306131142,4839471.9401219
3406,7559877,1324885,10/1/2012 4:00:00 AM,1000,DON MILLS RD,THE DONWAY  E,,Major Arterial,North York,43.732245,-79.34209,,Traffic Signal,Clear,Daylight,Dry,Non-Fatal Injury,Pedestrian Collisions,Driver,60 to 64,Minor,,North,"Automobile, Station Wagon",Going Ahead,Disobeyed Traffic Control,Normal,,,,,,,Yes,,Yes,,,,,,,Yes,Yes,,,42,Banbury-Don Mills,42,Banbury-Don Mills (42),D33,633518.904057335,4843469.21963884
3407,7559878,1324885,10/1/2012 4:00:00 AM,1000,DON MILLS RD,THE DONWAY  E,,Major Arterial,North York,43.732245,-79.34209,,Traffic Signal,Clear,Daylight,Dry,Non-Fatal Injury,Pedestrian Collisions,Driver,50 to 54,None,,West,"Automobile, Station Wagon",Going Ahead,Driving Properly,Normal,,,,,,,Yes,,Yes,,,,,,,Yes,Yes,,,42,Banbury-Don Mills,42,Banbury-Don Mills (42),D33,633518.904057335,4843469.21963884
3408,7559879,1324885,10/1/2012 4:00:00 AM,1000,DON MILLS RD,THE DONWAY  E,,Major Arterial,North York,43.732245,-79.34209,,Traffic Signal,Clear,Daylight,Dry,Non-Fatal Injury,Pedestrian Collisions,Other Property Owner,unknown,,,,Other,,,,,,,,,,Yes,,Yes,,,,,,,Yes,Yes,,,42,Banbury-Don Mills,42,Banbury-Don Mills (42),D33,633518.904057335,4843469.21963884
3409,7559880,1324885,10/1/2012 4:00:00 AM,1000,DON MILLS RD,THE DONWAY  E,,Major Arterial,North York,43.732245,-79.34209,,Traffic Signal,Clear,Daylight,Dry,Non-Fatal Injury,Pedestrian Collisions,Pedestrian,85 to 89,Major,,Unknown,Other,,,,Pedestrian hit on sidewalk or shoulder,On Sidewalk or Shoulder,Normal,,,,Yes,,Yes,,,,,,,Yes,Yes,,,42,Banbury-Don Mills,42,Banbury-Don Mills (42),D33,633518.904057335,4843469.21963884