OBJECTID,INDEX,ACCNUM,DATE,TIME,STREET1,STREET2,OFFSET,ROAD_CLASS,DISTRICT,LATITUDE,LONGITUDE,ACCLOC,TRAFFCTL,VISIBILITY,LIGHT,RDSFCOND,ACCLASS,IMPACTYPE,INVTYPE,INVAGE,INJURY,FATAL_NO,INITDIR,VEHTYPE,MANOEUVER,DRIVACT,DRIVCOND,PEDTYPE,PEDACT,PEDCOND,CYCLISTYPE,CYCACT,CYCCOND,PEDESTRIAN,CYCLIST,AUTOMOBILE,MOTORCYCLE,TRUCK,TRSN_CITY_VEH,EMERG_VEH,PASSENGER,SPEEDING,AG_DRIV,REDLIGHT,ALCOHOL,DISABILITY,HOOD_158,NEIGHBOURHOOD_158,HOOD_140,NEIGHBOURHOOD_140,DIVISION,x,y
3410,7470894,1317840,10/1/2012 4:00:00 AM,1454,COSBURN AVE,CEDARVALE AVE,,Collector,Toronto and East York,43.696845,-79.31569,At Intersection,Pedestrian Crossover,Clear,Daylight,Dry,Non-Fatal Injury,Pedestrian Collisions,Driver,65 to 69,None,,South,"Automobile, Station Wagon",Turning Left,Failed to Yield Right of Way,Inattentive,,,,,,,Yes,,Yes,,,,,,,Yes,,,,60,Woodbine-Lumsden,60,Woodbine-Lumsden (60),D55,635724.932626019,4839580.41863422
3411,7470895,1317840,10/1/2012 4:00:00 AM,1454,COSBURN AVE,CEDARVALE AVE,,Collector,Toronto and East York,43.696845,-79.31569,At Intersection,Pedestrian Crossover,Clear,Daylight,Dry,Non-Fatal Injury,Pedestrian Collisions,Pedestrian,75 to 79,Major,,South,Other,,,,Pedestrian hit a PXO/ped. Mid-block signal,"Crossing, Pedestrian Crossover",Normal,,,,Yes,,Yes,,,,,,,Yes,,,,60,Woodbine-Lumsden,60,Woodbine-Lumsden (60),D55,635724.932626019,4839580.41863422
3412,7471737,1318227,10/3/2012 4:00:00 AM,1440,2700 KINGSTON RD,,,Major Arterial,Scarborough,43.715645,-79.24329,At Intersection,Traffic Signal,"Fog, Mist, Smoke, Dust",Daylight,Wet,Non-Fatal Injury,Pedestrian Collisions,Passenger,45 to 49,Minimal,,,Other,,,,,,,,,,Yes,,Yes,,,,,Yes,,,,,,123,Cliffcrest,123,Cliffcrest (123),D41,641514.886129779,4841789.49803039
3413,7471738,1318227,10/3/2012 4:00:00 AM,1440,2700 KINGSTON RD,,,Major Arterial,Scarborough,43.715645,-79.24329,At Intersection,Traffic Signal,"Fog, Mist, Smoke, Dust",Daylight,Wet,Non-Fatal Injury,Pedestrian Collisions,Vehicle Owner,unknown,,,,Other,,,,,,,,,,Yes,,Yes,,,,,Yes,,,,,,123,Cliffcrest,123,Cliffcrest (123),D41,641514.886129779,4841789.49803039
3414,7471739,1318227,10/3/2012 4:00:00 AM,1440,2700 KINGSTON RD,,,Major Arterial,Scarborough,43.715645,-79.24329,At Intersection,Traffic Signal,"Fog, Mist, Smoke, Dust",Daylight,Wet,Non-Fatal Injury,Pedestrian Collisions,Driver,40 to 44,None,,West,"Automobile, Station Wagon",Going Ahead,Driving Properly,Normal,,,,,,,Yes,,Yes,,,,,Yes,,,,,,123,Cliffcrest,123,Cliffcrest (123),D41,641514.886129779,4841789.49803039
3415,7471740,1318227,10/3/2012 4:00:00 AM,1440,2700 KINGSTON RD,,,Major Arterial,Scarborough,43.715645,-79.24329,At Intersection,Traffic Signal,"Fog, Mist, Smoke, Dust",Daylight,Wet,Non-Fatal Injury,Pedestrian Collisions,Pedestrian,15 to 19,Major,,North,Other,,,,Vehicle is going straight thru inter.while ped cross without ROW,Crossing without right of way,Inattentive,,,,Yes,,Yes,,,,,Yes,,,,,,123,Cliffcrest,123,Cliffcrest (123),D41,641514.886129779,4841789.49803039
3416,7490098,1325976,10/5/2012 4:00:00 AM,1529,PATINA DR,SIROCCO DR,,Local,North York,43.803245,-79.37019,,No Control,Clear,Daylight,Dry,Non-Fatal Injury,Pedestrian Collisions,Driver,40 to 44,None,,South,"Automobile, Station Wagon",Going Ahead,Driving Properly,Normal,,,,,,,Yes,,Yes,,,,,,,,,,,48,Hillcrest Village,48,Hillcrest Village (48),D33,631100.65618561,4851309.95583231
3417,7490099,1325976,10/5/2012 4:00:00 AM,1529,PATINA DR,SIROCCO DR,,Local,North York,43.803245,-79.37019,,No Control,Clear,Daylight,Dry,Non-Fatal Injury,Pedestrian Collisions,Pedestrian,15 to 19,Major,,West,Other,,,,Pedestrian hit at mid-block,Running onto Roadway,Inattentive,,,,Yes,,Yes,,,,,,,,,,,48,Hillcrest Village,48,Hillcrest Village (48),D33,631100.65618561,4851309.95583231
3418,7491861,1326729,10/9/2012 4:00:00 AM,1249,ST CLAIR AVE W,BOON AVE,,Major Arterial,Toronto and East York,43.677245,-79.446391,,No Control,Clear,Daylight,Dry,Non-Fatal Injury,Pedestrian Collisions,Vehicle Owner,unknown,,,,Other,,,,,,,,,,Yes,,,,,Yes,,,,,,,,92,Corso Italia-Davenport,92,Corso Italia-Davenport (92),D13,625233.472722969,4837197.92169782
3419,7491862,1326729,10/9/2012 4:00:00 AM,1249,ST CLAIR AVE W,BOON AVE,,Major Arterial,Toronto and East York,43.677245,-79.446391,,No Control,Clear,Daylight,Dry,Non-Fatal Injury,Pedestrian Collisions,Driver,30 to 34,None,,West,Municipal Transit Bus (TTC),Going Ahead,Driving Properly,Normal,,,,,,,Yes,,,,,Yes,,,,,,,,92,Corso Italia-Davenport,92,Corso Italia-Davenport (92),D13,625233.472722969,4837197.92169782
3420,7491863,1326729,10/9/2012 4:00:00 AM,1249,ST CLAIR AVE W,BOON AVE,,Major Arterial,Toronto and East York,43.677245,-79.446391,,No Control,Clear,Daylight,Dry,Non-Fatal Injury,Pedestrian Collisions,Pedestrian,50 to 54,Major,,South,Other,,,,Pedestrian involved in a collision with transit vehicle anywhere along roadway,"Crossing, no Traffic Control",Normal,,,,Yes,,,,,Yes,,,,,,,,92,Corso Italia-Davenport,92,Corso Italia-Davenport (92),D13,625233.472722969,4837197.92169782
3421,7515272,1318785,10/9/2012 4:00:00 AM,1728,STEELES AVE W,HIGHWAY 27 S,,Major Arterial,Etobicoke York,43.755445,-79.61419,At Intersection,Traffic Signal,Clear,Dusk,Dry,Non-Fatal Injury,Pedestrian Collisions,Vehicle Owner,unknown,,,,Other,,,,,,,,,,Yes,,,,Yes,,,,,Yes,,,,NSA,NSA,NSA,NSA,D23,611562.208811294,4845643.44513749
3422,7515273,1318785,10/9/2012 4:00:00 AM,1728,STEELES AVE W,HIGHWAY 27 S,,Major Arterial,Etobicoke York,43.755445,-79.61419,At Intersection,Traffic Signal,Clear,Dusk,Dry,Non-Fatal Injury,Pedestrian Collisions,Truck Driver,55 to 59,None,,East,Truck - Open,Turning Right,Failed to Yield Right of Way,Normal,,,,,,,Yes,,,,Yes,,,,,Yes,,,,NSA,NSA,NSA,NSA,D23,611562.208811294,4845643.44513749
3423,7515274,1318785,10/9/2012 4:00:00 AM,1728,STEELES AVE W,HIGHWAY 27 S,,Major Arterial,Etobicoke York,43.755445,-79.61419,At Intersection,Traffic Signal,Clear,Dusk,Dry,Non-Fatal Injury,Pedestrian Collisions,Trailer Owner,unknown,,,,Other,,,,,,,,,,Yes,,,,Yes,,,,,Yes,,,,NSA,NSA,NSA,NSA,D23,611562.208811294,4845643.44513749
3424,7515275,1318785,10/9/2012 4:00:00 AM,1728,STEELES AVE W,HIGHWAY 27 S,,Major Arterial,Etobicoke York,43.755445,-79.61419,At Intersection,Traffic Signal,Clear,Dusk,Dry,Non-Fatal Injury,Pedestrian Collisions,Pedestrian,40 to 44,Major,,East,Other,,,,Vehicle turns right while ped crosses with ROW at inter.,Crossing with right of way,Normal,,,,Yes,,,,Yes,,,,,Yes,,,,NSA,NSA,NSA,NSA,D23,611562.208811294,4845643.44513749
3425,7515276,1318785,10/9/2012 4:00:00 AM,1728,STEELES AVE W,HIGHWAY 27 S,,Major Arterial,Etobicoke York,43.755445,-79.61419,At Intersection,Traffic Signal,Clear,Dusk,Dry,Non-Fatal Injury,Pedestrian Collisions,Pedestrian,10 to 14,Minimal,,East,Other,,,,Vehicle turns right while ped crosses with ROW at inter.,Crossing with right of way,Normal,,,,Yes,,,,Yes,,,,,Yes,,,,NSA,NSA,NSA,NSA,D23,611562.208811294,4845643.44513749
3426,7491330,1326517,10/10/2012 4:00:00 AM,1429,SHEPPARD AVE E,WARDEN AVE,,Major Arterial,Scarborough,43.778745,-79.30789,At Intersection,Traffic Signal,Clear,Daylight,Dry,Non-Fatal Injury,Pedestrian Collisions,Pedestrian,70 to 74,Major,,West,Other,,,,Vehicle turns right while ped crosses with ROW at inter.,Crossing with right of way,Normal,,,,Yes,,,,Yes,,,,,Yes,,,,118,Tam O'Shanter-Sullivan,118,Tam O'Shanter-Sullivan (118),D42,636167.699737829,4848689.42985453
3427,7491331,1326517,10/10/2012 4:00:00 AM,1429,SHEPPARD AVE E,WARDEN AVE,,Major Arterial,Scarborough,43.778745,-79.30789,At Intersection,Traffic Signal,Clear,Daylight,Dry,Non-Fatal Injury,Pedestrian Collisions,Vehicle Owner,unknown,,,,Other,,,,,,,,,,Yes,,,,Yes,,,,,Yes,,,,118,Tam O'Shanter-Sullivan,118,Tam O'Shanter-Sullivan (118),D42,636167.699737829,4848689.42985453
3428,7491332,1326517,10/10/2012 4:00:00 AM,1429,SHEPPARD AVE E,WARDEN AVE,,Major Arterial,Scarborough,43.778745,-79.30789,At Intersection,Traffic Signal,Clear,Daylight,Dry,Non-Fatal Injury,Pedestrian Collisions,Truck Driver,60 to 64,None,,South,Truck - Open,Turning Right,Failed to Yield Right of Way,Normal,,,,,,,Yes,,,,Yes,,,,,Yes,,,,118,Tam O'Shanter-Sullivan,118,Tam O'Shanter-Sullivan (118),D42,636167.699737829,4848689.42985453
3429,7477448,1320584,10/12/2012 4:00:00 AM,145,EGLINTON AVE W,HENNING AVE,,Major Arterial,North York,43.706245,-79.40069,,No Control,Clear,Dark,Dry,Non-Fatal Injury,Pedestrian Collisions,Pedestrian,50 to 54,Major,,Unknown,Other,,,,Pedestrian involved in a collision with transit vehicle anywhere along roadway,Person Getting on/off School Bus,Had Been Drinking,,,,Yes,,,,,Yes,,,,,,,,100,Yonge-Eglinton,100,Yonge-Eglinton (100),D53,628855.259662882,4840488.78894567
3430,7477449,1320584,10/12/2012 4:00:00 AM,145,EGLINTON AVE W,HENNING AVE,,Major Arterial,North York,43.706245,-79.40069,,No Control,Clear,Dark,Dry,Non-Fatal Injury,Pedestrian Collisions,Driver,unknown,None,,East,Municipal Transit Bus (TTC),Stopped,Driving Properly,Normal,,,,,,,Yes,,,,,Yes,,,,,,,,100,Yonge-Eglinton,100,Yonge-Eglinton (100),D53,628855.259662882,4840488.78894567
3431,7493668,1327537,10/13/2012 4:00:00 AM,1915,BLEECKER ST,EARL ST,,Local,Toronto and East York,43.670445,-79.37509,,No Control,Rain,Dark,Wet,Non-Fatal Injury,Pedestrian Collisions,Driver,45 to 49,None,,North,"Automobile, Station Wagon",Reversing,Other,Inattentive,,,,,,,Yes,,Yes,,,,,,,,,,,74,North St.James Town,74,North St.James Town (74),D51,630995.76362291,4836552.81454184
3432,7493669,1327537,10/13/2012 4:00:00 AM,1915,BLEECKER ST,EARL ST,,Local,Toronto and East York,43.670445,-79.37509,,No Control,Rain,Dark,Wet,Non-Fatal Injury,Pedestrian Collisions,Pedestrian,50 to 54,Major,,East,Other,,,,Vehicle is reversing and hits pedestrian,Other,Normal,,,,Yes,,Yes,,,,,,,,,,,74,North St.James Town,74,North St.James Town (74),D51,630995.76362291,4836552.81454184
3433,7542459,1319472,10/13/2012 4:00:00 AM,2150,BLOOR ST W,DUNDAS ST W,,Major Arterial,Toronto and East York,43.65631,-79.452441,At Intersection,Traffic Signal,Rain,Dark,Wet,Non-Fatal Injury,Pedestrian Collisions,Driver,35 to 39,None,,East,"Automobile, Station Wagon",Going Ahead,Disobeyed Traffic Control,Inattentive,,,,,,,Yes,,Yes,,,,,,,Yes,Yes,,,86,Roncesvalles,86,Roncesvalles (86),D11,624789.161653165,4834863.69626211
3434,7542460,1319472,10/13/2012 4:00:00 AM,2150,BLOOR ST W,DUNDAS ST W,,Major Arterial,Toronto and East York,43.65631,-79.452441,At Intersection,Traffic Signal,Rain,Dark,Wet,Non-Fatal Injury,Pedestrian Collisions,Pedestrian,85 to 89,Major,,North,,,,,Vehicle is going straight thru inter.while ped cross with ROW,Crossing with right of way,Normal,,,,Yes,,Yes,,,,,,,Yes,Yes,,,86,Roncesvalles,86,Roncesvalles (86),D11,624789.161653165,4834863.69626211
3435,7493703,1327549,10/13/2012 4:00:00 AM,2316,KENNEDY RD,STEELES AVE E,,Major Arterial,Scarborough,43.823645,-79.30709,At Intersection,Traffic Signal,Rain,"Dark, artificial",Wet,Non-Fatal Injury,Pedestrian Collisions,Driver,20 to 24,Major,,South,"Automobile, Station Wagon",Turning Left,Failed to Yield Right of Way,Inattentive,,,,,,,Yes,,Yes,,,,,,,Yes,,,,116,Steeles,116,Steeles (116),D42,636130.061572786,4853677.60960107
3436,7493704,1327549,10/13/2012 4:00:00 AM,2316,KENNEDY RD,STEELES AVE E,,Major Arterial,Scarborough,43.823645,-79.30709,At Intersection,Traffic Signal,Rain,"Dark, artificial",Wet,Non-Fatal Injury,Pedestrian Collisions,Pedestrian,40 to 44,Minor,,South,Other,,,,Vehicle turns left while ped crosses with ROW at inter.,Crossing with right of way,Normal,,,,Yes,,Yes,,,,,,,Yes,,,,116,Steeles,116,Steeles (116),D42,636130.061572786,4853677.60960107
3437,7494795,1328014,10/16/2012 4:00:00 AM,1039,BERNARD AVE,SPADINA RD,,Minor Arterial,Toronto and East York,43.672145,-79.40599,At Intersection,Traffic Signal,Clear,Daylight,Dry,Non-Fatal Injury,Pedestrian Collisions,Driver,70 to 74,Major,,South,"Automobile, Station Wagon",Turning Left,Failed to Yield Right of Way,Normal,,,,,,,Yes,,Yes,,,,,,,Yes,,,,95,Annex,95,Annex (95),D53,628501.037345441,4836693.29064187
3438,7494796,1328014,10/16/2012 4:00:00 AM,1039,BERNARD AVE,SPADINA RD,,Minor Arterial,Toronto and East York,43.672145,-79.40599,At Intersection,Traffic Signal,Clear,Daylight,Dry,Non-Fatal Injury,Pedestrian Collisions,Pedestrian,70 to 74,Major,,North,Other,,,,Vehicle turns left while ped crosses with ROW at inter.,Crossing with right of way,Normal,,,,Yes,,Yes,,,,,,,Yes,,,,95,Annex,95,Annex (95),D53,628501.037345441,4836693.29064187
3439,7494766,1328002,10/16/2012 4:00:00 AM,1900,MIDLAND AVE,PRUDENTIAL DR,,Major Arterial,Scarborough,43.749645,-79.26449,At Intersection,Traffic Signal,Clear,"Dark, artificial",Dry,Non-Fatal Injury,Pedestrian Collisions,Vehicle Owner,unknown,,,,Other,,,,,,,,,,Yes,,Yes,,,,,,,Yes,,,,126,Dorset Park,126,Dorset Park (126),D41,639727.965546235,4845529.72500642
3440,7494767,1328002,10/16/2012 4:00:00 AM,1900,MIDLAND AVE,PRUDENTIAL DR,,Major Arterial,Scarborough,43.749645,-79.26449,At Intersection,Traffic Signal,Clear,"Dark, artificial",Dry,Non-Fatal Injury,Pedestrian Collisions,Driver,50 to 54,None,,East,"Automobile, Station Wagon",Turning Left,Failed to Yield Right of Way,Normal,,,,,,,Yes,,Yes,,,,,,,Yes,,,,126,Dorset Park,126,Dorset Park (126),D41,639727.965546235,4845529.72500642
3441,7494768,1328002,10/16/2012 4:00:00 AM,1900,MIDLAND AVE,PRUDENTIAL DR,,Major Arterial,Scarborough,43.749645,-79.26449,At Intersection,Traffic Signal,Clear,"Dark, artificial",Dry,Non-Fatal Injury,Pedestrian Collisions,Pedestrian,30 to 34,Major,,West,Other,,,,Vehicle turns left while ped crosses with ROW at inter.,Crossing with right of way,Normal,,,,Yes,,Yes,,,,,,,Yes,,,,126,Dorset Park,126,Dorset Park (126),D41,639727.965546235,4845529.72500642
3442,7494432,1327859,10/17/2012 4:00:00 AM,715,ELLESMERE RD,PARKINGTON CRES,,Major Arterial,Scarborough,43.773345,-79.24629,At Intersection,Traffic Signal,Clear,Daylight,Dry,Non-Fatal Injury,Pedestrian Collisions,Driver,35 to 39,None,,East,"Automobile, Station Wagon",Going Ahead,Driving Properly,Normal,,,,,,,Yes,,Yes,,,,,,,,,,,142,Woburn North,137,Woburn (137),D43,641137.543578043,4848192.83946953
3443,7494433,1327859,10/17/2012 4:00:00 AM,715,ELLESMERE RD,PARKINGTON CRES,,Major Arterial,Scarborough,43.773345,-79.24629,At Intersection,Traffic Signal,Clear,Daylight,Dry,Non-Fatal Injury,Pedestrian Collisions,Pedestrian,35 to 39,Major,,North,Other,,,,Vehicle is going straight thru inter.while ped cross without ROW,Crossing without right of way,Inattentive,,,,Yes,,Yes,,,,,,,,,,,142,Woburn North,137,Woburn (137),D43,641137.543578043,4848192.83946953
3444,7480858,1321983,10/18/2012 4:00:00 AM,1944,ROGERS RD,SILVERTHORN AVE,,Minor Arterial,Etobicoke York,43.682745,-79.46329,At Intersection,Traffic Signal,Rain,Dark,Wet,Non-Fatal Injury,Pedestrian Collisions,Driver,unknown,None,,North,"Automobile, Station Wagon",Turning Left,Failed to Yield Right of Way,Unknown,,,,,,,Yes,,Yes,,,,,,,Yes,,,,110,Keelesdale-Eglinton West,110,Keelesdale-Eglinton West (110),D12,623859.94644662,4837783.39461608
3445,7480859,1321983,10/18/2012 4:00:00 AM,1944,ROGERS RD,SILVERTHORN AVE,,Minor Arterial,Etobicoke York,43.682745,-79.46329,At Intersection,Traffic Signal,Rain,Dark,Wet,Non-Fatal Injury,Pedestrian Collisions,Pedestrian,50 to 54,Major,,South,Other,,,,Vehicle turns left while ped crosses with ROW at inter.,Crossing with right of way,Normal,,,,Yes,,Yes,,,,,,,Yes,,,,110,Keelesdale-Eglinton West,110,Keelesdale-Eglinton West (110),D12,623859.94644662,4837783.39461608
3446,7495133,1328148,10/20/2012 4:00:00 AM,955,EGLINTON AVE E,SUTHERLAND DR,,Major Arterial,North York,43.713045,-79.36719,At Intersection,Traffic Signal,Clear,Daylight,Dry,Non-Fatal Injury,Pedestrian Collisions,Driver,80 to 84,None,,South,"Automobile, Station Wagon",Turning Left,Failed to Yield Right of Way,Normal,,,,,,,Yes,,Yes,,,,,,,Yes,,,,56,Leaside-Bennington,56,Leaside-Bennington (56),D53,631539.481828584,4841296.64218651
3447,7495134,1328148,10/20/2012 4:00:00 AM,955,EGLINTON AVE E,SUTHERLAND DR,,Major Arterial,North York,43.713045,-79.36719,At Intersection,Traffic Signal,Clear,Daylight,Dry,Non-Fatal Injury,Pedestrian Collisions,Pedestrian,40 to 44,Major,,North,Other,,,,Vehicle turns left while ped crosses with ROW at inter.,Crossing with right of way,Normal,,,,Yes,,Yes,,,,,,,Yes,,,,56,Leaside-Bennington,56,Leaside-Bennington (56),D53,631539.481828584,4841296.64218651
3448,7559769,1321562,10/22/2012 4:00:00 AM,704,SHEPPARD AVE W,KEELE ST,,Major Arterial,North York,43.744645,-79.48739,,No Control,Clear,Daylight,Dry,Non-Fatal Injury,Pedestrian Collisions,Vehicle Owner,unknown,,,,Other,,,,,,,,,,Yes,,Yes,,,,,,,,,,,27,York University Heights,27,York University Heights (27),D31,621791.998733564,4844622.54659197
3449,7559770,1321562,10/22/2012 4:00:00 AM,704,SHEPPARD AVE W,KEELE ST,,Major Arterial,North York,43.744645,-79.48739,,No Control,Clear,Daylight,Dry,Non-Fatal Injury,Pedestrian Collisions,Driver,65 to 69,None,,West,"Automobile, Station Wagon",Going Ahead,Driving Properly,Normal,,,,,,,Yes,,Yes,,,,,,,,,,,27,York University Heights,27,York University Heights (27),D31,621791.998733564,4844622.54659197
3450,7559771,1321562,10/22/2012 4:00:00 AM,704,SHEPPARD AVE W,KEELE ST,,Major Arterial,North York,43.744645,-79.48739,,No Control,Clear,Daylight,Dry,Non-Fatal Injury,Pedestrian Collisions,Pedestrian,45 to 49,Major,,Unknown,Other,,,,Pedestrian hit at mid-block,"Crossing, no Traffic Control",Had Been Drinking,,,,Yes,,Yes,,,,,,,,,,,27,York University Heights,27,York University Heights (27),D31,621791.998733564,4844622.54659197
3451,7542745,1328482,10/22/2012 4:00:00 AM,1343,PARLIAMENT ST,CARLTON ST,,Minor Arterial,Toronto and East York,43.664245,-79.36799,At Intersection,Traffic Signal,Clear,Daylight,Dry,Non-Fatal Injury,Pedestrian Collisions,Driver,20 to 24,None,,South,"Automobile, Station Wagon",Turning Right,Failed to Yield Right of Way,Normal,,,,,,,Yes,,Yes,,,,,,,Yes,,,,73,Moss Park,73,Moss Park (73),D51,631581.698591119,4835875.45763819
3452,7542746,1328482,10/22/2012 4:00:00 AM,1343,PARLIAMENT ST,CARLTON ST,,Minor Arterial,Toronto and East York,43.664245,-79.36799,At Intersection,Traffic Signal,Clear,Daylight,Dry,Non-Fatal Injury,Pedestrian Collisions,Pedestrian,60 to 64,Major,,North,Other,,,,Vehicle turns right while ped crosses with ROW at inter.,Crossing with right of way,Normal,,,,Yes,,Yes,,,,,,,Yes,,,,73,Moss Park,73,Moss Park (73),D51,631581.698591119,4835875.45763819
3453,7528690,1321792,10/23/2012 4:00:00 AM,1937,DIXON RD,CELESTINE DR,,Major Arterial,Etobicoke York,43.693345,-79.56249,At Intersection,Traffic Signal,Clear,"Dark, artificial",Dry,Non-Fatal Injury,Pedestrian Collisions,Vehicle Owner,unknown,,,,Other,,,,,,,,,,Yes,,Yes,,,,,,,,,,,7,Willowridge-Martingrove-Richview,7,Willowridge-Martingrove-Richview (7),D23,615843.884666895,4838817.302377
3454,7528691,1321792,10/23/2012 4:00:00 AM,1937,DIXON RD,CELESTINE DR,,Major Arterial,Etobicoke York,43.693345,-79.56249,At Intersection,Traffic Signal,Clear,"Dark, artificial",Dry,Non-Fatal Injury,Pedestrian Collisions,Driver,50 to 54,None,,West,"Automobile, Station Wagon",Going Ahead,Driving Properly,Normal,,,,,,,Yes,,Yes,,,,,,,,,,,7,Willowridge-Martingrove-Richview,7,Willowridge-Martingrove-Richview (7),D23,615843.884666895,4838817.302377
3455,7528692,1321792,10/23/2012 4:00:00 AM,1937,DIXON RD,CELESTINE DR,,Major Arterial,Etobicoke York,43.693345,-79.56249,At Intersection,Traffic Signal,Clear,"Dark, artificial",Dry,Non-Fatal Injury,Pedestrian Collisions,Pedestrian,20 to 24,Major,,North,Other,,,,Vehicle is going straight thru inter.while ped cross without ROW,Running onto Roadway,Unknown,,,,Yes,,Yes,,,,,,,,,,,7,Willowridge-Martingrove-Richview,7,Willowridge-Martingrove-Richview (7),D23,615843.884666895,4838817.302377
3456,7496570,1328738,10/25/2012 4:00:00 AM,637,SHUTER ST,VICTORIA ST,,Minor Arterial,Toronto and East York,43.654345,-79.37879,At Intersection,Traffic Signal,Clear,"Dawn, artificial",Dry,Non-Fatal Injury,Pedestrian Collisions,Vehicle Owner,unknown,,,,Other,,,,,,,,,,Yes,,Yes,,,,,,,Yes,,,,168,Downtown Yonge East,75,Church-Yonge Corridor (75),D51,630732.417654141,4834758.85856153
3457,7496571,1328738,10/25/2012 4:00:00 AM,637,SHUTER ST,VICTORIA ST,,Minor Arterial,Toronto and East York,43.654345,-79.37879,At Intersection,Traffic Signal,Clear,"Dawn, artificial",Dry,Non-Fatal Injury,Pedestrian Collisions,Driver,45 to 49,None,,West,"Automobile, Station Wagon",Turning Left,Failed to Yield Right of Way,Inattentive,,,,,,,Yes,,Yes,,,,,,,Yes,,,,168,Downtown Yonge East,75,Church-Yonge Corridor (75),D51,630732.417654141,4834758.85856153
3458,7496572,1328738,10/25/2012 4:00:00 AM,637,SHUTER ST,VICTORIA ST,,Minor Arterial,Toronto and East York,43.654345,-79.37879,At Intersection,Traffic Signal,Clear,"Dawn, artificial",Dry,Non-Fatal Injury,Pedestrian Collisions,Pedestrian,60 to 64,Major,,East,Other,,,,Vehicle turns left while ped crosses with ROW at inter.,Crossing with right of way,Normal,,,,Yes,,Yes,,,,,,,Yes,,,,168,Downtown Yonge East,75,Church-Yonge Corridor (75),D51,630732.417654141,4834758.85856153
3459,7515603,1322204,10/25/2012 4:00:00 AM,1522,ST CLAIR AVE W,HENDRICK AVE,,Major Arterial,Toronto and East York,43.680545,-79.431087,,No Control,Clear,Daylight,Dry,Non-Fatal Injury,Pedestrian Collisions,Driver,40 to 44,None,,West,Municipal Transit Bus (TTC),Going Ahead,Driving Properly,Normal,,,,,,,Yes,,,,,Yes,,,,,,,,94,Wychwood,94,Wychwood (94),D13,626460.178027905,4837587.65175982
3460,7515604,1322204,10/25/2012 4:00:00 AM,1522,ST CLAIR AVE W,HENDRICK AVE,,Major Arterial,Toronto and East York,43.680545,-79.431087,,No Control,Clear,Daylight,Dry,Non-Fatal Injury,Pedestrian Collisions,Pedestrian,30 to 34,Major,,South,Other,,,,Pedestrian involved in a collision with transit vehicle anywhere along roadway,"Crossing, no Traffic Control",Unknown,,,,Yes,,,,,Yes,,,,,,,,94,Wychwood,94,Wychwood (94),D13,626460.178027905,4837587.65175982
3461,7542518,1322361,10/26/2012 4:00:00 AM,835,BOGERT AVE,BEECROFT RD,,Local,North York,43.760545,-79.41139,,No Control,Clear,Daylight,Dry,Non-Fatal Injury,Pedestrian Collisions,Driver,unknown,None,,West,Other,Disabled,Other,Other,,,,,,,Yes,,,,,,,,,,,,,38,Lansing-Westgate,38,Lansing-Westgate (38),D32,627877.535439616,4846503.01713082
3462,7542519,1322361,10/26/2012 4:00:00 AM,835,BOGERT AVE,BEECROFT RD,,Local,North York,43.760545,-79.41139,,No Control,Clear,Daylight,Dry,Non-Fatal Injury,Pedestrian Collisions,Pedestrian,45 to 49,Major,,Unknown,Other,,,,Pedestrian hit at mid-block,Person Getting on/off School Bus,Normal,,,,Yes,,,,,,,,,,,,,38,Lansing-Westgate,38,Lansing-Westgate (38),D32,627877.535439616,4846503.01713082
3463,7497435,1329099,10/28/2012 4:00:00 AM,2135,FINCH AVE W,ARDWICK BLVD,,Major Arterial,Etobicoke York,43.748745,-79.55759,At Intersection,Traffic Signal,Rain,"Dark, artificial",Wet,Non-Fatal Injury,Pedestrian Collisions,Vehicle Owner,unknown,,,,Other,,,,,,,,,,Yes,,Yes,,,,,,,Yes,,,,22,Humbermede,22,Humbermede (22),D31,616131.680557068,4844977.10296946
3464,7497436,1329099,10/28/2012 4:00:00 AM,2135,FINCH AVE W,ARDWICK BLVD,,Major Arterial,Etobicoke York,43.748745,-79.55759,At Intersection,Traffic Signal,Rain,"Dark, artificial",Wet,Non-Fatal Injury,Pedestrian Collisions,Driver,25 to 29,None,,North,"Automobile, Station Wagon",Turning Left,Failed to Yield Right of Way,Normal,,,,,,,Yes,,Yes,,,,,,,Yes,,,,22,Humbermede,22,Humbermede (22),D31,616131.680557068,4844977.10296946
3465,7497437,1329099,10/28/2012 4:00:00 AM,2135,FINCH AVE W,ARDWICK BLVD,,Major Arterial,Etobicoke York,43.748745,-79.55759,At Intersection,Traffic Signal,Rain,"Dark, artificial",Wet,Non-Fatal Injury,Pedestrian Collisions,Pedestrian,40 to 44,Major,,South,Other,,,,Vehicle turns left while ped crosses with ROW at inter.,Crossing with right of way,Normal,,,,Yes,,Yes,,,,,,,Yes,,,,22,Humbermede,22,Humbermede (22),D31,616131.680557068,4844977.10296946
3466,7482031,1322488,10/28/2012 4:00:00 AM,2208,YONGE ST,ORCHARD VIEW BLVD,,Major Arterial,North York,43.708245,-79.39869,,No Control,Rain,Dark,Wet,Non-Fatal Injury,Pedestrian Collisions,Driver,unknown,None,,North,"Automobile, Station Wagon",Overtaking,Failed to Yield Right of Way,Unknown,,,,,,,Yes,,Yes,,,,,,,Yes,,,,100,Yonge-Eglinton,100,Yonge-Eglinton (100),D53,629012.109080522,4840714.02778804