OBJECTID,INDEX,ACCNUM,DATE,TIME,STREET1,STREET2,OFFSET,ROAD_CLASS,DISTRICT,LATITUDE,LONGITUDE,ACCLOC,TRAFFCTL,VISIBILITY,LIGHT,RDSFCOND,ACCLASS,IMPACTYPE,INVTYPE,INVAGE,INJURY,FATAL_NO,INITDIR,VEHTYPE,MANOEUVER,DRIVACT,DRIVCOND,PEDTYPE,PEDACT,PEDCOND,CYCLISTYPE,CYCACT,CYCCOND,PEDESTRIAN,CYCLIST,AUTOMOBILE,MOTORCYCLE,TRUCK,TRSN_CITY_VEH,EMERG_VEH,PASSENGER,SPEEDING,AG_DRIV,REDLIGHT,ALCOHOL,DISABILITY,HOOD_158,NEIGHBOURHOOD_158,HOOD_140,NEIGHBOURHOOD_140,DIVISION,x,y
3641,7798522,1347684,2/15/2013 5:00:00 AM,208,QUEEN ST E,WAVERLEY RD,,Minor Arterial,Toronto and East York,43.669845,-79.30089,,No Control,Clear,"Dark, artificial",Wet,Non-Fatal Injury,Pedestrian Collisions,Vehicle Owner,unknown,,,,Other,,,,,,,,,,Yes,,Yes,,,,,,Yes,Yes,,Yes,,63,The Beaches,63,The Beaches (63),D55,636978.996479062,4836606.02671231
3642,7798523,1347684,2/15/2013 5:00:00 AM,208,QUEEN ST E,WAVERLEY RD,,Minor Arterial,Toronto and East York,43.669845,-79.30089,,No Control,Clear,"Dark, artificial",Wet,Non-Fatal Injury,Pedestrian Collisions,Driver,30 to 34,None,,West,"Automobile, Station Wagon",Going Ahead,Speed too Fast For Condition,"Ability Impaired, Alcohol",,,,,,,Yes,,Yes,,,,,,Yes,Yes,,Yes,,63,The Beaches,63,The Beaches (63),D55,636978.996479062,4836606.02671231
3643,7798524,1347684,2/15/2013 5:00:00 AM,208,QUEEN ST E,WAVERLEY RD,,Minor Arterial,Toronto and East York,43.669845,-79.30089,,No Control,Clear,"Dark, artificial",Wet,Non-Fatal Injury,Pedestrian Collisions,Pedestrian,20 to 24,Major,,South,Other,,,,Vehicle is going straight thru inter.while ped cross without ROW,"Crossing, no Traffic Control",Had Been Drinking,,,,Yes,,Yes,,,,,,Yes,Yes,,Yes,,63,The Beaches,63,The Beaches (63),D55,636978.996479062,4836606.02671231
3644,7798509,1347681,2/15/2013 5:00:00 AM,1030,HIGHWAY 427 C  N,BURNHAMTHORPE RD,,,Etobicoke York,43.648545,-79.56409,,No Control,Clear,Daylight,Dry,Non-Fatal Injury,Pedestrian Collisions,Truck Driver,30 to 34,None,,North,Truck - Open,Slowing or Stopping,Other,Inattentive,,,,,,,Yes,,,,Yes,,,,,,,,,158,Islington,14,Islington-City Centre West (14),D22,615801.067818101,4833839.44451836
3645,7798510,1347681,2/15/2013 5:00:00 AM,1030,HIGHWAY 427 C  N,BURNHAMTHORPE RD,,,Etobicoke York,43.648545,-79.56409,,No Control,Clear,Daylight,Dry,Non-Fatal Injury,Pedestrian Collisions,Pedestrian,55 to 59,Major,,Unknown,Other,,,,Pedestrian hit at mid-block,Playing or Working on Highway,Normal,,,,Yes,,,,Yes,,,,,,,,,158,Islington,14,Islington-City Centre West (14),D22,615801.067818101,4833839.44451836
3646,7798794,1347790,2/15/2013 5:00:00 AM,2103,CASTLEFIELD AVE,ROSELAWN AVE,,Collector,North York,43.700545,-79.44969,,No Control,Clear,Dark,Dry,Non-Fatal Injury,Pedestrian Collisions,Driver,20 to 24,None,,West,"Automobile, Station Wagon",Going Ahead,Driving Properly,Normal,,,,,,,Yes,,Yes,,,,,,,,,,,108,Briar Hill-Belgravia,108,Briar Hill-Belgravia (108),D13,624919.166371837,4839780.72871011
3647,7798795,1347790,2/15/2013 5:00:00 AM,2103,CASTLEFIELD AVE,ROSELAWN AVE,,Collector,North York,43.700545,-79.44969,,No Control,Clear,Dark,Dry,Non-Fatal Injury,Pedestrian Collisions,Pedestrian,50 to 54,Major,,North,Other,,,,Pedestrian hit at mid-block,"Crossing, no Traffic Control",Had Been Drinking,,,,Yes,,Yes,,,,,,,,,,,108,Briar Hill-Belgravia,108,Briar Hill-Belgravia (108),D13,624919.166371837,4839780.72871011
3648,7799453,1348049,2/19/2013 5:00:00 AM,916,YONGE ST,WELLINGTON ST W,,Major Arterial,Toronto and East York,43.647845,-79.37739,At Intersection,Traffic Signal,Rain,Daylight,Wet,Non-Fatal Injury,Pedestrian Collisions,Driver,35 to 39,None,,South,"Automobile, Station Wagon",Turning Right,Failed to Yield Right of Way,Inattentive,,,,,,,Yes,,Yes,,,,,,,Yes,,,,170,Yonge-Bay Corridor,76,Bay Street Corridor (76),D52,630859.429014695,4834039.15482958
3649,7799454,1348049,2/19/2013 5:00:00 AM,916,YONGE ST,WELLINGTON ST W,,Major Arterial,Toronto and East York,43.647845,-79.37739,At Intersection,Traffic Signal,Rain,Daylight,Wet,Non-Fatal Injury,Pedestrian Collisions,Pedestrian,65 to 69,Major,,South,Other,,,,Vehicle turns right while ped crosses with ROW at inter.,Crossing with right of way,Normal,,,,Yes,,Yes,,,,,,,Yes,,,,170,Yonge-Bay Corridor,76,Bay Street Corridor (76),D52,630859.429014695,4834039.15482958
3650,7799817,1348204,2/21/2013 5:00:00 AM,755,KENNEDY RD,TRANSWAY CRES,,Major Arterial,Scarborough,43.731245,-79.26759,At Intersection,No Control,Clear,Daylight,Dry,Non-Fatal Injury,Pedestrian Collisions,Driver,35 to 39,None,,South,"Automobile, Station Wagon",Turning Left,Failed to Yield Right of Way,Inattentive,,,,,,,Yes,,Yes,,,,,,,Yes,,,,125,Ionview,125,Ionview (125),D41,639521.112656491,4843480.90372372
3651,7799818,1348204,2/21/2013 5:00:00 AM,755,KENNEDY RD,TRANSWAY CRES,,Major Arterial,Scarborough,43.731245,-79.26759,At Intersection,No Control,Clear,Daylight,Dry,Non-Fatal Injury,Pedestrian Collisions,Pedestrian,25 to 29,Major,,North,Other,,,,Vehicle turns left while ped crosses with ROW at inter.,Crossing with right of way,Normal,,,,Yes,,Yes,,,,,,,Yes,,,,125,Ionview,125,Ionview (125),D41,639521.112656491,4843480.90372372
3652,7799836,1348211,2/21/2013 5:00:00 AM,924,SHEPPARD AVE W,FAYWOOD BLVD,,Major Arterial,North York,43.752645,-79.45189,At Intersection,Traffic Signal,Clear,Daylight,Dry,Non-Fatal Injury,Pedestrian Collisions,Driver,60 to 64,None,,South,"Automobile, Station Wagon",Turning Left,Failed to Yield Right of Way,Normal,,,,,,,Yes,,Yes,,,,,,,Yes,,,,33,Clanton Park,33,Clanton Park (33),D32,624633.798985477,4845563.86696479
3653,7799837,1348211,2/21/2013 5:00:00 AM,924,SHEPPARD AVE W,FAYWOOD BLVD,,Major Arterial,North York,43.752645,-79.45189,At Intersection,Traffic Signal,Clear,Daylight,Dry,Non-Fatal Injury,Pedestrian Collisions,Pedestrian,20 to 24,Major,,North,Other,,,,Vehicle turns left while ped crosses with ROW at inter.,Crossing with right of way,Normal,,,,Yes,,Yes,,,,,,,Yes,,,,33,Clanton Park,33,Clanton Park (33),D32,624633.798985477,4845563.86696479
3654,7802746,1349360,2/26/2013 5:00:00 AM,730,15 BESSARION Rd,AT #15,,Local,North York,43.766845,-79.37599,,No Control,Clear,Dark,Dry,Non-Fatal Injury,Pedestrian Collisions,Pedestrian,75 to 79,Major,,South,Other,,,,Vehicle is reversing and hits pedestrian,Other,Normal,,,,Yes,,Yes,,,,,,,,,,,52,Bayview Village,52,Bayview Village (52),D33,630713.416687156,4847257.99758458
3655,7802747,1349360,2/26/2013 5:00:00 AM,730,15 BESSARION Rd,AT #15,,Local,North York,43.766845,-79.37599,,No Control,Clear,Dark,Dry,Non-Fatal Injury,Pedestrian Collisions,Driver,60 to 64,None,,East,"Automobile, Station Wagon",Reversing,Other,Normal,,,,,,,Yes,,Yes,,,,,,,,,,,52,Bayview Village,52,Bayview Village (52),D33,630713.416687156,4847257.99758458
3656,7801410,1348815,2/28/2013 5:00:00 AM,1426,ROGERS Rd,KEELE St,,Major Arterial,Etobicoke York,43.682145,-79.47159,,Traffic Signal,Clear,Daylight,Wet,Non-Fatal Injury,Pedestrian Collisions,Vehicle Owner,unknown,,,,Other,,,,,,,,,,Yes,,,,,Yes,,,,,,,,110,Keelesdale-Eglinton West,110,Keelesdale-Eglinton West (110),D12,623192.182480839,4837704.3945991
3657,7801411,1348815,2/28/2013 5:00:00 AM,1426,ROGERS Rd,KEELE St,,Major Arterial,Etobicoke York,43.682145,-79.47159,,Traffic Signal,Clear,Daylight,Wet,Non-Fatal Injury,Pedestrian Collisions,Driver,35 to 39,None,,East,Municipal Transit Bus (TTC),Stopped,Other,Normal,,,,,,,Yes,,,,,Yes,,,,,,,,110,Keelesdale-Eglinton West,110,Keelesdale-Eglinton West (110),D12,623192.182480839,4837704.3945991
3658,7801412,1348815,2/28/2013 5:00:00 AM,1426,ROGERS Rd,KEELE St,,Major Arterial,Etobicoke York,43.682145,-79.47159,,Traffic Signal,Clear,Daylight,Wet,Non-Fatal Injury,Pedestrian Collisions,Pedestrian,35 to 39,Major,,Unknown,Other,,,,Pedestrian involved in a collision with transit vehicle anywhere along roadway,Person Getting on/off Vehicle,Normal,,,,Yes,,,,,Yes,,,,,,,,110,Keelesdale-Eglinton West,110,Keelesdale-Eglinton West (110),D12,623192.182480839,4837704.3945991
3659,7788758,1343587,3/1/2013 5:00:00 AM,1039,DON MILLS RD W,GOODVIEW RD,,Major Arterial,North York,43.781345,-79.35199,At Intersection,No Control,Clear,Daylight,Wet,Non-Fatal Injury,Pedestrian Collisions,Driver,40 to 44,None,,South,"Automobile, Station Wagon",Going Ahead,Driving Properly,Normal,,,,,,,Yes,,Yes,,,,,,,,,,,47,Don Valley Village,47,Don Valley Village (47),D33,632613.09434622,4848906.61075478
3660,7788759,1343587,3/1/2013 5:00:00 AM,1039,DON MILLS RD W,GOODVIEW RD,,Major Arterial,North York,43.781345,-79.35199,At Intersection,No Control,Clear,Daylight,Wet,Non-Fatal Injury,Pedestrian Collisions,Pedestrian,80 to 84,Major,,East,Other,,,,Pedestrian hit at mid-block,"Crossing, no Traffic Control",Normal,,,,Yes,,Yes,,,,,,,,,,,47,Don Valley Village,47,Don Valley Village (47),D33,632613.09434622,4848906.61075478
3661,7788883,1343634,3/1/2013 5:00:00 AM,1855,MIDLAND AVE,MCNICOLL AVE,,Major Arterial,Scarborough,43.817045,-79.29329,,No Control,Clear,Dusk,Dry,Non-Fatal Injury,Pedestrian Collisions,Driver,65 to 69,None,,North,"Automobile, Station Wagon",Going Ahead,Driving Properly,Inattentive,,,,,,,Yes,,Yes,,,,,,,,,,,130,Milliken,130,Milliken (130),D42,637254.880248303,4852967.37448911
3662,7788884,1343634,3/1/2013 5:00:00 AM,1855,MIDLAND AVE,MCNICOLL AVE,,Major Arterial,Scarborough,43.817045,-79.29329,,No Control,Clear,Dusk,Dry,Non-Fatal Injury,Pedestrian Collisions,Pedestrian,0 to 4,None,,North,Other,,,,Pedestrian hit at mid-block,Walking on Roadway with Traffic,Normal,,,,Yes,,Yes,,,,,,,,,,,130,Milliken,130,Milliken (130),D42,637254.880248303,4852967.37448911
3663,7788885,1343634,3/1/2013 5:00:00 AM,1855,MIDLAND AVE,MCNICOLL AVE,,Major Arterial,Scarborough,43.817045,-79.29329,,No Control,Clear,Dusk,Dry,Non-Fatal Injury,Pedestrian Collisions,Pedestrian,50 to 54,None,,North,Other,,,,Pedestrian hit at mid-block,Walking on Roadway with Traffic,Normal,,,,Yes,,Yes,,,,,,,,,,,130,Milliken,130,Milliken (130),D42,637254.880248303,4852967.37448911
3664,7788886,1343634,3/1/2013 5:00:00 AM,1855,MIDLAND AVE,MCNICOLL AVE,,Major Arterial,Scarborough,43.817045,-79.29329,,No Control,Clear,Dusk,Dry,Non-Fatal Injury,Pedestrian Collisions,Pedestrian,25 to 29,Major,,North,Other,,,,Pedestrian hit at mid-block,Walking on Roadway with Traffic,Normal,,,,Yes,,Yes,,,,,,,,,,,130,Milliken,130,Milliken (130),D42,637254.880248303,4852967.37448911
3665,7791163,1344588,3/5/2013 5:00:00 AM,2128,1420 VICTORIA PARK Ave,,,Major Arterial,North York,43.721343,-79.301288,,No Control,Clear,"Dark, artificial",Wet,Fatal,Pedestrian Collisions,Vehicle Owner,unknown,,,,,,,,,,,,,,Yes,,Yes,,,,,,,Yes,,,,43,Victoria Village,43,Victoria Village (43),D55,636829.728899168,4842324.95060436
3666,7791164,1344588,3/5/2013 5:00:00 AM,2128,1420 VICTORIA PARK Ave,,,Major Arterial,North York,43.721343,-79.301288,,No Control,Clear,"Dark, artificial",Wet,Fatal,Pedestrian Collisions,Driver,30 to 34,None,,North,"Automobile, Station Wagon",Going Ahead,Driving Properly,Inattentive,,,,,,,Yes,,Yes,,,,,,,Yes,,,,43,Victoria Village,43,Victoria Village (43),D55,636829.728899168,4842324.95060436
3667,7791165,1344588,3/5/2013 5:00:00 AM,2128,1420 VICTORIA PARK Ave,,,Major Arterial,North York,43.721343,-79.301288,,No Control,Clear,"Dark, artificial",Wet,Fatal,Pedestrian Collisions,Pedestrian,35 to 39,Fatal,7,East,,,,,Pedestrian hit at mid-block,"Crossing, no Traffic Control",Had Been Drinking,,,,Yes,,Yes,,,,,,,Yes,,,,43,Victoria Village,43,Victoria Village (43),D55,636829.728899168,4842324.95060436
3668,7791490,1344724,3/6/2013 5:00:00 AM,927,ST CLAIR AVE W,HOUNSLOW HEATH RD,,Major Arterial,Toronto and East York,43.674145,-79.45999,,Traffic Signal,Clear,Daylight,Wet,Non-Fatal Injury,Pedestrian Collisions,Vehicle Owner,unknown,,,,Other,,,,,,,,,,Yes,,Yes,,,,,,,,,,,91,Weston-Pelham Park,91,Weston-Pellam Park (91),D11,624143.665305471,4836833.18279935
3669,7791491,1344724,3/6/2013 5:00:00 AM,927,ST CLAIR AVE W,HOUNSLOW HEATH RD,,Major Arterial,Toronto and East York,43.674145,-79.45999,,Traffic Signal,Clear,Daylight,Wet,Non-Fatal Injury,Pedestrian Collisions,Driver,40 to 44,None,,East,"Automobile, Station Wagon",Going Ahead,Driving Properly,Normal,,,,,,,Yes,,Yes,,,,,,,,,,,91,Weston-Pelham Park,91,Weston-Pellam Park (91),D11,624143.665305471,4836833.18279935
3670,7791492,1344724,3/6/2013 5:00:00 AM,927,ST CLAIR AVE W,HOUNSLOW HEATH RD,,Major Arterial,Toronto and East York,43.674145,-79.45999,,Traffic Signal,Clear,Daylight,Wet,Non-Fatal Injury,Pedestrian Collisions,Pedestrian,10 to 14,Major,,North,Other,,,,Vehicle is going straight thru inter.while ped cross without ROW,Crossing without right of way,Normal,,,,Yes,,Yes,,,,,,,,,,,91,Weston-Pelham Park,91,Weston-Pellam Park (91),D11,624143.665305471,4836833.18279935
3671,7792622,1345175,3/7/2013 5:00:00 AM,1545,CLIFFSIDE DR,EAST HAVEN DR,,Collector,Scarborough,43.703646,-79.25159,,Stop Sign,Clear,Daylight,Wet,Fatal,Pedestrian Collisions,Vehicle Owner,unknown,,,,,,,,,,,,,,Yes,,,,Yes,,,,,Yes,,,,122,Birchcliffe-Cliffside,122,Birchcliffe-Cliffside (122),D41,640874.366440356,4840442.6964303
3672,7792623,1345175,3/7/2013 5:00:00 AM,1545,CLIFFSIDE DR,EAST HAVEN DR,,Collector,Scarborough,43.703646,-79.25159,,Stop Sign,Clear,Daylight,Wet,Fatal,Pedestrian Collisions,Truck Driver,60 to 64,None,,West,"Truck - Closed (Blazer, etc)",Turning Left,Failed to Yield Right of Way,Normal,,,,,,,Yes,,,,Yes,,,,,Yes,,,,122,Birchcliffe-Cliffside,122,Birchcliffe-Cliffside (122),D41,640874.366440356,4840442.6964303
3673,7792624,1345175,3/7/2013 5:00:00 AM,1545,CLIFFSIDE DR,EAST HAVEN DR,,Collector,Scarborough,43.703646,-79.25159,,Stop Sign,Clear,Daylight,Wet,Fatal,Pedestrian Collisions,Pedestrian,10 to 14,Minor,,West,,,,,Vehicle turns left while ped crosses with ROW at inter.,Crossing with right of way,Normal,,,,Yes,,,,Yes,,,,,Yes,,,,122,Birchcliffe-Cliffside,122,Birchcliffe-Cliffside (122),D41,640874.366440356,4840442.6964303
3674,7792625,1345175,3/7/2013 5:00:00 AM,1545,CLIFFSIDE DR,EAST HAVEN DR,,Collector,Scarborough,43.703646,-79.25159,,Stop Sign,Clear,Daylight,Wet,Fatal,Pedestrian Collisions,Pedestrian,5 to 9,Minor,,West,,,,,Vehicle turns left while ped crosses with ROW at inter.,Crossing with right of way,Normal,,,,Yes,,,,Yes,,,,,Yes,,,,122,Birchcliffe-Cliffside,122,Birchcliffe-Cliffside (122),D41,640874.366440356,4840442.6964303
3675,7792626,1345175,3/7/2013 5:00:00 AM,1545,CLIFFSIDE DR,EAST HAVEN DR,,Collector,Scarborough,43.703646,-79.25159,,Stop Sign,Clear,Daylight,Wet,Fatal,Pedestrian Collisions,Pedestrian,5 to 9,Fatal,6,West,,,,,Vehicle turns left while ped crosses with ROW at inter.,Crossing with right of way,Normal,,,,Yes,,,,Yes,,,,,Yes,,,,122,Birchcliffe-Cliffside,122,Birchcliffe-Cliffside (122),D41,640874.366440356,4840442.6964303
3676,7793637,1345604,3/10/2013 5:00:00 AM,10,FINCH AVE W,OAKDALE RD,,Major Arterial,Etobicoke York,43.755745,-79.52499,At Intersection,No Control,Clear,"Dark, artificial",Dry,Non-Fatal Injury,Pedestrian Collisions,Driver,70 to 74,None,,East,"Automobile, Station Wagon",Going Ahead,Driving Properly,Normal,,,,,,,Yes,,Yes,,,,,,,,,,,25,Glenfield-Jane Heights,25,Glenfield-Jane Heights (25),D31,618742.555233723,4845800.77344706
3677,7793638,1345604,3/10/2013 5:00:00 AM,10,FINCH AVE W,OAKDALE RD,,Major Arterial,Etobicoke York,43.755745,-79.52499,At Intersection,No Control,Clear,"Dark, artificial",Dry,Non-Fatal Injury,Pedestrian Collisions,Pedestrian,30 to 34,Major,,North,Other,,,,Pedestrian hit at mid-block,"Crossing, no Traffic Control",Unknown,,,,Yes,,Yes,,,,,,,,,,,25,Glenfield-Jane Heights,25,Glenfield-Jane Heights (25),D31,618742.555233723,4845800.77344706
3678,7804351,1350051,3/11/2013 4:00:00 AM,2023,BIRCHMOUNT RD,LAWRENCE AVE E,,Major Arterial,Scarborough,43.747545,-79.28479,At Intersection,Traffic Signal,Rain,"Dark, artificial",Wet,Non-Fatal Injury,Pedestrian Collisions,Driver,65 to 69,None,,East,"Automobile, Station Wagon",Turning Left,Failed to Yield Right of Way,Inattentive,,,,,,,Yes,,Yes,,,,,,,Yes,,,,126,Dorset Park,126,Dorset Park (126),D41,638098.399441455,4845262.44402459
3679,7804352,1350051,3/11/2013 4:00:00 AM,2023,BIRCHMOUNT RD,LAWRENCE AVE E,,Major Arterial,Scarborough,43.747545,-79.28479,At Intersection,Traffic Signal,Rain,"Dark, artificial",Wet,Non-Fatal Injury,Pedestrian Collisions,Pedestrian,20 to 24,Major,,East,Other,,,,Vehicle turns left while ped crosses with ROW at inter.,Crossing with right of way,Normal,,,,Yes,,Yes,,,,,,,Yes,,,,126,Dorset Park,126,Dorset Park (126),D41,638098.399441455,4845262.44402459
3680,7808328,1351718,3/11/2013 4:00:00 AM,2054,BLOOR St W,MARKLAND Dr,,Major Arterial,Etobicoke York,43.633545,-79.57079,At Intersection,Traffic Signal,Rain,"Dark, artificial",Wet,Non-Fatal Injury,Pedestrian Collisions,Driver,55 to 59,None,,South,"Automobile, Station Wagon",Turning Left,Failed to Yield Right of Way,Unknown,,,,,,,Yes,,Yes,,,,,,,Yes,,,,12,Markland Wood,12,Markland Wood (12),D22,615289.417626249,4832164.18050426
3681,7808329,1351718,3/11/2013 4:00:00 AM,2054,BLOOR St W,MARKLAND Dr,,Major Arterial,Etobicoke York,43.633545,-79.57079,At Intersection,Traffic Signal,Rain,"Dark, artificial",Wet,Non-Fatal Injury,Pedestrian Collisions,Pedestrian,25 to 29,Major,,North,Other,,,,Vehicle turns left while ped crosses with ROW at inter.,Crossing with right of way,Unknown,,,,Yes,,Yes,,,,,,,Yes,,,,12,Markland Wood,12,Markland Wood (12),D22,615289.417626249,4832164.18050426
3682,7794361,1345912,3/11/2013 4:00:00 AM,2215,CHAPMAN RD,ROYAL YORK RD,,Minor Arterial,Etobicoke York,43.687545,-79.52889,,Stop Sign,Rain,"Dark, artificial",Wet,Non-Fatal Injury,Pedestrian Collisions,Driver,25 to 29,None,,South,"Automobile, Station Wagon",Turning Left,Driving Properly,Unknown,,,,,,,Yes,,Yes,,,,,,,,,,,8,Humber Heights-Westmount,8,Humber Heights-Westmount (8),D23,618563.038788449,4838220.62222409
3683,7794362,1345912,3/11/2013 4:00:00 AM,2215,CHAPMAN RD,ROYAL YORK RD,,Minor Arterial,Etobicoke York,43.687545,-79.52889,,Stop Sign,Rain,"Dark, artificial",Wet,Non-Fatal Injury,Pedestrian Collisions,Pedestrian,45 to 49,Major,,North,Other,,,,Vehicle turns left while ped crosses without ROW at inter.,Crossing without right of way,Unknown,,,,Yes,,Yes,,,,,,,,,,,8,Humber Heights-Westmount,8,Humber Heights-Westmount (8),D23,618563.038788449,4838220.62222409
3684,7795431,1346364,3/14/2013 4:00:00 AM,35,QUEEN ST W,DOWLING AVE,,Major Arterial,Toronto and East York,43.639941,-79.439853,,No Control,Snow,Dark,Loose Snow,Non-Fatal Injury,Pedestrian Collisions,Driver,unknown,None,,West,"Automobile, Station Wagon",Going Ahead,,,,,,,,,Yes,,Yes,,,,,,,,,,,85,South Parkdale,85,South Parkdale (85),D14,625838.395852609,4833064.71550641
3685,7795432,1346364,3/14/2013 4:00:00 AM,35,QUEEN ST W,DOWLING AVE,,Major Arterial,Toronto and East York,43.639941,-79.439853,,No Control,Snow,Dark,Loose Snow,Non-Fatal Injury,Pedestrian Collisions,Pedestrian,35 to 39,Major,,,Other,Other,,,,,,,,,Yes,,Yes,,,,,,,,,,,85,South Parkdale,85,South Parkdale (85),D14,625838.395852609,4833064.71550641
3686,7795785,1346509,3/14/2013 4:00:00 AM,2032,CARLAW AVE,DUNDAS ST E,,Minor Arterial,Toronto and East York,43.663345,-79.34109,At Intersection,No Control,Clear,"Dark, artificial",Dry,Non-Fatal Injury,Pedestrian Collisions,Passenger,20 to 24,None,,,Other,,,,,,,,,,Yes,,Yes,,,,,Yes,,,,,,70,South Riverdale,70,South Riverdale (70),D55,633752.548518804,4835818.51694774
3687,7795786,1346509,3/14/2013 4:00:00 AM,2032,CARLAW AVE,DUNDAS ST E,,Minor Arterial,Toronto and East York,43.663345,-79.34109,At Intersection,No Control,Clear,"Dark, artificial",Dry,Non-Fatal Injury,Pedestrian Collisions,Passenger,30 to 34,None,,,Other,,,,,,,,,,Yes,,Yes,,,,,Yes,,,,,,70,South Riverdale,70,South Riverdale (70),D55,633752.548518804,4835818.51694774
3688,7795787,1346509,3/14/2013 4:00:00 AM,2032,CARLAW AVE,DUNDAS ST E,,Minor Arterial,Toronto and East York,43.663345,-79.34109,At Intersection,No Control,Clear,"Dark, artificial",Dry,Non-Fatal Injury,Pedestrian Collisions,Vehicle Owner,unknown,,,,Other,,,,,,,,,,Yes,,Yes,,,,,Yes,,,,,,70,South Riverdale,70,South Riverdale (70),D55,633752.548518804,4835818.51694774
3689,7795788,1346509,3/14/2013 4:00:00 AM,2032,CARLAW AVE,DUNDAS ST E,,Minor Arterial,Toronto and East York,43.663345,-79.34109,At Intersection,No Control,Clear,"Dark, artificial",Dry,Non-Fatal Injury,Pedestrian Collisions,Driver,45 to 49,None,,West,"Automobile, Station Wagon",Turning Left,Driving Properly,Normal,,,,,,,Yes,,Yes,,,,,Yes,,,,,,70,South Riverdale,70,South Riverdale (70),D55,633752.548518804,4835818.51694774
3690,7795789,1346509,3/14/2013 4:00:00 AM,2032,CARLAW AVE,DUNDAS ST E,,Minor Arterial,Toronto and East York,43.663345,-79.34109,At Intersection,No Control,Clear,"Dark, artificial",Dry,Non-Fatal Injury,Pedestrian Collisions,Pedestrian,60 to 64,Major,,East,Other,,,,Pedestrian hit at mid-block,"Crossing, no Traffic Control",Normal,,,,Yes,,Yes,,,,,Yes,,,,,,70,South Riverdale,70,South Riverdale (70),D55,633752.548518804,4835818.51694774
3691,7812670,1353658,3/29/2013 4:00:00 AM,1232,78 EAGLEVIEW CRES,,,Local,Scarborough,43.819245,-79.32339,,No Control,Clear,Daylight,Dry,Non-Fatal Injury,Pedestrian Collisions,Driver,unknown,None,,East,"Automobile, Station Wagon",Reversing,Other,Unknown,,,,,,,Yes,,Yes,,,,,,,,,,,116,Steeles,116,Steeles (116),D42,634829.239490067,4853162.22241775
3692,7812671,1353658,3/29/2013 4:00:00 AM,1232,78 EAGLEVIEW CRES,,,Local,Scarborough,43.819245,-79.32339,,No Control,Clear,Daylight,Dry,Non-Fatal Injury,Pedestrian Collisions,Pedestrian,70 to 74,Major,,Unknown,Other,,,,Vehicle is reversing and hits pedestrian,Other,Normal,,,,Yes,,Yes,,,,,,,,,,,116,Steeles,116,Steeles (116),D42,634829.239490067,4853162.22241775
3693,7805396,1350472,4/6/2013 4:00:00 AM,845,SHEPPARD AVE W,BATHURST ST,,Major Arterial,North York,43.755445,-79.43849,At Intersection,Traffic Signal,Clear,Daylight,Dry,Non-Fatal Injury,Pedestrian Collisions,Driver,75 to 79,None,,South,"Automobile, Station Wagon",Turning Left,Failed to Yield Right of Way,Inattentive,,,,,,,Yes,,Yes,,,,,,,Yes,,,,33,Clanton Park,33,Clanton Park (33),D32,625706.740413528,4845895.09852586
3694,7805397,1350472,4/6/2013 4:00:00 AM,845,SHEPPARD AVE W,BATHURST ST,,Major Arterial,North York,43.755445,-79.43849,At Intersection,Traffic Signal,Clear,Daylight,Dry,Non-Fatal Injury,Pedestrian Collisions,Pedestrian,85 to 89,Major,,North,Other,,,,Vehicle turns left while ped crosses with ROW at inter.,Crossing with right of way,Medical or Physical Disability,,,,Yes,,Yes,,,,,,,Yes,,,,33,Clanton Park,33,Clanton Park (33),D32,625706.740413528,4845895.09852586
3695,7813988,1354199,4/10/2013 4:00:00 AM,1856,FINCH Ave E,BALDOON Rd,,Minor Arterial,Scarborough,43.815245,-79.23239,At Intersection,Stop Sign,Clear,"Daylight, artificial",Dry,Non-Fatal Injury,Pedestrian Collisions,Driver,40 to 44,None,,North,"Automobile, Station Wagon",Turning Left,Driving Properly,Normal,,,,,,,Yes,,Yes,,,,,,,,,,,145,Malvern West,131,Rouge (131),D42,642156.829396381,4852870.29706396
3696,7813989,1354199,4/10/2013 4:00:00 AM,1856,FINCH Ave E,BALDOON Rd,,Minor Arterial,Scarborough,43.815245,-79.23239,At Intersection,Stop Sign,Clear,"Daylight, artificial",Dry,Non-Fatal Injury,Pedestrian Collisions,Pedestrian,50 to 54,Major,,South,Other,,,,Vehicle turns left while ped crosses without ROW at inter.,Running onto Roadway,Inattentive,,,,Yes,,Yes,,,,,,,,,,,145,Malvern West,131,Rouge (131),D42,642156.829396381,4852870.29706396
3697,7808284,1351701,4/12/2013 4:00:00 AM,1213,CHURCH ST,GOULD ST,,Minor Arterial,Toronto and East York,43.658245,-79.37789,At Intersection,Traffic Signal,Rain,Daylight,Wet,Non-Fatal Injury,Pedestrian Collisions,Vehicle Owner,unknown,,,,Other,,,,,,,,,,Yes,,Yes,,,,,,,Yes,,,,168,Downtown Yonge East,75,Church-Yonge Corridor (75),D51,630796.525632502,4835193.42352409
3698,7808285,1351701,4/12/2013 4:00:00 AM,1213,CHURCH ST,GOULD ST,,Minor Arterial,Toronto and East York,43.658245,-79.37789,At Intersection,Traffic Signal,Rain,Daylight,Wet,Non-Fatal Injury,Pedestrian Collisions,Driver,30 to 34,None,,East,"Automobile, Station Wagon",Turning Left,Failed to Yield Right of Way,Inattentive,,,,,,,Yes,,Yes,,,,,,,Yes,,,,168,Downtown Yonge East,75,Church-Yonge Corridor (75),D51,630796.525632502,4835193.42352409
3699,7808286,1351701,4/12/2013 4:00:00 AM,1213,CHURCH ST,GOULD ST,,Minor Arterial,Toronto and East York,43.658245,-79.37789,At Intersection,Traffic Signal,Rain,Daylight,Wet,Non-Fatal Injury,Pedestrian Collisions,Pedestrian,80 to 84,Major,,East,Other,,,,Vehicle turns left while ped crosses with ROW at inter.,Crossing with right of way,Normal,,,,Yes,,Yes,,,,,,,Yes,,,,168,Downtown Yonge East,75,Church-Yonge Corridor (75),D51,630796.525632502,4835193.42352409