OBJECTID,INDEX,ACCNUM,DATE,TIME,STREET1,STREET2,OFFSET,ROAD_CLASS,DISTRICT,LATITUDE,LONGITUDE,ACCLOC,TRAFFCTL,VISIBILITY,LIGHT,RDSFCOND,ACCLASS,IMPACTYPE,INVTYPE,INVAGE,INJURY,FATAL_NO,INITDIR,VEHTYPE,MANOEUVER,DRIVACT,DRIVCOND,PEDTYPE,PEDACT,PEDCOND,CYCLISTYPE,CYCACT,CYCCOND,PEDESTRIAN,CYCLIST,AUTOMOBILE,MOTORCYCLE,TRUCK,TRSN_CITY_VEH,EMERG_VEH,PASSENGER,SPEEDING,AG_DRIV,REDLIGHT,ALCOHOL,DISABILITY,HOOD_158,NEIGHBOURHOOD_158,HOOD_140,NEIGHBOURHOOD_140,DIVISION,x,y
4160,80151469,4001521629,2/13/2014 5:00:00 AM,1054,7 ISABELLA ST,,,Collector,Toronto and East York,43.667632,-79.385303,Non Intersection,No Control,Clear,Daylight,Wet,Non-Fatal Injury,Pedestrian Collisions,Driver,25 to 29,None,,East,"Automobile, Station Wagon",Going Ahead,Lost control,Unknown,,,,,,,Yes,,Yes,,,,,,,,,,,167,Church-Wellesley,75,Church-Yonge Corridor (75),D51,630178.492237154,4836224.31586449
4161,80151470,4001521629,2/13/2014 5:00:00 AM,1054,7 ISABELLA ST,,,Collector,Toronto and East York,43.667632,-79.385303,Non Intersection,No Control,Clear,Daylight,Wet,Non-Fatal Injury,Pedestrian Collisions,Pedestrian,45 to 49,Major,,Unknown,,,,,Pedestrian hit at mid-block,Pushing/Working on Vehicle,Normal,,,,Yes,,Yes,,,,,,,,,,,167,Church-Wellesley,75,Church-Yonge Corridor (75),D51,630178.492237154,4836224.31586449
4162,80626610,4001540834,2/16/2014 5:00:00 AM,1321,BAY ST,HARBOUR ST,,Major Arterial,Toronto and East York,43.642073,-79.377429,At Intersection,Traffic Signal,Clear,Daylight,Dry,Non-Fatal Injury,Pedestrian Collisions,Driver,70 to 74,None,,East,"Automobile, Station Wagon",Turning Left,Improper Turn,Normal,,,,,,,Yes,,Yes,,,,,Yes,,Yes,,,,166,St Lawrence-East Bayfront-The Islands,77,Waterfront Communities-The Island (77),D52,630868.816879113,4833398.03752649
4163,80626611,4001540834,2/16/2014 5:00:00 AM,1321,BAY ST,HARBOUR ST,,Major Arterial,Toronto and East York,43.642073,-79.377429,At Intersection,Traffic Signal,Clear,Daylight,Dry,Non-Fatal Injury,Pedestrian Collisions,Driver,15 to 19,None,,East,"Automobile, Station Wagon",Going Ahead,Driving Properly,Normal,,,,,,,Yes,,Yes,,,,,Yes,,Yes,,,,166,St Lawrence-East Bayfront-The Islands,77,Waterfront Communities-The Island (77),D52,630868.816879113,4833398.03752649
4164,80626612,4001540834,2/16/2014 5:00:00 AM,1321,BAY ST,HARBOUR ST,,Major Arterial,Toronto and East York,43.642073,-79.377429,At Intersection,Traffic Signal,Clear,Daylight,Dry,Non-Fatal Injury,Pedestrian Collisions,Pedestrian,35 to 39,Major,,Unknown,,,,,Pedestrian hit on sidewalk or shoulder,On Sidewalk or Shoulder,Normal,,,,Yes,,Yes,,,,,Yes,,Yes,,,,166,St Lawrence-East Bayfront-The Islands,77,Waterfront Communities-The Island (77),D52,630868.816879113,4833398.03752649
4165,80626613,4001540834,2/16/2014 5:00:00 AM,1321,BAY ST,HARBOUR ST,,Major Arterial,Toronto and East York,43.642073,-79.377429,At Intersection,Traffic Signal,Clear,Daylight,Dry,Non-Fatal Injury,Pedestrian Collisions,Passenger,70 to 74,Minor,,,,,,,,,,,,,Yes,,Yes,,,,,Yes,,Yes,,,,166,St Lawrence-East Bayfront-The Islands,77,Waterfront Communities-The Island (77),D52,630868.816879113,4833398.03752649
4166,80151882,4001551952,2/18/2014 5:00:00 AM,1237,MORNINGSIDE AVE,KINGSTON RD,,Major Arterial,Scarborough,43.770602,-79.186862,At Intersection,Traffic Signal,Clear,Daylight,Wet,Non-Fatal Injury,Pedestrian Collisions,Driver,20 to 24,None,,North,"Automobile, Station Wagon",Going Ahead,Driving Properly,Normal,,,,,,,Yes,,Yes,,,,,Yes,,Yes,,,,136,West Hill,136,West Hill (136),D43,645927.004923496,4847991.21011981
4167,80151883,4001551952,2/18/2014 5:00:00 AM,1237,MORNINGSIDE AVE,KINGSTON RD,,Major Arterial,Scarborough,43.770602,-79.186862,At Intersection,Traffic Signal,Clear,Daylight,Wet,Non-Fatal Injury,Pedestrian Collisions,Driver,25 to 29,None,,South,"Automobile, Station Wagon",Turning Left,Failed to Yield Right of Way,Inattentive,,,,,,,Yes,,Yes,,,,,Yes,,Yes,,,,136,West Hill,136,West Hill (136),D43,645927.004923496,4847991.21011981
4168,80151884,4001551952,2/18/2014 5:00:00 AM,1237,MORNINGSIDE AVE,KINGSTON RD,,Major Arterial,Scarborough,43.770602,-79.186862,At Intersection,Traffic Signal,Clear,Daylight,Wet,Non-Fatal Injury,Pedestrian Collisions,Passenger,20 to 24,None,,,,,,,,,,,,,Yes,,Yes,,,,,Yes,,Yes,,,,136,West Hill,136,West Hill (136),D43,645927.004923496,4847991.21011981
4169,80151885,4001551952,2/18/2014 5:00:00 AM,1237,MORNINGSIDE AVE,KINGSTON RD,,Major Arterial,Scarborough,43.770602,-79.186862,At Intersection,Traffic Signal,Clear,Daylight,Wet,Non-Fatal Injury,Pedestrian Collisions,Pedestrian,55 to 59,Major,,Unknown,,,,,Pedestrian hit on sidewalk or shoulder,On Sidewalk or Shoulder,Normal,,,,Yes,,Yes,,,,,Yes,,Yes,,,,136,West Hill,136,West Hill (136),D43,645927.004923496,4847991.21011981
4170,80151974,4001557370,2/19/2014 5:00:00 AM,956,DAVENPORT RD,LAUGHTON AVE,,Minor Arterial,Toronto and East York,43.670325,-79.455783,At Intersection,Traffic Signal,Clear,Daylight,Wet,Non-Fatal Injury,Pedestrian Collisions,Driver,40 to 44,None,,South,Pick Up Truck,Turning Left,Failed to Yield Right of Way,Normal,,,,,,,Yes,,Yes,,,,,,,Yes,,,,91,Weston-Pelham Park,91,Weston-Pellam Park (91),D11,624490.701973135,4836415.2257774
4171,80151975,4001557370,2/19/2014 5:00:00 AM,956,DAVENPORT RD,LAUGHTON AVE,,Minor Arterial,Toronto and East York,43.670325,-79.455783,At Intersection,Traffic Signal,Clear,Daylight,Wet,Non-Fatal Injury,Pedestrian Collisions,Pedestrian,65 to 69,Major,,North,,,,,Vehicle turns left while ped crosses with ROW at inter.,Crossing with right of way,Normal,,,,Yes,,Yes,,,,,,,Yes,,,,91,Weston-Pelham Park,91,Weston-Pellam Park (91),D11,624490.701973135,4836415.2257774
4172,80152019,4001560471,2/19/2014 5:00:00 AM,1836,GRENOBLE DR,GATEWAY BLVD,,Minor Arterial,North York,43.714915,-79.334186,Intersection Related,Traffic Signal,Clear,"Dark, artificial",Dry,Non-Fatal Injury,Pedestrian Collisions,Driver,unknown,None,,South,"Automobile, Station Wagon",Turning Right,Failed to Yield Right of Way,Inattentive,,,,,,,Yes,,Yes,,,,,,,Yes,,,,44,Flemingdon Park,44,Flemingdon Park (44),D55,634194.144627046,4841557.23792218
4173,80152020,4001560471,2/19/2014 5:00:00 AM,1836,GRENOBLE DR,GATEWAY BLVD,,Minor Arterial,North York,43.714915,-79.334186,Intersection Related,Traffic Signal,Clear,"Dark, artificial",Dry,Non-Fatal Injury,Pedestrian Collisions,Pedestrian,60 to 64,Major,,South,,,,,Vehicle turns right while ped crosses with ROW at inter.,Crossing with right of way,Normal,,,,Yes,,Yes,,,,,,,Yes,,,,44,Flemingdon Park,44,Flemingdon Park (44),D55,634194.144627046,4841557.23792218
4174,80626765,4001567446,2/20/2014 5:00:00 AM,2020,EGLINTON AVE E,KENNEDY RD,,Major Arterial,Scarborough,43.732131,-79.267894,At/Near Private Drive,No Control,Rain,"Dark, artificial",Wet,Non-Fatal Injury,Pedestrian Collisions,Driver,unknown,None,,West,"Automobile, Station Wagon",Going Ahead,Driving Properly,Unknown,,,,,,,Yes,,Yes,,,,,,,,,,,124,Kennedy Park,124,Kennedy Park (124),D41,639494.572394078,4843578.7953491
4175,80626766,4001567446,2/20/2014 5:00:00 AM,2020,EGLINTON AVE E,KENNEDY RD,,Major Arterial,Scarborough,43.732131,-79.267894,At/Near Private Drive,No Control,Rain,"Dark, artificial",Wet,Non-Fatal Injury,Pedestrian Collisions,Pedestrian,50 to 54,Major,,West,,,,,Pedestrian hit at mid-block,"Crossing, no Traffic Control",Had Been Drinking,,,,Yes,,Yes,,,,,,,,,,,124,Kennedy Park,124,Kennedy Park (124),D41,639494.572394078,4843578.7953491
4176,80152255,4001576606,2/22/2014 5:00:00 AM,935,DUPONT ST,BATHURST ST,,Major Arterial,Toronto and East York,43.673133,-79.414378,At Intersection,Traffic Signal,Clear,Daylight,Dry,Non-Fatal Injury,Pedestrian Collisions,Driver,55 to 59,None,,South,Delivery Van,Turning Left,Failed to Yield Right of Way,Inattentive,,,,,,,Yes,,Yes,,,,,,,Yes,,,,95,Annex,95,Annex (95),D14,627822.734926621,4836790.06154515
4177,80152256,4001576606,2/22/2014 5:00:00 AM,935,DUPONT ST,BATHURST ST,,Major Arterial,Toronto and East York,43.673133,-79.414378,At Intersection,Traffic Signal,Clear,Daylight,Dry,Non-Fatal Injury,Pedestrian Collisions,Pedestrian,60 to 64,Major,,North,,,,,Vehicle turns left while ped crosses with ROW at inter.,Crossing with right of way,Normal,,,,Yes,,Yes,,,,,,,Yes,,,,95,Annex,95,Annex (95),D14,627822.734926621,4836790.06154515
4178,80203632,4001595656,2/25/2014 5:00:00 AM,1327,QUEEN ST E,ELMER AVE,6 m West of,Minor Arterial,Toronto and East York,43.669367,-79.302966,Non Intersection,No Control,Clear,Daylight,Dry,Non-Fatal Injury,Pedestrian Collisions,Driver,25 to 29,Minimal,,East,"Automobile, Station Wagon",Going Ahead,Speed too Fast For Condition,Inattentive,,,,,,,Yes,,Yes,,,,,,Yes,Yes,,,,63,The Beaches,63,The Beaches (63),D55,636812.717421171,4836549.51225149
4179,80203633,4001595656,2/25/2014 5:00:00 AM,1327,QUEEN ST E,ELMER AVE,6 m West of,Minor Arterial,Toronto and East York,43.669367,-79.302966,Non Intersection,No Control,Clear,Daylight,Dry,Non-Fatal Injury,Pedestrian Collisions,Pedestrian,30 to 34,Major,,Unknown,"Automobile, Station Wagon",,,,Pedestrian hit at mid-block,Coming From Behind Parked Vehicle,Unknown,,,,Yes,,Yes,,,,,,Yes,Yes,,,,63,The Beaches,63,The Beaches (63),D55,636812.717421171,4836549.51225149
4180,80152757,4001608537,2/27/2014 5:00:00 AM,1432,YONGE ST,BALLIOL ST,,Major Arterial,Toronto and East York,43.697398,-79.396449,Non Intersection,No Control,Clear,Daylight,Dry,Non-Fatal Injury,Pedestrian Collisions,Driver,50 to 54,None,,East,Municipal Transit Bus (TTC),Turning Left,Driving Properly,Inattentive,,,,,,,Yes,,,,,Yes,,,,,,,,174,South Eglinton-Davisville,104,Mount Pleasant West (104),D53,629215.962077792,4839512.80649002
4181,80152758,4001608537,2/27/2014 5:00:00 AM,1432,YONGE ST,BALLIOL ST,,Major Arterial,Toronto and East York,43.697398,-79.396449,Non Intersection,No Control,Clear,Daylight,Dry,Non-Fatal Injury,Pedestrian Collisions,Pedestrian,70 to 74,Major,,West,,,,,Pedestrian involved in a collision with transit vehicle anywhere along roadway,"Crossing, no Traffic Control",Inattentive,,,,Yes,,,,,Yes,,,,,,,,174,South Eglinton-Davisville,104,Mount Pleasant West (104),D53,629215.962077792,4839512.80649002
4182,80627033,4001617003,2/28/2014 5:00:00 AM,2049,3035 YONGE ST,,,Major Arterial,North York,43.724253,-79.402026,At/Near Private Drive,No Control,Clear,"Dark, artificial",Dry,Non-Fatal Injury,Pedestrian Collisions,Pedestrian,55 to 59,Major,,Unknown,,,,,Pedestrian hit at mid-block,Other,Unknown,,,,Yes,,,,,,,,,,,,,103,Lawrence Park South,103,Lawrence Park South (103),D53,628709.059160765,4842486.75783194
4183,80153606,4001652316,3/6/2014 5:00:00 AM,1730,BLOOR ST W,DURIE ST,,Major Arterial,Toronto and East York,43.650492,-79.479076,At Intersection,Traffic Signal,Clear,Daylight,Dry,Non-Fatal Injury,Pedestrian Collisions,Driver,25 to 29,None,,West,Pick Up Truck,Going Ahead,Disobeyed Traffic Control,Inattentive,,,,,,,Yes,,Yes,,,,,,,Yes,Yes,,,87,High Park-Swansea,87,High Park-Swansea (87),D11,622653.242022675,4834177.82049463
4184,80153607,4001652316,3/6/2014 5:00:00 AM,1730,BLOOR ST W,DURIE ST,,Major Arterial,Toronto and East York,43.650492,-79.479076,At Intersection,Traffic Signal,Clear,Daylight,Dry,Non-Fatal Injury,Pedestrian Collisions,Pedestrian,60 to 64,Major,,South,,,,,Vehicle is going straight thru inter.while ped cross with ROW,Crossing with right of way,Normal,,,,Yes,,Yes,,,,,,,Yes,Yes,,,87,High Park-Swansea,87,High Park-Swansea (87),D11,622653.242022675,4834177.82049463
4185,80153667,4001655411,3/7/2014 5:00:00 AM,825,STEELES AVE E,PHARMACY AVE,,Major Arterial,Scarborough,43.816847,-79.336452,At Intersection,Traffic Signal,Clear,Daylight,Dry,Non-Fatal Injury,Pedestrian Collisions,Driver,25 to 29,Minimal,,East,"Automobile, Station Wagon",Going Ahead,Driving Properly,Normal,,,,,,,Yes,,Yes,,,,,,,Yes,,,,116,Steeles,116,Steeles (116),D42,633784.167800112,4852874.67994342
4186,80153668,4001655411,3/7/2014 5:00:00 AM,825,STEELES AVE E,PHARMACY AVE,,Major Arterial,Scarborough,43.816847,-79.336452,At Intersection,Traffic Signal,Clear,Daylight,Dry,Non-Fatal Injury,Pedestrian Collisions,Driver,60 to 64,None,,North,"Automobile, Station Wagon",Stopped,Driving Properly,Normal,,,,,,,Yes,,Yes,,,,,,,Yes,,,,116,Steeles,116,Steeles (116),D42,633784.167800112,4852874.67994342
4187,80153669,4001655411,3/7/2014 5:00:00 AM,825,STEELES AVE E,PHARMACY AVE,,Major Arterial,Scarborough,43.816847,-79.336452,At Intersection,Traffic Signal,Clear,Daylight,Dry,Non-Fatal Injury,Pedestrian Collisions,Driver,50 to 54,Minimal,,West,"Automobile, Station Wagon",Turning Left,Failed to Yield Right of Way,Normal,,,,,,,Yes,,Yes,,,,,,,Yes,,,,116,Steeles,116,Steeles (116),D42,633784.167800112,4852874.67994342
4188,80153670,4001655411,3/7/2014 5:00:00 AM,825,STEELES AVE E,PHARMACY AVE,,Major Arterial,Scarborough,43.816847,-79.336452,At Intersection,Traffic Signal,Clear,Daylight,Dry,Non-Fatal Injury,Pedestrian Collisions,Pedestrian,30 to 34,Major,,Unknown,,,,,Pedestrian hit on sidewalk or shoulder,On Sidewalk or Shoulder,Normal,,,,Yes,,Yes,,,,,,,Yes,,,,116,Steeles,116,Steeles (116),D42,633784.167800112,4852874.67994342
4189,80153749,4001659738,3/7/2014 5:00:00 AM,2053,LOWER JARVIS ST,LAKE SHORE BLVD E,,Major Arterial,Toronto and East York,43.64556,-79.369815,At Intersection,Traffic Signal,Clear,"Dark, artificial",Dry,Non-Fatal Injury,Pedestrian Collisions,Pedestrian,30 to 34,Major,,North,,,,,Vehicle is going straight thru inter.while ped cross with ROW,Other,Unknown,,,,Yes,,,,,,,,,Yes,,,,166,St Lawrence-East Bayfront-The Islands,77,Waterfront Communities-The Island (77),D51,631475.325427233,4833797.34830639
4190,80153750,4001659738,3/7/2014 5:00:00 AM,2053,LOWER JARVIS ST,LAKE SHORE BLVD E,,Major Arterial,Toronto and East York,43.64556,-79.369815,At Intersection,Traffic Signal,Clear,"Dark, artificial",Dry,Non-Fatal Injury,Pedestrian Collisions,Driver,unknown,None,,North,,Going Ahead,Failed to Yield Right of Way,Unknown,,,,,,,Yes,,,,,,,,,Yes,,,,166,St Lawrence-East Bayfront-The Islands,77,Waterfront Communities-The Island (77),D51,631475.325427233,4833797.34830639
4191,80153898,4001680945,3/9/2014 5:00:00 AM,30,QUEEN ST W,SPADINA AVE,,Major Arterial,Toronto and East York,43.648753,-79.396373,At Intersection,Traffic Signal,Clear,"Dark, artificial",Dry,Non-Fatal Injury,Pedestrian Collisions,Driver,unknown,None,,South,,Turning Right,Other,Unknown,,,,,,,Yes,,,,,,,,,,,,,164,Wellington Place,77,Waterfront Communities-The Island (77),D52,629326.532872914,4834110.24171974
4192,80153899,4001680945,3/9/2014 5:00:00 AM,30,QUEEN ST W,SPADINA AVE,,Major Arterial,Toronto and East York,43.648753,-79.396373,At Intersection,Traffic Signal,Clear,"Dark, artificial",Dry,Non-Fatal Injury,Pedestrian Collisions,Pedestrian,25 to 29,Major,,South,,,,,Vehicle turns right while ped crosses with ROW at inter.,Crossing with right of way,Normal,,,,Yes,,,,,,,,,,,,,164,Wellington Place,77,Waterfront Communities-The Island (77),D52,629326.532872914,4834110.24171974
4193,80154370,4001694942,3/13/2014 4:00:00 AM,1755,QUEEN ST E,SHERBOURNE ST,,Major Arterial,Toronto and East York,43.654513,-79.369464,Intersection Related,Traffic Signal,Clear,Daylight,Dry,Non-Fatal Injury,Pedestrian Collisions,Driver,45 to 49,Major,,West,"Automobile, Station Wagon",Going Ahead,Driving Properly,Normal,,,,,,,Yes,,Yes,,,,,,,,,,,73,Moss Park,73,Moss Park (73),D51,631484.096484031,4834792.25273711
4194,80154371,4001694942,3/13/2014 4:00:00 AM,1755,QUEEN ST E,SHERBOURNE ST,,Major Arterial,Toronto and East York,43.654513,-79.369464,Intersection Related,Traffic Signal,Clear,Daylight,Dry,Non-Fatal Injury,Pedestrian Collisions,Pedestrian,20 to 24,Minimal,,North,,,,,Vehicle is going straight thru inter.while ped cross without ROW,Crossing without right of way,Normal,,,,Yes,,Yes,,,,,,,,,,,73,Moss Park,73,Moss Park (73),D51,631484.096484031,4834792.25273711
4195,80154456,4001700272,3/14/2014 4:00:00 AM,1545,YORK ST,YORK ST GARDINER W  RAMP,,Major Arterial,Toronto and East York,43.641421,-79.380862,At Intersection,Traffic Signal,Clear,Daylight,Dry,Non-Fatal Injury,Pedestrian Collisions,Driver,20 to 24,None,,South,"Automobile, Station Wagon",Turning Right,Failed to Yield Right of Way,Inattentive,,,,,,,Yes,,Yes,,,,,Yes,,Yes,,,,165,Harbourfront-CityPlace,77,Waterfront Communities-The Island (77),D52,630593.337194656,4833320.21702513
4196,80154457,4001700272,3/14/2014 4:00:00 AM,1545,YORK ST,YORK ST GARDINER W  RAMP,,Major Arterial,Toronto and East York,43.641421,-79.380862,At Intersection,Traffic Signal,Clear,Daylight,Dry,Non-Fatal Injury,Pedestrian Collisions,Passenger,20 to 24,None,,,,,,,,,,,,,Yes,,Yes,,,,,Yes,,Yes,,,,165,Harbourfront-CityPlace,77,Waterfront Communities-The Island (77),D52,630593.337194656,4833320.21702513
4197,80154458,4001700272,3/14/2014 4:00:00 AM,1545,YORK ST,YORK ST GARDINER W  RAMP,,Major Arterial,Toronto and East York,43.641421,-79.380862,At Intersection,Traffic Signal,Clear,Daylight,Dry,Non-Fatal Injury,Pedestrian Collisions,Pedestrian,55 to 59,Major,,North,,,,,Vehicle turns right while ped crosses with ROW at inter.,Crossing with right of way,Normal,,,,Yes,,Yes,,,,,Yes,,Yes,,,,165,Harbourfront-CityPlace,77,Waterfront Communities-The Island (77),D52,630593.337194656,4833320.21702513
4198,80154491,4001701923,3/14/2014 4:00:00 AM,2041,DANFORTH RD,TRUDELLE ST,,Major Arterial,Scarborough,43.739905,-79.245532,Intersection Related,Traffic Signal,Clear,"Dark, artificial",Dry,Non-Fatal Injury,Pedestrian Collisions,Driver,40 to 44,None,,North,"Automobile, Station Wagon",Going Ahead,Driving Properly,Unknown,,,,,,,Yes,,Yes,,,,,Yes,,Yes,,,,138,Eglinton East,138,Eglinton East (138),D43,641277.226275622,4844480.10588877
4199,80154492,4001701923,3/14/2014 4:00:00 AM,2041,DANFORTH RD,TRUDELLE ST,,Major Arterial,Scarborough,43.739905,-79.245532,Intersection Related,Traffic Signal,Clear,"Dark, artificial",Dry,Non-Fatal Injury,Pedestrian Collisions,Driver,30 to 34,None,,West,"Automobile, Station Wagon",Stopped,Driving Properly,Unknown,,,,,,,Yes,,Yes,,,,,Yes,,Yes,,,,138,Eglinton East,138,Eglinton East (138),D43,641277.226275622,4844480.10588877
4200,80154493,4001701923,3/14/2014 4:00:00 AM,2041,DANFORTH RD,TRUDELLE ST,,Major Arterial,Scarborough,43.739905,-79.245532,Intersection Related,Traffic Signal,Clear,"Dark, artificial",Dry,Non-Fatal Injury,Pedestrian Collisions,Driver,15 to 19,None,,South,"Automobile, Station Wagon",Turning Left,Failed to Yield Right of Way,Unknown,,,,,,,Yes,,Yes,,,,,Yes,,Yes,,,,138,Eglinton East,138,Eglinton East (138),D43,641277.226275622,4844480.10588877
4201,80154494,4001701923,3/14/2014 4:00:00 AM,2041,DANFORTH RD,TRUDELLE ST,,Major Arterial,Scarborough,43.739905,-79.245532,Intersection Related,Traffic Signal,Clear,"Dark, artificial",Dry,Non-Fatal Injury,Pedestrian Collisions,Passenger,25 to 29,None,,,,,,,,,,,,,Yes,,Yes,,,,,Yes,,Yes,,,,138,Eglinton East,138,Eglinton East (138),D43,641277.226275622,4844480.10588877
4202,80154495,4001701923,3/14/2014 4:00:00 AM,2041,DANFORTH RD,TRUDELLE ST,,Major Arterial,Scarborough,43.739905,-79.245532,Intersection Related,Traffic Signal,Clear,"Dark, artificial",Dry,Non-Fatal Injury,Pedestrian Collisions,Passenger,0 to 4,None,,,,,,,,,,,,,Yes,,Yes,,,,,Yes,,Yes,,,,138,Eglinton East,138,Eglinton East (138),D43,641277.226275622,4844480.10588877
4203,80154496,4001701923,3/14/2014 4:00:00 AM,2041,DANFORTH RD,TRUDELLE ST,,Major Arterial,Scarborough,43.739905,-79.245532,Intersection Related,Traffic Signal,Clear,"Dark, artificial",Dry,Non-Fatal Injury,Pedestrian Collisions,Pedestrian,50 to 54,Major,,Unknown,,,,,Vehicle is going straight thru inter.while ped cross with ROW,Crossing with right of way,Unknown,,,,Yes,,Yes,,,,,Yes,,Yes,,,,138,Eglinton East,138,Eglinton East (138),D43,641277.226275622,4844480.10588877
4204,80154697,4001715026,3/17/2014 4:00:00 AM,700,711 KENNEDY RD,,,Major Arterial,Scarborough,43.728591,-79.266422,Non Intersection,No Control,Clear,Dark,Dry,Non-Fatal Injury,Pedestrian Collisions,Driver,15 to 19,None,,North,"Automobile, Station Wagon",Going Ahead,Driving Properly,Normal,,,,,,,Yes,,Yes,,,,,,,,,,,124,Kennedy Park,124,Kennedy Park (124),D41,639621.3466185,4843188.10504712
4205,80154698,4001715026,3/17/2014 4:00:00 AM,700,711 KENNEDY RD,,,Major Arterial,Scarborough,43.728591,-79.266422,Non Intersection,No Control,Clear,Dark,Dry,Non-Fatal Injury,Pedestrian Collisions,Pedestrian,80 to 84,Major,,East,,,,,Pedestrian hit at mid-block,"Crossing, no Traffic Control",Unknown,,,,Yes,,Yes,,,,,,,,,,,124,Kennedy Park,124,Kennedy Park (124),D41,639621.3466185,4843188.10504712
4206,80154893,4001727505,3/19/2014 4:00:00 AM,615,DON VALLEY PARKWAY  S,GERRARD ST E,,Minor Arterial,Toronto and East York,43.664591,-79.355953,Non Intersection,No Control,Clear,Dark,Dry,Non-Fatal Injury,Pedestrian Collisions,Driver,30 to 34,None,,South,"Automobile, Station Wagon",Going Ahead,Driving Properly,Normal,,,,,,,Yes,,Yes,,,,,,,,,,,70,South Riverdale,70,South Riverdale (70),D55,632551.437345159,4835933.04725345
4207,80154894,4001727505,3/19/2014 4:00:00 AM,615,DON VALLEY PARKWAY  S,GERRARD ST E,,Minor Arterial,Toronto and East York,43.664591,-79.355953,Non Intersection,No Control,Clear,Dark,Dry,Non-Fatal Injury,Pedestrian Collisions,Pedestrian,35 to 39,Major,,Unknown,,,,,Pedestrian hit at mid-block,Other,Unknown,,,,Yes,,Yes,,,,,,,,,,,70,South Riverdale,70,South Riverdale (70),D55,632551.437345159,4835933.04725345
4208,80205211,4001729186,3/19/2014 4:00:00 AM,615,DON VALLEY PARKWAY  S,GERRARD ST E,,Minor Arterial,Toronto and East York,43.664336,-79.355869,Non Intersection,No Control,Clear,Dark,Dry,Non-Fatal Injury,Pedestrian Collisions,Driver,60 to 64,None,,South,"Automobile, Station Wagon",Going Ahead,Driving Properly,Normal,,,,,,,Yes,,Yes,,,,,,,,,,,70,South Riverdale,70,South Riverdale (70),D55,632558.771189967,4835904.86029155
4209,80205212,4001729186,3/19/2014 4:00:00 AM,615,DON VALLEY PARKWAY  S,GERRARD ST E,,Minor Arterial,Toronto and East York,43.664336,-79.355869,Non Intersection,No Control,Clear,Dark,Dry,Non-Fatal Injury,Pedestrian Collisions,Pedestrian,35 to 39,Major,,Unknown,,,,,Pedestrian hit at mid-block,Other,Unknown,,,,Yes,,Yes,,,,,,,,,,,70,South Riverdale,70,South Riverdale (70),D55,632558.771189967,4835904.86029155
4210,80155272,4001748870,3/22/2014 4:00:00 AM,1750,PATON RD,LANSDOWNE AVE,,Minor Arterial,Toronto and East York,43.660632,-79.443607,Intersection Related,Stop Sign,Clear,Daylight,Dry,Non-Fatal Injury,Pedestrian Collisions,Driver,40 to 44,None,,West,"Automobile, Station Wagon",Other,Failed to Yield Right of Way,Normal,,,,,,,Yes,,Yes,,,,,,,Yes,,,,171,Junction-Wallace Emerson,93,Dovercourt-Wallace Emerson-Junction (93),D11,625492.503997247,4835357.03444343
4211,80155273,4001748870,3/22/2014 4:00:00 AM,1750,PATON RD,LANSDOWNE AVE,,Minor Arterial,Toronto and East York,43.660632,-79.443607,Intersection Related,Stop Sign,Clear,Daylight,Dry,Non-Fatal Injury,Pedestrian Collisions,Pedestrian,85 to 89,Major,,South,,,,,Vehicle is reversing and hits pedestrian,Crossing with right of way,Normal,,,,Yes,,Yes,,,,,,,Yes,,,,171,Junction-Wallace Emerson,93,Dovercourt-Wallace Emerson-Junction (93),D11,625492.503997247,4835357.03444343
4212,80155632,4001769884,3/26/2014 4:00:00 AM,955,FRONT ST E,SCOTT ST,,Minor Arterial,Toronto and East York,43.647444,-79.375766,Intersection Related,Stop Sign,Clear,Daylight,Dry,Non-Fatal Injury,Pedestrian Collisions,Driver,25 to 29,None,,South,"Automobile, Station Wagon",Turning Left,Improper Turn,Inattentive,,,,,,,Yes,,Yes,,,,,,,,,,,166,St Lawrence-East Bayfront-The Islands,77,Waterfront Communities-The Island (77),D51,630991.27360784,4833997.18063766
4213,80155633,4001769884,3/26/2014 4:00:00 AM,955,FRONT ST E,SCOTT ST,,Minor Arterial,Toronto and East York,43.647444,-79.375766,Intersection Related,Stop Sign,Clear,Daylight,Dry,Non-Fatal Injury,Pedestrian Collisions,Pedestrian,30 to 34,Major,,North,,,,,Vehicle turns left while ped crosses with ROW at inter.,"Crossing, no Traffic Control",Normal,,,,Yes,,Yes,,,,,,,,,,,166,St Lawrence-East Bayfront-The Islands,77,Waterfront Communities-The Island (77),D51,630991.27360784,4833997.18063766
4214,80155844,4001784791,3/28/2014 4:00:00 AM,1644,QUEEN ST W,BATHURST ST,,Major Arterial,Toronto and East York,43.64741,-79.40282,Non Intersection,No Control,Clear,Daylight,Dry,Non-Fatal Injury,Pedestrian Collisions,Driver,25 to 29,None,,East,"Automobile, Station Wagon",Going Ahead,Driving Properly,Normal,,,,,,,Yes,,Yes,,,,,,,,,,,164,Wellington Place,77,Waterfront Communities-The Island (77),D14,628809.471673815,4833951.05725742