OBJECTID,INDEX,ACCNUM,DATE,TIME,STREET1,STREET2,OFFSET,ROAD_CLASS,DISTRICT,LATITUDE,LONGITUDE,ACCLOC,TRAFFCTL,VISIBILITY,LIGHT,RDSFCOND,ACCLASS,IMPACTYPE,INVTYPE,INVAGE,INJURY,FATAL_NO,INITDIR,VEHTYPE,MANOEUVER,DRIVACT,DRIVCOND,PEDTYPE,PEDACT,PEDCOND,CYCLISTYPE,CYCACT,CYCCOND,PEDESTRIAN,CYCLIST,AUTOMOBILE,MOTORCYCLE,TRUCK,TRSN_CITY_VEH,EMERG_VEH,PASSENGER,SPEEDING,AG_DRIV,REDLIGHT,ALCOHOL,DISABILITY,HOOD_158,NEIGHBOURHOOD_158,HOOD_140,NEIGHBOURHOOD_140,DIVISION,x,y
4215,80155845,4001784791,3/28/2014 4:00:00 AM,1644,QUEEN ST W,BATHURST ST,,Major Arterial,Toronto and East York,43.64741,-79.40282,Non Intersection,No Control,Clear,Daylight,Dry,Non-Fatal Injury,Pedestrian Collisions,Pedestrian,40 to 44,Major,,South,,,,,Pedestrian hit at mid-block,"Crossing, no Traffic Control",Inattentive,,,,Yes,,Yes,,,,,,,,,,,164,Wellington Place,77,Waterfront Communities-The Island (77),D14,628809.471673815,4833951.05725742
4216,80155879,4001787637,3/29/2014 4:00:00 AM,247,BLOOR ST W,SPADINA AVE,,Major Arterial,Toronto and East York,43.66664,-79.403857,At Intersection,Traffic Signal,Clear,"Dark, artificial",Dry,Non-Fatal Injury,Pedestrian Collisions,Driver,unknown,,,Unknown,"Automobile, Station Wagon",Going Ahead,Other,Normal,,,,,,,Yes,,Yes,,,,,,,,,,,79,University,79,University (79),D52,628684.754655761,4836085.19310324
4217,80155880,4001787637,3/29/2014 4:00:00 AM,247,BLOOR ST W,SPADINA AVE,,Major Arterial,Toronto and East York,43.66664,-79.403857,At Intersection,Traffic Signal,Clear,"Dark, artificial",Dry,Non-Fatal Injury,Pedestrian Collisions,Pedestrian,15 to 19,Major,,Unknown,,,,,Vehicle is going straight thru inter.while ped cross without ROW,Crossing without right of way,Had Been Drinking,,,,Yes,,Yes,,,,,,,,,,,79,University,79,University (79),D52,628684.754655761,4836085.19310324
4218,80156118,4001802886,3/31/2014 4:00:00 AM,1715,AVENUE RD,FAIRLAWN AVE,,Major Arterial,North York,43.727889,-79.417903,At Intersection,Traffic Signal,Clear,Daylight,Dry,Non-Fatal Injury,Pedestrian Collisions,Driver,25 to 29,None,,South,"Automobile, Station Wagon",Going Ahead,Disobeyed Traffic Control,Inattentive,,,,,,,Yes,,Yes,,,,,,,Yes,Yes,,,39,Bedford Park-Nortown,39,Bedford Park-Nortown (39),D32,627422.522140931,4842866.0519145
4219,80156119,4001802886,3/31/2014 4:00:00 AM,1715,AVENUE RD,FAIRLAWN AVE,,Major Arterial,North York,43.727889,-79.417903,At Intersection,Traffic Signal,Clear,Daylight,Dry,Non-Fatal Injury,Pedestrian Collisions,Pedestrian,25 to 29,Major,,East,,,,,Vehicle is going straight thru inter.while ped cross with ROW,Crossing with right of way,Normal,,,,Yes,,Yes,,,,,,,Yes,Yes,,,39,Bedford Park-Nortown,39,Bedford Park-Nortown (39),D32,627422.522140931,4842866.0519145
4220,80156397,4001819203,4/3/2014 4:00:00 AM,930,1505 WILSON AVE,,,Major Arterial,North York,43.721377,-79.505595,Non Intersection,No Control,Clear,Daylight,Dry,Non-Fatal Injury,Pedestrian Collisions,Driver,25 to 29,None,,East,Pick Up Truck,Going Ahead,Driving Properly,Normal,,,,,,,Yes,,Yes,,,,,,,,,,,154,Oakdale-Beverley Heights,26,Downsview-Roding-CFB (26),D31,620372.767177075,4842011.6996842
4221,80156398,4001819203,4/3/2014 4:00:00 AM,930,1505 WILSON AVE,,,Major Arterial,North York,43.721377,-79.505595,Non Intersection,No Control,Clear,Daylight,Dry,Non-Fatal Injury,Pedestrian Collisions,Pedestrian,65 to 69,Major,,North,,,,,Pedestrian hit at mid-block,"Crossing, no Traffic Control",Inattentive,,,,Yes,,Yes,,,,,,,,,,,154,Oakdale-Beverley Heights,26,Downsview-Roding-CFB (26),D31,620372.767177075,4842011.6996842
4222,80156527,4001829726,4/4/2014 4:00:00 AM,2225,DON MILLS RD,BARBER GREENE RD,,Major Arterial,North York,43.727645,-79.340846,Intersection Related,Traffic Signal,Rain,Dark,Wet,Non-Fatal Injury,Pedestrian Collisions,Driver,45 to 49,None,,West,"Automobile, Station Wagon",Turning Right,Improper Turn,Inattentive,,,,,,,Yes,,Yes,,,,,,,,,,,42,Banbury-Don Mills,42,Banbury-Don Mills (42),D33,633629.319645246,4842960.32760434
4223,80156528,4001829726,4/4/2014 4:00:00 AM,2225,DON MILLS RD,BARBER GREENE RD,,Major Arterial,North York,43.727645,-79.340846,Intersection Related,Traffic Signal,Rain,Dark,Wet,Non-Fatal Injury,Pedestrian Collisions,Pedestrian,20 to 24,Major,,East,,,,,Vehicle turns right while ped crosses without ROW at inter.,Crossing without right of way,Inattentive,,,,Yes,,Yes,,,,,,,,,,,42,Banbury-Don Mills,42,Banbury-Don Mills (42),D33,633629.319645246,4842960.32760434
4224,80508064,4001839979,4/6/2014 4:00:00 AM,1725,YONGE ST,PLEASANT BLVD,,Major Arterial,Toronto and East York,43.687121,-79.393695,At Intersection,No Control,Clear,Daylight,Dry,Non-Fatal Injury,Pedestrian Collisions,Driver,75 to 79,None,,South,"Automobile, Station Wagon",Turning Left,Failed to Yield Right of Way,Normal,,,,,,,Yes,,Yes,Yes,,,,,Yes,Yes,,,,98,Rosedale-Moore Park,98,Rosedale-Moore Park (98),D53,629459.995366486,4838375.69911935
4225,80508065,4001839979,4/6/2014 4:00:00 AM,1725,YONGE ST,PLEASANT BLVD,,Major Arterial,Toronto and East York,43.687121,-79.393695,At Intersection,No Control,Clear,Daylight,Dry,Non-Fatal Injury,Pedestrian Collisions,Motorcycle Driver,25 to 29,Major,,North,Motorcycle,Changing Lanes,Driving Properly,Normal,,,,,,,Yes,,Yes,Yes,,,,,Yes,Yes,,,,98,Rosedale-Moore Park,98,Rosedale-Moore Park (98),D53,629459.995366486,4838375.69911935
4226,80508066,4001839979,4/6/2014 4:00:00 AM,1725,YONGE ST,PLEASANT BLVD,,Major Arterial,Toronto and East York,43.687121,-79.393695,At Intersection,No Control,Clear,Daylight,Dry,Non-Fatal Injury,Pedestrian Collisions,Pedestrian,65 to 69,Major,,Unknown,,,,,Pedestrian hit on sidewalk or shoulder,On Sidewalk or Shoulder,Normal,,,,Yes,,Yes,Yes,,,,,Yes,Yes,,,,98,Rosedale-Moore Park,98,Rosedale-Moore Park (98),D53,629459.995366486,4838375.69911935
4227,80156688,4001840034,4/6/2014 4:00:00 AM,1730,DUNDAS ST W,MABELLE AVE,,Major Arterial,Etobicoke York,43.646765,-79.530544,At Intersection,Traffic Signal,Clear,Daylight,Dry,Non-Fatal Injury,Pedestrian Collisions,Driver,70 to 74,None,,North,"Automobile, Station Wagon",Turning Left,Failed to Yield Right of Way,Inattentive,,,,,,,Yes,,Yes,,,,,Yes,,Yes,,,,159,Etobicoke City Centre,14,Islington-City Centre West (14),D22,618509.95605254,4833689.10799353
4228,80156689,4001840034,4/6/2014 4:00:00 AM,1730,DUNDAS ST W,MABELLE AVE,,Major Arterial,Etobicoke York,43.646765,-79.530544,At Intersection,Traffic Signal,Clear,Daylight,Dry,Non-Fatal Injury,Pedestrian Collisions,Passenger,80 to 84,None,,,,,,,,,,,,,Yes,,Yes,,,,,Yes,,Yes,,,,159,Etobicoke City Centre,14,Islington-City Centre West (14),D22,618509.95605254,4833689.10799353
4229,80156690,4001840034,4/6/2014 4:00:00 AM,1730,DUNDAS ST W,MABELLE AVE,,Major Arterial,Etobicoke York,43.646765,-79.530544,At Intersection,Traffic Signal,Clear,Daylight,Dry,Non-Fatal Injury,Pedestrian Collisions,Pedestrian,55 to 59,Major,,South,,,,,Vehicle turns left while ped crosses with ROW at inter.,Crossing with right of way,Unknown,,,,Yes,,Yes,,,,,Yes,,Yes,,,,159,Etobicoke City Centre,14,Islington-City Centre West (14),D22,618509.95605254,4833689.10799353
4230,80156695,4001840724,4/6/2014 4:00:00 AM,2002,BAYVIEW AVE,PARKHURST BLVD,,Major Arterial,North York,43.708693,-79.376323,At Intersection,Pedestrian Crossover,Clear,"Dark, artificial",Dry,Non-Fatal Injury,Pedestrian Collisions,Driver,15 to 19,None,,South,Passenger Van,Going Ahead,Failed to Yield Right of Way,Inattentive,,,,,,,Yes,,Yes,,,,,Yes,,Yes,,,,56,Leaside-Bennington,56,Leaside-Bennington (56),D53,630813.185879193,4840798.83766583
4231,80156696,4001840724,4/6/2014 4:00:00 AM,2002,BAYVIEW AVE,PARKHURST BLVD,,Major Arterial,North York,43.708693,-79.376323,At Intersection,Pedestrian Crossover,Clear,"Dark, artificial",Dry,Non-Fatal Injury,Pedestrian Collisions,Pedestrian,20 to 24,Major,,East,,,,,Pedestrian hit a PXO/ped. Mid-block signal,"Crossing, Pedestrian Crossover",Normal,,,,Yes,,Yes,,,,,Yes,,Yes,,,,56,Leaside-Bennington,56,Leaside-Bennington (56),D53,630813.185879193,4840798.83766583
4232,80156697,4001840724,4/6/2014 4:00:00 AM,2002,BAYVIEW AVE,PARKHURST BLVD,,Major Arterial,North York,43.708693,-79.376323,At Intersection,Pedestrian Crossover,Clear,"Dark, artificial",Dry,Non-Fatal Injury,Pedestrian Collisions,Passenger,15 to 19,None,,,,,,,,,,,,,Yes,,Yes,,,,,Yes,,Yes,,,,56,Leaside-Bennington,56,Leaside-Bennington (56),D53,630813.185879193,4840798.83766583
4233,80156892,4001851906,4/8/2014 4:00:00 AM,1550,DANFORTH RD,LINDEN AVE,,Major Arterial,Scarborough,43.720854,-79.257076,At Intersection,No Control,Clear,Daylight,Dry,Non-Fatal Injury,Pedestrian Collisions,Driver,30 to 34,None,,South,"Automobile, Station Wagon",Going Ahead,Driving Properly,Normal,,,,,,,Yes,,Yes,,,,,,,,,,,124,Kennedy Park,124,Kennedy Park (124),D41,640392.150303292,4842344.587292
4234,80156893,4001851906,4/8/2014 4:00:00 AM,1550,DANFORTH RD,LINDEN AVE,,Major Arterial,Scarborough,43.720854,-79.257076,At Intersection,No Control,Clear,Daylight,Dry,Non-Fatal Injury,Pedestrian Collisions,Pedestrian,10 to 14,Major,,East,,,,,Vehicle is going straight thru inter.while ped cross without ROW,"Crossing, no Traffic Control",Normal,,,,Yes,,Yes,,,,,,,,,,,124,Kennedy Park,124,Kennedy Park (124),D41,640392.150303292,4842344.587292
4235,80158065,4001933544,4/21/2014 4:00:00 AM,2201,VICTORIA PARK AVE,LAWRENCE AVE E,,Major Arterial,North York,43.742125,-79.309787,Intersection Related,Traffic Signal,Clear,"Dark, artificial",Dry,Non-Fatal Injury,Pedestrian Collisions,Driver,40 to 44,None,,West,"Automobile, Station Wagon",Turning Left,Failed to Yield Right of Way,Inattentive,,,,,,,Yes,,Yes,,,,,Yes,,Yes,,,,43,Victoria Village,43,Victoria Village (43),D33,636098.051366196,4844619.10119415
4236,80158066,4001933544,4/21/2014 4:00:00 AM,2201,VICTORIA PARK AVE,LAWRENCE AVE E,,Major Arterial,North York,43.742125,-79.309787,Intersection Related,Traffic Signal,Clear,"Dark, artificial",Dry,Non-Fatal Injury,Pedestrian Collisions,Passenger,15 to 19,None,,,,,,,,,,,,,Yes,,Yes,,,,,Yes,,Yes,,,,43,Victoria Village,43,Victoria Village (43),D33,636098.051366196,4844619.10119415
4237,80158067,4001933544,4/21/2014 4:00:00 AM,2201,VICTORIA PARK AVE,LAWRENCE AVE E,,Major Arterial,North York,43.742125,-79.309787,Intersection Related,Traffic Signal,Clear,"Dark, artificial",Dry,Non-Fatal Injury,Pedestrian Collisions,Pedestrian,55 to 59,Major,,West,,,,,Vehicle turns left while ped crosses with ROW at inter.,Crossing with right of way,Normal,,,,Yes,,Yes,,,,,Yes,,Yes,,,,43,Victoria Village,43,Victoria Village (43),D33,636098.051366196,4844619.10119415
4238,80628216,4001938263,4/22/2014 4:00:00 AM,1700,MARKET ST,THE ESPLANADE,44 m North o,Local,Toronto and East York,43.648532,-79.371936,Non Intersection,No Control,Clear,Daylight,Dry,Non-Fatal Injury,Pedestrian Collisions,Driver,25 to 29,None,,South,"Automobile, Station Wagon",Reversing,Other,Normal,,,,,,,Yes,,Yes,,,,,,,,,,,166,St Lawrence-East Bayfront-The Islands,77,Waterfront Communities-The Island (77),D51,631297.788319357,4834124.06984105
4239,80628217,4001938263,4/22/2014 4:00:00 AM,1700,MARKET ST,THE ESPLANADE,44 m North o,Local,Toronto and East York,43.648532,-79.371936,Non Intersection,No Control,Clear,Daylight,Dry,Non-Fatal Injury,Pedestrian Collisions,Pedestrian,40 to 44,Major,,North,,,,,Vehicle is reversing and hits pedestrian,Walking on Roadway Against Traffic,Normal,,,,Yes,,Yes,,,,,,,,,,,166,St Lawrence-East Bayfront-The Islands,77,Waterfront Communities-The Island (77),D51,631297.788319357,4834124.06984105
4240,8000009,141945030,4/23/2014 4:00:00 AM,1755,DUNDAS ST W,KENSINGTON AVE,,Major Arterial,Toronto and East York,43.652541,-79.39986,,No Control,Clear,"Daylight, artificial",Dry,Fatal,Pedestrian Collisions,Driver,50 to 54,None,,West,"Automobile, Station Wagon",Going Ahead,Driving Properly,Normal,,,,,,,Yes,,Yes,,,,,,,,,,,78,Kensington-Chinatown,78,Kensington-Chinatown (78),D14,629037.204193012,4834525.52039112
4241,80000026,141945030,4/23/2014 4:00:00 AM,1755,DUNDAS ST W,KENSINGTON AVE,,Major Arterial,Toronto and East York,43.652541,-79.39986,,No Control,Clear,"Daylight, artificial",Dry,Fatal,Pedestrian Collisions,Pedestrian,25 to 29,Fatal,7,South,,,,,Vehicle is going straight thru inter.while ped cross without ROW,"Crossing, no Traffic Control",Inattentive,,,,Yes,,Yes,,,,,,,,,,,78,Kensington-Chinatown,78,Kensington-Chinatown (78),D14,629037.204193012,4834525.52039112
4242,80158568,4001968230,4/27/2014 4:00:00 AM,1053,FINCH AVE W,DRIFTWOOD AVE,,Major Arterial,Etobicoke York,43.758048,-79.513431,At Intersection,Traffic Signal,Clear,Daylight,Dry,Non-Fatal Injury,Pedestrian Collisions,Driver,30 to 34,None,,East,Municipal Transit Bus (TTC),Going Ahead,Driving Properly,Normal,,,,,,,Yes,,,,,Yes,,,,,,,,25,Glenfield-Jane Heights,25,Glenfield-Jane Heights (25),D31,619668.504278147,4846073.1914633
4243,80158569,4001968230,4/27/2014 4:00:00 AM,1053,FINCH AVE W,DRIFTWOOD AVE,,Major Arterial,Etobicoke York,43.758048,-79.513431,At Intersection,Traffic Signal,Clear,Daylight,Dry,Non-Fatal Injury,Pedestrian Collisions,Pedestrian,10 to 14,Major,,North,,,,,Pedestrian involved in a collision with transit vehicle anywhere along roadway,Crossing without right of way,Inattentive,,,,Yes,,,,,Yes,,,,,,,,25,Glenfield-Jane Heights,25,Glenfield-Jane Heights (25),D31,619668.504278147,4846073.1914633
4244,80628459,4001981966,4/29/2014 4:00:00 AM,1447,SPADINA AVE,BALDWIN ST,,Major Arterial,Toronto and East York,43.655112,-79.398898,At Intersection,No Control,Rain,Daylight,Wet,Non-Fatal Injury,Pedestrian Collisions,Driver,60 to 64,None,,North,Street Car,Going Ahead,Driving Properly,Unknown,,,,,,,Yes,,,,,Yes,,,,,,,,78,Kensington-Chinatown,78,Kensington-Chinatown (78),D52,629109.272236647,4834812.56008658
4245,80628460,4001981966,4/29/2014 4:00:00 AM,1447,SPADINA AVE,BALDWIN ST,,Major Arterial,Toronto and East York,43.655112,-79.398898,At Intersection,No Control,Rain,Daylight,Wet,Non-Fatal Injury,Pedestrian Collisions,Pedestrian,25 to 29,Major,,East,,,,,Pedestrian involved in a collision with transit vehicle anywhere along roadway,Crossing without right of way,Inattentive,,,,Yes,,,,,Yes,,,,,,,,78,Kensington-Chinatown,78,Kensington-Chinatown (78),D52,629109.272236647,4834812.56008658
4246,8000012,142049204,5/10/2014 4:00:00 AM,233,DUNDAS ST W,AUGUSTA AVE,,Major Arterial,Toronto and East York,43.652262,-79.401134,,No Control,Clear,"Dark, artificial",Dry,Fatal,Pedestrian Collisions,Pedestrian,25 to 29,Fatal,9,Unknown,,,,,Other / Undefined,Other,Had Been Drinking,,,,Yes,,Yes,,,,,Yes,,,,,,78,Kensington-Chinatown,78,Kensington-Chinatown (78),D14,628935.063290595,4834492.55347435
4247,8000013,142049204,5/10/2014 4:00:00 AM,233,DUNDAS ST W,AUGUSTA AVE,,Major Arterial,Toronto and East York,43.652262,-79.401134,,No Control,Clear,"Dark, artificial",Dry,Fatal,Pedestrian Collisions,Driver,30 to 34,None,,West,"Automobile, Station Wagon",Changing Lanes,Improper Lane Change,Unknown,,,,,,,Yes,,Yes,,,,,Yes,,,,,,78,Kensington-Chinatown,78,Kensington-Chinatown (78),D14,628935.063290595,4834492.55347435
4248,8000014,142049204,5/10/2014 4:00:00 AM,233,DUNDAS ST W,AUGUSTA AVE,,Major Arterial,Toronto and East York,43.652262,-79.401134,,No Control,Clear,"Dark, artificial",Dry,Fatal,Pedestrian Collisions,Driver,60 to 64,None,,West,"Automobile, Station Wagon",Stopped,Driving Properly,Normal,,,,,,,Yes,,Yes,,,,,Yes,,,,,,78,Kensington-Chinatown,78,Kensington-Chinatown (78),D14,628935.063290595,4834492.55347435
4249,80000028,142049204,5/10/2014 4:00:00 AM,233,DUNDAS ST W,AUGUSTA AVE,,Major Arterial,Toronto and East York,43.652262,-79.401134,,No Control,Clear,"Dark, artificial",Dry,Fatal,Pedestrian Collisions,Passenger,20 to 24,None,,,,,,,,,,,,,Yes,,Yes,,,,,Yes,,,,,,78,Kensington-Chinatown,78,Kensington-Chinatown (78),D14,628935.063290595,4834492.55347435
4250,80628844,4002056901,5/11/2014 4:00:00 AM,1033,DUFFERIN ST,BRIDGELAND AVE,,Major Arterial,North York,43.726924,-79.457614,Intersection Related,Traffic Signal,Clear,Daylight,Dry,Non-Fatal Injury,Pedestrian Collisions,Driver,35 to 39,None,,West,"Automobile, Station Wagon",Turning Left,Failed to Yield Right of Way,Unknown,,,,,,,Yes,,Yes,,,,,,,Yes,,,,31,Yorkdale-Glen Park,31,Yorkdale-Glen Park (31),D32,624226.153799986,4842698.57916946
4251,80628845,4002056901,5/11/2014 4:00:00 AM,1033,DUFFERIN ST,BRIDGELAND AVE,,Major Arterial,North York,43.726924,-79.457614,Intersection Related,Traffic Signal,Clear,Daylight,Dry,Non-Fatal Injury,Pedestrian Collisions,Pedestrian,30 to 34,Major,,West,"Automobile, Station Wagon",,,,Vehicle turns left while ped crosses with ROW at inter.,Crossing with right of way,Inattentive,,,,Yes,,Yes,,,,,,,Yes,,,,31,Yorkdale-Glen Park,31,Yorkdale-Glen Park (31),D32,624226.153799986,4842698.57916946
4252,80160118,4002067851,5/12/2014 4:00:00 AM,2330,KEELER BLVD,TWEEDROCK CRES,,Collector,Scarborough,43.792792,-79.206989,At Intersection,No Control,Rain,Dark,Wet,Non-Fatal Injury,Pedestrian Collisions,Driver,unknown,,,East,,Turning Left,Improper Turn,Unknown,,,,,,,Yes,,,,,,,,,,,,,135,Morningside,135,Morningside (135),D43,644253.719260941,4850420.48614228
4253,80160119,4002067851,5/12/2014 4:00:00 AM,2330,KEELER BLVD,TWEEDROCK CRES,,Collector,Scarborough,43.792792,-79.206989,At Intersection,No Control,Rain,Dark,Wet,Non-Fatal Injury,Pedestrian Collisions,Pedestrian,40 to 44,Major,,East,,,,,Vehicle turns left while ped crosses with ROW at inter.,Crossing with right of way,Normal,,,,Yes,,,,,,,,,,,,,135,Morningside,135,Morningside (135),D43,644253.719260941,4850420.48614228
4254,80160347,4002084310,5/14/2014 4:00:00 AM,1908,BLOOR ST W,DUNDAS ST W,,Major Arterial,Toronto and East York,43.65631,-79.452441,At Intersection,Traffic Signal,Rain,Dusk,Wet,Non-Fatal Injury,Pedestrian Collisions,Driver,30 to 34,None,,North,"Automobile, Station Wagon",Turning Left,Failed to Yield Right of Way,Normal,,,,,,,Yes,,Yes,,,,,,,Yes,,,,86,Roncesvalles,86,Roncesvalles (86),D11,624789.161653165,4834863.69626211
4255,80160348,4002084310,5/14/2014 4:00:00 AM,1908,BLOOR ST W,DUNDAS ST W,,Major Arterial,Toronto and East York,43.65631,-79.452441,At Intersection,Traffic Signal,Rain,Dusk,Wet,Non-Fatal Injury,Pedestrian Collisions,Pedestrian,40 to 44,Major,,South,,,,,Vehicle turns left while ped crosses with ROW at inter.,Crossing with right of way,Unknown,,,,Yes,,Yes,,,,,,,Yes,,,,86,Roncesvalles,86,Roncesvalles (86),D11,624789.161653165,4834863.69626211
4256,80160612,4002098742,5/17/2014 4:00:00 AM,1729,YONGE ST,QUEEN ST,,Major Arterial,Toronto and East York,43.653201,-79.379573,Non Intersection,No Control,Clear,Daylight,Dry,Non-Fatal Injury,Pedestrian Collisions,Driver,20 to 24,None,,South,"Automobile, Station Wagon",Going Ahead,Driving Properly,Had Been Drinking,,,,,,,Yes,,Yes,,,,,Yes,,,,,,168,Downtown Yonge East,75,Church-Yonge Corridor (75),D51,630671.757974672,4834630.56894985
4257,80160613,4002098742,5/17/2014 4:00:00 AM,1729,YONGE ST,QUEEN ST,,Major Arterial,Toronto and East York,43.653201,-79.379573,Non Intersection,No Control,Clear,Daylight,Dry,Non-Fatal Injury,Pedestrian Collisions,Passenger,60 to 64,None,,,,,,,,,,,,,Yes,,Yes,,,,,Yes,,,,,,168,Downtown Yonge East,75,Church-Yonge Corridor (75),D51,630671.757974672,4834630.56894985
4258,80160614,4002098742,5/17/2014 4:00:00 AM,1729,YONGE ST,QUEEN ST,,Major Arterial,Toronto and East York,43.653201,-79.379573,Non Intersection,No Control,Clear,Daylight,Dry,Non-Fatal Injury,Pedestrian Collisions,Pedestrian,45 to 49,Major,,East,,,,,Pedestrian hit at mid-block,Running onto Roadway,Normal,,,,Yes,,Yes,,,,,Yes,,,,,,168,Downtown Yonge East,75,Church-Yonge Corridor (75),D51,630671.757974672,4834630.56894985
4259,80161684,4002166140,5/27/2014 4:00:00 AM,2125,NEILSON RD.,ELLESMERE RD,,Minor Arterial,Scarborough,43.783312,-79.205303,At/Near Private Drive,No Control,Clear,"Dark, artificial",Dry,Non-Fatal Injury,Pedestrian Collisions,Driver,50 to 54,None,,South,"Automobile, Station Wagon",Going Ahead,Driving Properly,Normal,,,,,,,Yes,,Yes,,,,,,,,,,,135,Morningside,135,Morningside (135),D43,644412.195029265,4849370.52018825
4260,80161685,4002166140,5/27/2014 4:00:00 AM,2125,NEILSON RD.,ELLESMERE RD,,Minor Arterial,Scarborough,43.783312,-79.205303,At/Near Private Drive,No Control,Clear,"Dark, artificial",Dry,Non-Fatal Injury,Pedestrian Collisions,Pedestrian,40 to 44,Major,,East,,,,,Pedestrian hit at mid-block,"Crossing, no Traffic Control",Normal,,,,Yes,,Yes,,,,,,,,,,,135,Morningside,135,Morningside (135),D43,644412.195029265,4849370.52018825
4261,80161916,4002177658,5/29/2014 4:00:00 AM,1450,45 BAY ST,,,Major Arterial,Toronto and East York,43.643874,-79.378192,At/Near Private Drive,No Control,Clear,Daylight,Dry,Non-Fatal Injury,Pedestrian Collisions,Driver,35 to 39,None,,West,"Automobile, Station Wagon",Turning Left,Failed to Yield Right of Way,Inattentive,,,,,,,Yes,,Yes,,,,,,,Yes,,,,166,St Lawrence-East Bayfront-The Islands,77,Waterfront Communities-The Island (77),D52,630803.367629909,4833596.85915381
4262,80161917,4002177658,5/29/2014 4:00:00 AM,1450,45 BAY ST,,,Major Arterial,Toronto and East York,43.643874,-79.378192,At/Near Private Drive,No Control,Clear,Daylight,Dry,Non-Fatal Injury,Pedestrian Collisions,Pedestrian,25 to 29,Major,,Unknown,,,,,Pedestrian hit at mid-block,"Crossing, no Traffic Control",Inattentive,,,,Yes,,Yes,,,,,,,Yes,,,,166,St Lawrence-East Bayfront-The Islands,77,Waterfront Communities-The Island (77),D52,630803.367629909,4833596.85915381
4263,80162407,4002199854,6/1/2014 4:00:00 AM,1913,EGLINTON AVE E,MIDLAND AVE,,Major Arterial,Scarborough,43.734919,-79.256099,At/Near Private Drive,No Control,Clear,Daylight,Dry,Non-Fatal Injury,Pedestrian Collisions,Driver,15 to 19,None,,South,"Automobile, Station Wagon",Turning Left,Improper Turn,Normal,,,,,,,Yes,,Yes,,,,,,,,,,,124,Kennedy Park,124,Kennedy Park (124),D41,640437.972689884,4843908.36975007
4264,80162408,4002199854,6/1/2014 4:00:00 AM,1913,EGLINTON AVE E,MIDLAND AVE,,Major Arterial,Scarborough,43.734919,-79.256099,At/Near Private Drive,No Control,Clear,Daylight,Dry,Non-Fatal Injury,Pedestrian Collisions,Pedestrian,85 to 89,Major,,Unknown,,,,,Pedestrian hit at mid-block,"Crossing, no Traffic Control",Normal,,,,Yes,,Yes,,,,,,,,,,,124,Kennedy Park,124,Kennedy Park (124),D41,640437.972689884,4843908.36975007
4265,80162481,4002204042,6/2/2014 4:00:00 AM,1204,QUEEN ST E,JONES AVE,,Minor Arterial,Toronto and East York,43.662654,-79.332813,At Intersection,Traffic Signal,Clear,Daylight,Dry,Non-Fatal Injury,Pedestrian Collisions,Truck Driver,65 to 69,None,,West,Truck - Open,Turning Right,Failed to Yield Right of Way,Normal,,,,,,,Yes,,,,Yes,,,,,Yes,,,,70,South Riverdale,70,South Riverdale (70),D55,634421.446028371,4835755.14958044
4266,80162482,4002204042,6/2/2014 4:00:00 AM,1204,QUEEN ST E,JONES AVE,,Minor Arterial,Toronto and East York,43.662654,-79.332813,At Intersection,Traffic Signal,Clear,Daylight,Dry,Non-Fatal Injury,Pedestrian Collisions,Pedestrian,70 to 74,Major,,West,,,,,Vehicle turns right while ped crosses with ROW at inter.,Crossing with right of way,Normal,,,,Yes,,,,Yes,,,,,Yes,,,,70,South Riverdale,70,South Riverdale (70),D55,634421.446028371,4835755.14958044
4267,8000021,142211983,6/3/2014 4:00:00 AM,1250,53 CRAIGMORE CRES,,,Local,North York,43.763236,-79.397456,,No Control,Clear,Daylight,Dry,Fatal,Pedestrian Collisions,Driver,75 to 79,None,,North,"Automobile, Station Wagon",Reversing,Other,Unknown,,,,,,,Yes,,Yes,,,,,,,,,,,153,Avondale,51,Willowdale East (51),D32,628993.400554805,4846823.5029299
4268,80000030,142211983,6/3/2014 4:00:00 AM,1250,53 CRAIGMORE CRES,,,Local,North York,43.763236,-79.397456,,No Control,Clear,Daylight,Dry,Fatal,Pedestrian Collisions,Pedestrian,85 to 89,Fatal,11,West,,,,,Vehicle is reversing and hits pedestrian,Other,Normal,,,,Yes,,Yes,,,,,,,,,,,153,Avondale,51,Willowdale East (51),D32,628993.400554805,4846823.5029299
4269,80163310,4002255654,6/9/2014 4:00:00 AM,1750,QUEEN ST E,KINGSTON RD,,Major Arterial,Toronto and East York,43.667227,-79.312595,At Intersection,Traffic Signal,Clear,Daylight,Dry,Non-Fatal Injury,Pedestrian Collisions,Driver,50 to 54,None,,East,"Automobile, Station Wagon",Going Ahead,Driving Properly,Normal,,,,,,,Yes,,Yes,,,,,,,,,,,63,The Beaches,63,The Beaches (63),D55,636041.265225797,4836296.00016345
4270,80163311,4002255654,6/9/2014 4:00:00 AM,1750,QUEEN ST E,KINGSTON RD,,Major Arterial,Toronto and East York,43.667227,-79.312595,At Intersection,Traffic Signal,Clear,Daylight,Dry,Non-Fatal Injury,Pedestrian Collisions,Pedestrian,30 to 34,Major,,North,"Automobile, Station Wagon",Going Ahead,,,Vehicle is going straight thru inter.while ped cross without ROW,Crossing without right of way,Inattentive,,,,Yes,,Yes,,,,,,,,,,,63,The Beaches,63,The Beaches (63),D55,636041.265225797,4836296.00016345