OBJECTID,INDEX,ACCNUM,DATE,TIME,STREET1,STREET2,OFFSET,ROAD_CLASS,DISTRICT,LATITUDE,LONGITUDE,ACCLOC,TRAFFCTL,VISIBILITY,LIGHT,RDSFCOND,ACCLASS,IMPACTYPE,INVTYPE,INVAGE,INJURY,FATAL_NO,INITDIR,VEHTYPE,MANOEUVER,DRIVACT,DRIVCOND,PEDTYPE,PEDACT,PEDCOND,CYCLISTYPE,CYCACT,CYCCOND,PEDESTRIAN,CYCLIST,AUTOMOBILE,MOTORCYCLE,TRUCK,TRSN_CITY_VEH,EMERG_VEH,PASSENGER,SPEEDING,AG_DRIV,REDLIGHT,ALCOHOL,DISABILITY,HOOD_158,NEIGHBOURHOOD_158,HOOD_140,NEIGHBOURHOOD_140,DIVISION,x,y
4271,80163514,4002267356,6/11/2014 4:00:00 AM,1100,DON VALLEY PARKWAY  S,GERRARD ST E,,Minor Arterial,Toronto and East York,43.664591,-79.355953,Overpass or Bridge,No Control,Clear,Daylight,Dry,Non-Fatal Injury,Pedestrian Collisions,Driver,35 to 39,None,,South,"Automobile, Station Wagon",Going Ahead,Driving Properly,Normal,,,,,,,Yes,,Yes,,,,,,,,,,,70,South Riverdale,70,South Riverdale (70),D55,632551.437345159,4835933.04725345
4272,80163515,4002267356,6/11/2014 4:00:00 AM,1100,DON VALLEY PARKWAY  S,GERRARD ST E,,Minor Arterial,Toronto and East York,43.664591,-79.355953,Overpass or Bridge,No Control,Clear,Daylight,Dry,Non-Fatal Injury,Pedestrian Collisions,Pedestrian,40 to 44,Major,,Unknown,,,,,Other / Undefined,Other,Unknown,,,,Yes,,Yes,,,,,,,,,,,70,South Riverdale,70,South Riverdale (70),D55,632551.437345159,4835933.04725345
4273,80163864,4002285719,6/13/2014 4:00:00 AM,2158,WESTON RD,AVON CRES,,Major Arterial,Etobicoke York,43.681292,-79.476436,Non Intersection,No Control,Clear,"Dark, artificial",Dry,Non-Fatal Injury,Pedestrian Collisions,Driver,65 to 69,None,,East,"Automobile, Station Wagon",Going Ahead,Driving Properly,Inattentive,,,,,,,Yes,,Yes,,,,,,,,,,,111,Rockcliffe-Smythe,111,Rockcliffe-Smythe (111),D12,622803.324322654,4837602.47087923
4274,80163865,4002285719,6/13/2014 4:00:00 AM,2158,WESTON RD,AVON CRES,,Major Arterial,Etobicoke York,43.681292,-79.476436,Non Intersection,No Control,Clear,"Dark, artificial",Dry,Non-Fatal Injury,Pedestrian Collisions,Pedestrian,55 to 59,Major,,North,,,,,Pedestrian hit at mid-block,"Crossing, no Traffic Control","Ability Impaired, Alcohol",,,,Yes,,Yes,,,,,,,,,,,111,Rockcliffe-Smythe,111,Rockcliffe-Smythe (111),D12,622803.324322654,4837602.47087923
4275,80165283,4002360451,6/24/2014 4:00:00 AM,2024,BEECROFT RD,PARK HOME AVE,,Minor Arterial,North York,43.767054,-79.415736,Non Intersection,No Control,Rain,"Dark, artificial",Wet,Non-Fatal Injury,Pedestrian Collisions,Driver,20 to 24,None,,South,"Automobile, Station Wagon",Going Ahead,Failed to Yield Right of Way,Normal,,,,,,,Yes,,Yes,,,,,,,Yes,,,,38,Lansing-Westgate,38,Lansing-Westgate (38),D32,627513.864662763,4847219.23826808
4276,80165284,4002360451,6/24/2014 4:00:00 AM,2024,BEECROFT RD,PARK HOME AVE,,Minor Arterial,North York,43.767054,-79.415736,Non Intersection,No Control,Rain,"Dark, artificial",Wet,Non-Fatal Injury,Pedestrian Collisions,Pedestrian,65 to 69,Major,,Unknown,,,,,Pedestrian hit a PXO/ped. Mid-block signal,"Crossing, Pedestrian Crossover",Normal,,,,Yes,,Yes,,,,,,,Yes,,,,38,Lansing-Westgate,38,Lansing-Westgate (38),D32,627513.864662763,4847219.23826808
4277,80630470,4002396674,6/29/2014 4:00:00 AM,2125,HOLLYWOOD AVE,WILLOWDALE AVE,,Minor Arterial,North York,43.767928,-79.401332,At Intersection,No Control,Clear,"Dusk, artificial",Dry,Non-Fatal Injury,Pedestrian Collisions,Driver,60 to 64,None,,North,"Automobile, Station Wagon",Turning Left,Driving Properly,Normal,,,,,,,Yes,,Yes,,,,,,,,,,,152,East Willowdale,51,Willowdale East (51),D32,628671.346980238,4847338.59043926
4278,80630471,4002396674,6/29/2014 4:00:00 AM,2125,HOLLYWOOD AVE,WILLOWDALE AVE,,Minor Arterial,North York,43.767928,-79.401332,At Intersection,No Control,Clear,"Dusk, artificial",Dry,Non-Fatal Injury,Pedestrian Collisions,Other,unknown,None,,,,,,,,,,,,,Yes,,Yes,,,,,,,,,,,152,East Willowdale,51,Willowdale East (51),D32,628671.346980238,4847338.59043926
4279,80630472,4002396674,6/29/2014 4:00:00 AM,2125,HOLLYWOOD AVE,WILLOWDALE AVE,,Minor Arterial,North York,43.767928,-79.401332,At Intersection,No Control,Clear,"Dusk, artificial",Dry,Non-Fatal Injury,Pedestrian Collisions,Pedestrian,50 to 54,Major,,North,,,,,Vehicle turns left while ped crosses with ROW at inter.,"Crossing, no Traffic Control",Normal,,,,Yes,,Yes,,,,,,,,,,,152,East Willowdale,51,Willowdale East (51),D32,628671.346980238,4847338.59043926
4280,80630473,4002396674,6/29/2014 4:00:00 AM,2125,HOLLYWOOD AVE,WILLOWDALE AVE,,Minor Arterial,North York,43.767928,-79.401332,At Intersection,No Control,Clear,"Dusk, artificial",Dry,Non-Fatal Injury,Pedestrian Collisions,Pedestrian,25 to 29,Major,,North,,,,,Vehicle turns left while ped crosses without ROW at inter.,"Crossing, no Traffic Control",Normal,,,,Yes,,Yes,,,,,,,,,,,152,East Willowdale,51,Willowdale East (51),D32,628671.346980238,4847338.59043926
4281,80166680,4002453551,7/8/2014 4:00:00 AM,725,WARDEN AVE N,LAWRENCE AVE E,,Major Arterial,Scarborough,43.74536,-79.294727,Intersection Related,Traffic Signal,Clear,Daylight,Dry,Non-Fatal Injury,Pedestrian Collisions,Driver,70 to 74,None,,North,"Automobile, Station Wagon",Going Ahead,Driving Properly,Normal,,,,,,,Yes,,Yes,,,,,,,,,,,119,Wexford/Maryvale,119,Wexford/Maryvale (119),D41,637303.31870835,4845003.24814355
4282,80166681,4002453551,7/8/2014 4:00:00 AM,725,WARDEN AVE N,LAWRENCE AVE E,,Major Arterial,Scarborough,43.74536,-79.294727,Intersection Related,Traffic Signal,Clear,Daylight,Dry,Non-Fatal Injury,Pedestrian Collisions,Pedestrian,60 to 64,Major,,East,,,,,Vehicle is going straight thru inter.while ped cross without ROW,Crossing without right of way,Inattentive,,,,Yes,,Yes,,,,,,,,,,,119,Wexford/Maryvale,119,Wexford/Maryvale (119),D41,637303.31870835,4845003.24814355
4283,8000022,142471584,7/10/2014 4:00:00 AM,1909,BLOOR ST W,DUNDAS ST W,,Minor Arterial,Toronto and East York,43.656863,-79.452602,,No Control,Clear,Daylight,Dry,Fatal,Pedestrian Collisions,Driver,50 to 54,None,,North,"Automobile, Station Wagon",Reversing,Other,Normal,,,,,,,Yes,,Yes,,,,,,,,,,,88,High Park North,88,High Park North (88),D11,624775.033762608,4834924.87200847
4284,80000032,142471584,7/10/2014 4:00:00 AM,1909,BLOOR ST W,DUNDAS ST W,,Minor Arterial,Toronto and East York,43.656863,-79.452602,,No Control,Clear,Daylight,Dry,Fatal,Pedestrian Collisions,Pedestrian,65 to 69,Fatal,13,East,,,,,Vehicle is reversing and hits pedestrian,Other,Unknown,,,,Yes,,Yes,,,,,,,,,,,88,High Park North,88,High Park North (88),D11,624775.033762608,4834924.87200847
4285,80630884,4002482864,7/12/2014 4:00:00 AM,1409,WARDEN AVE,TOWER DR,,Major Arterial,Scarborough,43.754336,-79.298351,At Intersection,Traffic Signal,Clear,Daylight,Dry,Non-Fatal Injury,Pedestrian Collisions,Driver,50 to 54,None,,North,"Automobile, Station Wagon",Going Ahead,Disobeyed Traffic Control,Inattentive,,,,,,,Yes,,Yes,,,,,,,Yes,Yes,,,119,Wexford/Maryvale,119,Wexford/Maryvale (119),D41,636991.041927493,4845994.16817502
4286,80630885,4002482864,7/12/2014 4:00:00 AM,1409,WARDEN AVE,TOWER DR,,Major Arterial,Scarborough,43.754336,-79.298351,At Intersection,Traffic Signal,Clear,Daylight,Dry,Non-Fatal Injury,Pedestrian Collisions,Pedestrian,25 to 29,Major,,Unknown,,,,,Vehicle is going straight thru inter.while ped cross with ROW,Crossing with right of way,Normal,,,,Yes,,Yes,,,,,,,Yes,Yes,,,119,Wexford/Maryvale,119,Wexford/Maryvale (119),D41,636991.041927493,4845994.16817502
4287,8000023,142510103,7/16/2014 4:00:00 AM,1615,MCRAE DR,MILLWOOD RD,,Collector,North York,43.704775,-79.368121,At Intersection,Traffic Signal,Clear,Daylight,Dry,Fatal,Pedestrian Collisions,Driver,50 to 54,None,,South,Passenger Van,Turning Right,Failed to Yield Right of Way,Had Been Drinking,,,,,,,Yes,,Yes,,,,,,,Yes,,,,56,Leaside-Bennington,56,Leaside-Bennington (56),D53,631482.561138885,4840376.66421419
4288,80000033,142510103,7/16/2014 4:00:00 AM,1615,MCRAE DR,MILLWOOD RD,,Collector,North York,43.704775,-79.368121,At Intersection,Traffic Signal,Clear,Daylight,Dry,Fatal,Pedestrian Collisions,Pedestrian,5 to 9,Fatal,14,West,,,,,Vehicle turns right while ped crosses with ROW at inter.,Crossing with right of way,Normal,,,,Yes,,Yes,,,,,,,Yes,,,,56,Leaside-Bennington,56,Leaside-Bennington (56),D53,631482.561138885,4840376.66421419
4289,80168508,4002555153,7/23/2014 4:00:00 AM,1135,50 CUMBERLAND ST,,,Collector,Toronto and East York,43.670752,-79.388912,Non Intersection,No Control,Clear,Daylight,Dry,Non-Fatal Injury,Pedestrian Collisions,Driver,35 to 39,None,,East,"Automobile, Station Wagon",Reversing,Other,Normal,,,,,,,Yes,,Yes,,,,,,,,,,,95,Annex,95,Annex (95),D53,629880.798306493,4836565.17680238
4290,80168509,4002555153,7/23/2014 4:00:00 AM,1135,50 CUMBERLAND ST,,,Collector,Toronto and East York,43.670752,-79.388912,Non Intersection,No Control,Clear,Daylight,Dry,Non-Fatal Injury,Pedestrian Collisions,Pedestrian,70 to 74,Major,,South,,,,,Vehicle is reversing and hits pedestrian,Other,Unknown,,,,Yes,,Yes,,,,,,,,,,,95,Annex,95,Annex (95),D53,629880.798306493,4836565.17680238
4291,8000219,142586405,7/28/2014 4:00:00 AM,553,HUMBERLINE DR,FINCH AVE W,,Major Arterial,Etobicoke York,43.73503,-79.617862,At Intersection,Traffic Signal,Rain,"Dawn, artificial",Wet,Fatal,Pedestrian Collisions,Driver,60 to 64,None,,South,Intercity Bus,Turning Left,Driving Properly,Normal,,,,,,,Yes,,,,,Yes,,,,,,,,1,West Humber-Clairville,1,West Humber-Clairville (1),D23,611304.425863062,4843371.12879711
4292,80000035,142586405,7/28/2014 4:00:00 AM,553,HUMBERLINE DR,FINCH AVE W,,Major Arterial,Etobicoke York,43.73503,-79.617862,At Intersection,Traffic Signal,Rain,"Dawn, artificial",Wet,Fatal,Pedestrian Collisions,Pedestrian,30 to 34,Fatal,16,North,,,,,Pedestrian involved in a collision with transit vehicle anywhere along roadway,Crossing without right of way,Unknown,,,,Yes,,,,,Yes,,,,,,,,1,West Humber-Clairville,1,West Humber-Clairville (1),D23,611304.425863062,4843371.12879711
4293,80168997,4002589073,7/28/2014 4:00:00 AM,1501,BATHURST ST,SOUTHBOURNE AVE,,Major Arterial,North York,43.738406,-79.434238,Non Intersection,No Control,Clear,Daylight,Dry,Non-Fatal Injury,Pedestrian Collisions,Pedestrian,60 to 64,Major,,West,"Automobile, Station Wagon",,,,Vehicle is going straight thru inter.while ped cross without ROW,Crossing without right of way,Normal,,,,Yes,,Yes,,,,,,,,,,,38,Lansing-Westgate,38,Lansing-Westgate (38),D32,626084.812602872,4844009.12886367
4294,80485243,4002589073,7/28/2014 4:00:00 AM,1501,BATHURST ST,SOUTHBOURNE AVE,,Major Arterial,North York,43.738406,-79.434238,Non Intersection,No Control,Clear,Daylight,Dry,Non-Fatal Injury,Pedestrian Collisions,Driver,60 to 64,None,,North,"Automobile, Station Wagon",Going Ahead,Driving Properly,Normal,,,,,,,Yes,,Yes,,,,,,,,,,,38,Lansing-Westgate,38,Lansing-Westgate (38),D32,626084.812602872,4844009.12886367
4295,80169592,4002625418,8/2/2014 4:00:00 AM,2319,SHEPPARD  AVE E,ROBERT WOODHEAD CRES,,Major Arterial,North York,43.746352,-79.482951,Non Intersection,No Control,Clear,"Dark, artificial",Dry,Non-Fatal Injury,Pedestrian Collisions,Driver,35 to 39,None,,West,"Automobile, Station Wagon",Going Ahead,Driving Properly,Normal,,,,,,,Yes,,Yes,Yes,,,,,,Yes,,,,155,Downsview,26,Downsview-Roding-CFB (26),D31,622145.948278469,4844818.66935969
4296,80169593,4002625418,8/2/2014 4:00:00 AM,2319,SHEPPARD  AVE E,ROBERT WOODHEAD CRES,,Major Arterial,North York,43.746352,-79.482951,Non Intersection,No Control,Clear,"Dark, artificial",Dry,Non-Fatal Injury,Pedestrian Collisions,Motorcycle Driver,15 to 19,Minor,,West,Motorcycle,Going Ahead,Lost control,Had Been Drinking,,,,,,,Yes,,Yes,Yes,,,,,,Yes,,,,155,Downsview,26,Downsview-Roding-CFB (26),D31,622145.948278469,4844818.66935969
4297,80169594,4002625418,8/2/2014 4:00:00 AM,2319,SHEPPARD  AVE E,ROBERT WOODHEAD CRES,,Major Arterial,North York,43.746352,-79.482951,Non Intersection,No Control,Clear,"Dark, artificial",Dry,Non-Fatal Injury,Pedestrian Collisions,Pedestrian,15 to 19,Major,,North,,,,,Pedestrian hit at mid-block,"Crossing, no Traffic Control",Had Been Drinking,,,,Yes,,Yes,Yes,,,,,,Yes,,,,155,Downsview,26,Downsview-Roding-CFB (26),D31,622145.948278469,4844818.66935969
4298,80169857,4002642659,8/5/2014 4:00:00 AM,1932,SEWELLS RD,BRENYON WAY,,Minor Arterial,Scarborough,43.80778,-79.215602,Intersection Related,Traffic Signal,Clear,Daylight,Dry,Non-Fatal Injury,Pedestrian Collisions,Driver,35 to 39,None,,North,Passenger Van,Turning Left,Failed to Yield Right of Way,Normal,,,,,,,Yes,,Yes,,,,,Yes,,Yes,,,,146,Malvern East,132,Malvern (132),D42,643524.871335613,4852070.17051791
4299,80169858,4002642659,8/5/2014 4:00:00 AM,1932,SEWELLS RD,BRENYON WAY,,Minor Arterial,Scarborough,43.80778,-79.215602,Intersection Related,Traffic Signal,Clear,Daylight,Dry,Non-Fatal Injury,Pedestrian Collisions,Passenger,10 to 14,None,,,,,,,,,,,,,Yes,,Yes,,,,,Yes,,Yes,,,,146,Malvern East,132,Malvern (132),D42,643524.871335613,4852070.17051791
4300,80169859,4002642659,8/5/2014 4:00:00 AM,1932,SEWELLS RD,BRENYON WAY,,Minor Arterial,Scarborough,43.80778,-79.215602,Intersection Related,Traffic Signal,Clear,Daylight,Dry,Non-Fatal Injury,Pedestrian Collisions,Pedestrian,25 to 29,Major,,South,,,,,Vehicle turns left while ped crosses with ROW at inter.,Crossing with right of way,Unknown,,,,Yes,,Yes,,,,,Yes,,Yes,,,,146,Malvern East,132,Malvern (132),D42,643524.871335613,4852070.17051791
4301,8000100,142655086,8/7/2014 4:00:00 AM,1618,5800 YONGE ST,,,Major Arterial,North York,43.784381,-79.416683,At Intersection,Traffic Signal,Clear,Daylight,Dry,Fatal,Pedestrian Collisions,Driver,25 to 29,Minor,,South,"Automobile, Station Wagon",Going Ahead,Disobeyed Traffic Control,Normal,,,,,,,Yes,,Yes,,,,,Yes,,Yes,Yes,,,50,Newtonbrook East,50,Newtonbrook East (50),D32,627400.840909906,4849142.20859482
4302,8000101,142655086,8/7/2014 4:00:00 AM,1618,5800 YONGE ST,,,Major Arterial,North York,43.784381,-79.416683,At Intersection,Traffic Signal,Clear,Daylight,Dry,Fatal,Pedestrian Collisions,Passenger,20 to 24,Major,,,,,,,,,,,,,Yes,,Yes,,,,,Yes,,Yes,Yes,,,50,Newtonbrook East,50,Newtonbrook East (50),D32,627400.840909906,4849142.20859482
4303,8000102,142655086,8/7/2014 4:00:00 AM,1618,5800 YONGE ST,,,Major Arterial,North York,43.784381,-79.416683,At Intersection,Traffic Signal,Clear,Daylight,Dry,Fatal,Pedestrian Collisions,Driver,20 to 24,None,,North,"Automobile, Station Wagon",Turning Left,Driving Properly,Normal,,,,,,,Yes,,Yes,,,,,Yes,,Yes,Yes,,,50,Newtonbrook East,50,Newtonbrook East (50),D32,627400.840909906,4849142.20859482
4304,8000103,142655086,8/7/2014 4:00:00 AM,1618,5800 YONGE ST,,,Major Arterial,North York,43.784381,-79.416683,At Intersection,Traffic Signal,Clear,Daylight,Dry,Fatal,Pedestrian Collisions,Passenger,20 to 24,None,,,,,,,,,,,,,Yes,,Yes,,,,,Yes,,Yes,Yes,,,50,Newtonbrook East,50,Newtonbrook East (50),D32,627400.840909906,4849142.20859482
4305,80000038,142655086,8/7/2014 4:00:00 AM,1618,5800 YONGE ST,,,Major Arterial,North York,43.784381,-79.416683,At Intersection,Traffic Signal,Clear,Daylight,Dry,Fatal,Pedestrian Collisions,Pedestrian,40 to 44,Fatal,19,South,,,,,Pedestrian hit on sidewalk or shoulder,On Sidewalk or Shoulder,Unknown,,,,Yes,,Yes,,,,,Yes,,Yes,Yes,,,50,Newtonbrook East,50,Newtonbrook East (50),D32,627400.840909906,4849142.20859482
4306,8000104,142657110,8/7/2014 4:00:00 AM,2214,ST CLAIR AVE W,LANSDOWNE AVE,,Major Arterial,Toronto and East York,43.675994,-79.45193,,No Control,Clear,"Dark, artificial",Dry,Fatal,Pedestrian Collisions,Driver,50 to 54,None,,West,Street Car,Going Ahead,Driving Properly,Unknown,,,,,,,Yes,,,,,Yes,,,,,,,,92,Corso Italia-Davenport,92,Corso Italia-Davenport (92),D13,624789.573430901,4837050.63326938
4307,8000105,142657110,8/7/2014 4:00:00 AM,2214,ST CLAIR AVE W,LANSDOWNE AVE,,Major Arterial,Toronto and East York,43.675994,-79.45193,,No Control,Clear,"Dark, artificial",Dry,Fatal,Pedestrian Collisions,Pedestrian,65 to 69,Minor,,Unknown,,,,,Pedestrian involved in a collision with transit vehicle anywhere along roadway,Coming From Behind Parked Vehicle,Unknown,,,,Yes,,,,,Yes,,,,,,,,92,Corso Italia-Davenport,92,Corso Italia-Davenport (92),D13,624789.573430901,4837050.63326938
4308,80000039,142657110,8/7/2014 4:00:00 AM,2214,ST CLAIR AVE W,LANSDOWNE AVE,,Major Arterial,Toronto and East York,43.675994,-79.45193,,No Control,Clear,"Dark, artificial",Dry,Fatal,Pedestrian Collisions,Pedestrian,65 to 69,Fatal,20,Unknown,,,,,Pedestrian involved in a collision with transit vehicle anywhere along roadway,Coming From Behind Parked Vehicle,Unknown,,,,Yes,,,,,Yes,,,,,,,,92,Corso Italia-Davenport,92,Corso Italia-Davenport (92),D13,624789.573430901,4837050.63326938
4309,80170331,4002664969,8/9/2014 4:00:00 AM,214,LAWRENCE AVE E,GREENBRAE CRCT,,Major Arterial,Scarborough,43.758174,-79.233073,Non Intersection,No Control,Clear,"Dark, artificial",Dry,Non-Fatal Injury,Pedestrian Collisions,Driver,65 to 69,None,,West,"Automobile, Station Wagon",Going Ahead,Driving Properly,Normal,,,,,,,Yes,,Yes,,,,,,,,,,,141,Golfdale-Cedarbrae-Woburn,137,Woburn (137),D43,642237.206994966,4846530.47964991
4310,80170332,4002664969,8/9/2014 4:00:00 AM,214,LAWRENCE AVE E,GREENBRAE CRCT,,Major Arterial,Scarborough,43.758174,-79.233073,Non Intersection,No Control,Clear,"Dark, artificial",Dry,Non-Fatal Injury,Pedestrian Collisions,Pedestrian,15 to 19,Major,,North,,,,,Pedestrian hit at mid-block,"Crossing, no Traffic Control",Had Been Drinking,,,,Yes,,Yes,,,,,,,,,,,141,Golfdale-Cedarbrae-Woburn,137,Woburn (137),D43,642237.206994966,4846530.47964991
4311,80485508,4002712534,8/16/2014 4:00:00 AM,515,KENNEDY RD,BONIS AVE,4 m North of,Major Arterial,Scarborough,43.78575,-79.289455,Intersection Related,Traffic Signal,Clear,"Dark, artificial",Dry,Fatal,Pedestrian Collisions,Driver,45 to 49,None,,East,"Automobile, Station Wagon",Turning Left,Failed to Yield Right of Way,Unknown,,,,,,,Yes,,Yes,,,,,,,Yes,,,,128,Agincourt South-Malvern West,128,Agincourt South-Malvern West (128),D42,637635.143318083,4849497.93213995
4312,80485509,4002712534,8/16/2014 4:00:00 AM,515,KENNEDY RD,BONIS AVE,4 m North of,Major Arterial,Scarborough,43.78575,-79.289455,Intersection Related,Traffic Signal,Clear,"Dark, artificial",Dry,Fatal,Pedestrian Collisions,Pedestrian,85 to 89,Fatal,24,West,,,,,Vehicle turns left while ped crosses with ROW at inter.,Crossing with right of way,Normal,,,,Yes,,Yes,,,,,,,Yes,,,,128,Agincourt South-Malvern West,128,Agincourt South-Malvern West (128),D42,637635.143318083,4849497.93213995
4313,8000151,142723300,8/17/2014 4:00:00 AM,2306,DAWES RD,GOWER ST,,Minor Arterial,Toronto and East York,43.702246,-79.296924,At Intersection,Traffic Signal,Clear,"Dark, artificial",Dry,Fatal,Pedestrian Collisions,Driver,40 to 44,None,,East,"Automobile, Station Wagon",Turning Left,Failed to Yield Right of Way,Inattentive,,,,,,,Yes,,Yes,,,,,Yes,,Yes,,,,61,Taylor-Massey,61,Taylor-Massey (61),D55,637224.828193979,4840211.1675087
4314,8000152,142723300,8/17/2014 4:00:00 AM,2306,DAWES RD,GOWER ST,,Minor Arterial,Toronto and East York,43.702246,-79.296924,At Intersection,Traffic Signal,Clear,"Dark, artificial",Dry,Fatal,Pedestrian Collisions,Passenger,10 to 14,None,,,,,,,,,,,,,Yes,,Yes,,,,,Yes,,Yes,,,,61,Taylor-Massey,61,Taylor-Massey (61),D55,637224.828193979,4840211.1675087
4315,80000041,142723300,8/17/2014 4:00:00 AM,2306,DAWES RD,GOWER ST,,Minor Arterial,Toronto and East York,43.702246,-79.296924,At Intersection,Traffic Signal,Clear,"Dark, artificial",Dry,Fatal,Pedestrian Collisions,Pedestrian,60 to 64,Fatal,22,West,,,,,Vehicle turns left while ped crosses with ROW at inter.,Crossing with right of way,Unknown,,,,Yes,,Yes,,,,,Yes,,Yes,,,,61,Taylor-Massey,61,Taylor-Massey (61),D55,637224.828193979,4840211.1675087
4316,8000125,142723818,8/18/2014 4:00:00 AM,125,QUEEN ST E,TRACY ST,,Major Arterial,Toronto and East York,43.656085,-79.362254,,No Control,Clear,"Dark, artificial",Dry,Fatal,Pedestrian Collisions,Driver,25 to 29,None,,West,Passenger Van,Going Ahead,Lost control,Inattentive,,,,,,,Yes,,Yes,,,,,,,,,,,73,Moss Park,73,Moss Park (73),D51,632062.060936941,4834978.294311
4317,8000150,142723818,8/18/2014 4:00:00 AM,125,QUEEN ST E,TRACY ST,,Major Arterial,Toronto and East York,43.656085,-79.362254,,No Control,Clear,"Dark, artificial",Dry,Fatal,Pedestrian Collisions,Pedestrian,45 to 49,Minimal,,Unknown,,,,,Pedestrian hit on sidewalk or shoulder,On Sidewalk or Shoulder,Normal,,,,Yes,,Yes,,,,,,,,,,,73,Moss Park,73,Moss Park (73),D51,632062.060936941,4834978.294311
4318,80000040,142723818,8/18/2014 4:00:00 AM,125,QUEEN ST E,TRACY ST,,Major Arterial,Toronto and East York,43.656085,-79.362254,,No Control,Clear,"Dark, artificial",Dry,Fatal,Pedestrian Collisions,Pedestrian,60 to 64,Fatal,21,Unknown,,,,,Pedestrian hit on sidewalk or shoulder,On Sidewalk or Shoulder,Unknown,,,,Yes,,Yes,,,,,,,,,,,73,Moss Park,73,Moss Park (73),D51,632062.060936941,4834978.294311
4319,80171462,4002735710,8/19/2014 4:00:00 AM,2105,MIDLAND AVE,KILCULLEN CASTLE GT,,Major Arterial,Scarborough,43.809722,-79.290012,At Intersection,No Control,Clear,"Dark, artificial",Dry,Non-Fatal Injury,Pedestrian Collisions,Driver,40 to 44,None,,North,"Automobile, Station Wagon",Turning Left,Failed to Yield Right of Way,Unknown,,,,,,,Yes,,Yes,,,,,,,Yes,,,,130,Milliken,130,Milliken (130),D42,637535.312385018,4852159.47995062
4320,80171463,4002735710,8/19/2014 4:00:00 AM,2105,MIDLAND AVE,KILCULLEN CASTLE GT,,Major Arterial,Scarborough,43.809722,-79.290012,At Intersection,No Control,Clear,"Dark, artificial",Dry,Non-Fatal Injury,Pedestrian Collisions,Pedestrian,40 to 44,Major,,South,,,,,Vehicle turns left while ped crosses with ROW at inter.,Crossing with right of way,Unknown,,,,Yes,,Yes,,,,,,,Yes,,,,130,Milliken,130,Milliken (130),D42,637535.312385018,4852159.47995062
4321,8000153,142740894,8/20/2014 4:00:00 AM,1639,VICTORIA PARK AVE,O CONNOR DR,,Major Arterial,North York,43.723372,-79.302089,At Intersection,Traffic Signal,Clear,Daylight,Dry,Fatal,Pedestrian Collisions,Pedestrian,75 to 79,Major,,East,,,,,Vehicle turns left while ped crosses with ROW at inter.,Crossing with right of way,Unknown,,,,Yes,,Yes,,,,,,,Yes,,,,120,Clairlea-Birchmount,120,Clairlea-Birchmount (120),D41,636760.591348898,4842548.97851575
4322,8000154,142740894,8/20/2014 4:00:00 AM,1639,VICTORIA PARK AVE,O CONNOR DR,,Major Arterial,North York,43.723372,-79.302089,At Intersection,Traffic Signal,Clear,Daylight,Dry,Fatal,Pedestrian Collisions,Driver,55 to 59,None,,West,Delivery Van,Turning Left,Failed to Yield Right of Way,Inattentive,,,,,,,Yes,,Yes,,,,,,,Yes,,,,120,Clairlea-Birchmount,120,Clairlea-Birchmount (120),D41,636760.591348898,4842548.97851575
4323,80000042,142740894,8/20/2014 4:00:00 AM,1639,VICTORIA PARK AVE,O CONNOR DR,,Major Arterial,North York,43.723372,-79.302089,At Intersection,Traffic Signal,Clear,Daylight,Dry,Fatal,Pedestrian Collisions,Pedestrian,75 to 79,Fatal,23,East,,,,,Vehicle turns left while ped crosses with ROW at inter.,Crossing with right of way,Normal,,,,Yes,,Yes,,,,,,,Yes,,,,120,Clairlea-Birchmount,120,Clairlea-Birchmount (120),D41,636760.591348898,4842548.97851575
4324,80217285,4002803822,8/30/2014 4:00:00 AM,108,BATHURST ST,ST CLAIR AVE W,41 m South o,Major Arterial,Toronto and East York,43.682711,-79.418117,Non Intersection,No Control,Clear,"Dark, artificial",Dry,Non-Fatal Injury,Pedestrian Collisions,Driver,20 to 24,None,,South,"Automobile, Station Wagon",Going Ahead,Driving Properly,Normal,,,,,,,Yes,,Yes,,,,,Yes,,,,,,96,Casa Loma,96,Casa Loma (96),D13,627501.02971623,4837848.07304687
4325,80217286,4002803822,8/30/2014 4:00:00 AM,108,BATHURST ST,ST CLAIR AVE W,41 m South o,Major Arterial,Toronto and East York,43.682711,-79.418117,Non Intersection,No Control,Clear,"Dark, artificial",Dry,Non-Fatal Injury,Pedestrian Collisions,Passenger,60 to 64,None,,,,,,,,,,,,,Yes,,Yes,,,,,Yes,,,,,,96,Casa Loma,96,Casa Loma (96),D13,627501.02971623,4837848.07304687
4326,80217287,4002803822,8/30/2014 4:00:00 AM,108,BATHURST ST,ST CLAIR AVE W,41 m South o,Major Arterial,Toronto and East York,43.682711,-79.418117,Non Intersection,No Control,Clear,"Dark, artificial",Dry,Non-Fatal Injury,Pedestrian Collisions,Passenger,60 to 64,None,,,,,,,,,,,,,Yes,,Yes,,,,,Yes,,,,,,96,Casa Loma,96,Casa Loma (96),D13,627501.02971623,4837848.07304687