OBJECTID,INDEX,ACCNUM,DATE,TIME,STREET1,STREET2,OFFSET,ROAD_CLASS,DISTRICT,LATITUDE,LONGITUDE,ACCLOC,TRAFFCTL,VISIBILITY,LIGHT,RDSFCOND,ACCLASS,IMPACTYPE,INVTYPE,INVAGE,INJURY,FATAL_NO,INITDIR,VEHTYPE,MANOEUVER,DRIVACT,DRIVCOND,PEDTYPE,PEDACT,PEDCOND,CYCLISTYPE,CYCACT,CYCCOND,PEDESTRIAN,CYCLIST,AUTOMOBILE,MOTORCYCLE,TRUCK,TRSN_CITY_VEH,EMERG_VEH,PASSENGER,SPEEDING,AG_DRIV,REDLIGHT,ALCOHOL,DISABILITY,HOOD_158,NEIGHBOURHOOD_158,HOOD_140,NEIGHBOURHOOD_140,DIVISION,x,y
4327,80217288,4002803822,8/30/2014 4:00:00 AM,108,BATHURST ST,ST CLAIR AVE W,41 m South o,Major Arterial,Toronto and East York,43.682711,-79.418117,Non Intersection,No Control,Clear,"Dark, artificial",Dry,Non-Fatal Injury,Pedestrian Collisions,Pedestrian,15 to 19,Major,,West,,,,,Pedestrian hit at mid-block,Running onto Roadway,Unknown,,,,Yes,,Yes,,,,,Yes,,,,,,96,Casa Loma,96,Casa Loma (96),D13,627501.02971623,4837848.07304687
4328,80217303,4002804562,8/30/2014 4:00:00 AM,459,ST CLAIR AVE W,SYMES RD,39 m East of,Major Arterial,Etobicoke York,43.670558,-79.476505,Non Intersection,No Control,Clear,"Dark, artificial",Dry,Fatal,Pedestrian Collisions,Driver,unknown,None,,West,Passenger Van,Going Ahead,Other,Unknown,,,,,,,Yes,,Yes,,,,,,,,,,,90,Junction Area,90,Junction Area (90),D11,622819.65875787,4836410.21489148
4329,80485256,4002804562,8/30/2014 4:00:00 AM,459,ST CLAIR AVE W,SYMES RD,39 m East of,Major Arterial,Etobicoke York,43.670558,-79.476505,Non Intersection,No Control,Clear,"Dark, artificial",Dry,Fatal,Pedestrian Collisions,Pedestrian,30 to 34,Fatal,25,East,,,,,Pedestrian hit at mid-block,Walking on Roadway Against Traffic,Other,,,,Yes,,Yes,,,,,,,,,,,90,Junction Area,90,Junction Area (90),D11,622819.65875787,4836410.21489148
4330,80508321,4002809837,8/30/2014 4:00:00 AM,2240,741 RUNNYMEDE RD,,10 m South o,Minor Arterial,Etobicoke York,43.668566,-79.483371,Non Intersection,No Control,Clear,"Dark, artificial",Dry,Non-Fatal Injury,Pedestrian Collisions,Driver,25 to 29,None,,North,"Automobile, Station Wagon",Turning Right,Improper Turn,Had Been Drinking,,,,,,,Yes,,Yes,Yes,,,,,,,,,,90,Junction Area,90,Junction Area (90),D11,622270.181938132,4836178.83448263
4331,80508322,4002809837,8/30/2014 4:00:00 AM,2240,741 RUNNYMEDE RD,,10 m South o,Minor Arterial,Etobicoke York,43.668566,-79.483371,Non Intersection,No Control,Clear,"Dark, artificial",Dry,Non-Fatal Injury,Pedestrian Collisions,Motorcycle Driver,20 to 24,Major,,North,Motorcycle,Going Ahead,Driving Properly,Normal,,,,,,,Yes,,Yes,Yes,,,,,,,,,,90,Junction Area,90,Junction Area (90),D11,622270.181938132,4836178.83448263
4332,80508323,4002809837,8/30/2014 4:00:00 AM,2240,741 RUNNYMEDE RD,,10 m South o,Minor Arterial,Etobicoke York,43.668566,-79.483371,Non Intersection,No Control,Clear,"Dark, artificial",Dry,Non-Fatal Injury,Pedestrian Collisions,Pedestrian,25 to 29,Minimal,,Unknown,,,,,Pedestrian hit on sidewalk or shoulder,On Sidewalk or Shoulder,Normal,,,,Yes,,Yes,Yes,,,,,,,,,,90,Junction Area,90,Junction Area (90),D11,622270.181938132,4836178.83448263
4333,80508324,4002809837,8/30/2014 4:00:00 AM,2240,741 RUNNYMEDE RD,,10 m South o,Minor Arterial,Etobicoke York,43.668566,-79.483371,Non Intersection,No Control,Clear,"Dark, artificial",Dry,Non-Fatal Injury,Pedestrian Collisions,Pedestrian,25 to 29,Major,,Unknown,,,,,Pedestrian hit on sidewalk or shoulder,On Sidewalk or Shoulder,Normal,,,,Yes,,Yes,Yes,,,,,,,,,,90,Junction Area,90,Junction Area (90),D11,622270.181938132,4836178.83448263
4334,80172811,4002811941,8/31/2014 4:00:00 AM,855,BROADVIEW AVE,QUEEN ST E,,Major Arterial,Toronto and East York,43.658866,-79.349849,At Intersection,Traffic Signal,Clear,Daylight,Dry,Non-Fatal Injury,Pedestrian Collisions,Driver,55 to 59,None,,East,"Automobile, Station Wagon",Turning Left,Failed to Yield Right of Way,Inattentive,,,,,,,Yes,,Yes,,,,,,,Yes,,,,70,South Riverdale,70,South Riverdale (70),D55,633056.224753057,4835306.98005075
4335,80172812,4002811941,8/31/2014 4:00:00 AM,855,BROADVIEW AVE,QUEEN ST E,,Major Arterial,Toronto and East York,43.658866,-79.349849,At Intersection,Traffic Signal,Clear,Daylight,Dry,Non-Fatal Injury,Pedestrian Collisions,Pedestrian,65 to 69,Major,,Unknown,,,,,Vehicle turns left while ped crosses with ROW at inter.,Crossing with right of way,Normal,,,,Yes,,Yes,,,,,,,Yes,,,,70,South Riverdale,70,South Riverdale (70),D55,633056.224753057,4835306.98005075
4336,80217472,4002817424,9/1/2014 4:00:00 AM,147,EGLINTON AVE E,MARKHAM RD,76 m West of,Major Arterial,Scarborough,43.742972,-79.219852,Non Intersection,No Control,Clear,"Dark, artificial",Dry,Fatal,Pedestrian Collisions,Driver,30 to 34,None,,East,Municipal Transit Bus (TTC),Going Ahead,Driving Properly,Normal,,,,,,,Yes,,,,,Yes,,,,,,,,139,Scarborough Village,139,Scarborough Village (139),D43,643337.794980553,4844864.85664261
4337,80217473,4002817424,9/1/2014 4:00:00 AM,147,EGLINTON AVE E,MARKHAM RD,76 m West of,Major Arterial,Scarborough,43.742972,-79.219852,Non Intersection,No Control,Clear,"Dark, artificial",Dry,Fatal,Pedestrian Collisions,Pedestrian,30 to 34,Fatal,26,,,,,,,,,,,,Yes,,,,,Yes,,,,,,,,139,Scarborough Village,139,Scarborough Village (139),D43,643337.794980553,4844864.85664261
4338,80173182,4002835706,9/3/2014 4:00:00 AM,1736,JANE ST,EGLINTON AVE W,,Major Arterial,Etobicoke York,43.684466,-79.498821,Intersection Related,No Control,Clear,Daylight,Dry,Non-Fatal Injury,Pedestrian Collisions,Driver,45 to 49,None,,South,Pick Up Truck,Going Ahead,Driving Properly,Normal,,,,,,,Yes,,Yes,,,,,,,,,,,111,Rockcliffe-Smythe,111,Rockcliffe-Smythe (111),D12,620992.63769589,4837922.08562008
4339,80173183,4002835706,9/3/2014 4:00:00 AM,1736,JANE ST,EGLINTON AVE W,,Major Arterial,Etobicoke York,43.684466,-79.498821,Intersection Related,No Control,Clear,Daylight,Dry,Non-Fatal Injury,Pedestrian Collisions,Pedestrian,50 to 54,Major,,East,,,,,Pedestrian hit at mid-block,Running onto Roadway,"Ability Impaired, Drugs",,,,Yes,,Yes,,,,,,,,,,,111,Rockcliffe-Smythe,111,Rockcliffe-Smythe (111),D12,620992.63769589,4837922.08562008
4340,80173527,4002857314,9/6/2014 4:00:00 AM,1758,DANFORTH AVE,WOODINGTON AVE,,Major Arterial,Toronto and East York,43.683928,-79.320888,At Intersection,Traffic Signal,Clear,Daylight,Dry,Non-Fatal Injury,Pedestrian Collisions,Driver,35 to 39,None,,South,Delivery Van,Turning Left,Failed to Yield Right of Way,Inattentive,,,,,,,Yes,,Yes,,,,,,,Yes,,,,64,Woodbine Corridor,64,Woodbine Corridor (64),D55,635335.112970325,4838137.30908679
4341,80173528,4002857314,9/6/2014 4:00:00 AM,1758,DANFORTH AVE,WOODINGTON AVE,,Major Arterial,Toronto and East York,43.683928,-79.320888,At Intersection,Traffic Signal,Clear,Daylight,Dry,Non-Fatal Injury,Pedestrian Collisions,Pedestrian,60 to 64,Major,,North,,,,,Vehicle turns left while ped crosses with ROW at inter.,Crossing with right of way,Normal,,,,Yes,,Yes,,,,,,,Yes,,,,64,Woodbine Corridor,64,Woodbine Corridor (64),D55,635335.112970325,4838137.30908679
4342,80173620,4002864815,9/7/2014 4:00:00 AM,2130,YONGE ST,FINCH AVE W,,Major Arterial,North York,43.779761,-79.415561,At Intersection,Traffic Signal,Clear,"Dark, artificial",Dry,Non-Fatal Injury,Pedestrian Collisions,Driver,25 to 29,None,,North,"Automobile, Station Wagon",Going Ahead,Driving Properly,Normal,,,,,,,Yes,,Yes,,,,,,,,,,,151,Yonge-Doris,51,Willowdale East (51),D32,627500.94351145,4848630.81381022
4343,80173621,4002864815,9/7/2014 4:00:00 AM,2130,YONGE ST,FINCH AVE W,,Major Arterial,North York,43.779761,-79.415561,At Intersection,Traffic Signal,Clear,"Dark, artificial",Dry,Non-Fatal Injury,Pedestrian Collisions,Pedestrian,20 to 24,Major,,West,,,,,Vehicle is going straight thru inter.while ped cross without ROW,Running onto Roadway,Inattentive,,,,Yes,,Yes,,,,,,,,,,,151,Yonge-Doris,51,Willowdale East (51),D32,627500.94351145,4848630.81381022
4344,80218098,4002874669,9/9/2014 4:00:00 AM,1115,ANNETTE ST,PACIFIC AVE,,Minor Arterial,Toronto and East York,43.663241,-79.467639,At Intersection,Traffic Signal,Clear,Daylight,Dry,Non-Fatal Injury,Pedestrian Collisions,Driver,55 to 59,None,,South,Delivery Van,Turning Left,Failed to Yield Right of Way,Normal,,,,,,,Yes,,Yes,,,,,,,Yes,,,,90,Junction Area,90,Junction Area (90),D11,623549.4260494,4835610.73024999
4345,80218099,4002874669,9/9/2014 4:00:00 AM,1115,ANNETTE ST,PACIFIC AVE,,Minor Arterial,Toronto and East York,43.663241,-79.467639,At Intersection,Traffic Signal,Clear,Daylight,Dry,Non-Fatal Injury,Pedestrian Collisions,Pedestrian,80 to 84,Major,,North,,,,,Vehicle turns left while ped crosses with ROW at inter.,Crossing with right of way,Normal,,,,Yes,,Yes,,,,,,,Yes,,,,90,Junction Area,90,Junction Area (90),D11,623549.4260494,4835610.73024999
4346,8000156,142879736,9/10/2014 4:00:00 AM,620,OKEEFE LANE,DUNDAS SQ,,Laneway,Toronto and East York,43.655387,-79.379863,,No Control,Clear,"Dark, artificial",Dry,Fatal,Pedestrian Collisions,Truck Driver,30 to 34,None,,South,Truck - Dump,Reversing,Other,Inattentive,,,,,,,Yes,,,,Yes,,,,,,,,,168,Downtown Yonge East,75,Church-Yonge Corridor (75),D51,630643.631723781,4834872.89644718
4347,80000046,142879736,9/10/2014 4:00:00 AM,620,OKEEFE LANE,DUNDAS SQ,,Laneway,Toronto and East York,43.655387,-79.379863,,No Control,Clear,"Dark, artificial",Dry,Fatal,Pedestrian Collisions,Pedestrian,25 to 29,Fatal,27,Unknown,,,,,Vehicle is reversing and hits pedestrian,Other,Had Been Drinking,,,,Yes,,,,Yes,,,,,,,,,168,Downtown Yonge East,75,Church-Yonge Corridor (75),D51,630643.631723781,4834872.89644718
4348,80173915,4002884654,9/10/2014 4:00:00 AM,2012,LAWRENCE AVE E,WARDEN AVE,,Major Arterial,Scarborough,43.74536,-79.294727,At Intersection,Traffic Signal,Rain,"Dark, artificial",Wet,Non-Fatal Injury,Pedestrian Collisions,Driver,55 to 59,None,,West,"Automobile, Station Wagon",Turning Left,Failed to Yield Right of Way,Inattentive,,,,,,,Yes,,Yes,,,,,,,Yes,,,,119,Wexford/Maryvale,119,Wexford/Maryvale (119),D41,637303.31870835,4845003.24814355
4349,80173916,4002884654,9/10/2014 4:00:00 AM,2012,LAWRENCE AVE E,WARDEN AVE,,Major Arterial,Scarborough,43.74536,-79.294727,At Intersection,Traffic Signal,Rain,"Dark, artificial",Wet,Non-Fatal Injury,Pedestrian Collisions,Pedestrian,45 to 49,Major,,West,,,,,Vehicle turns left while ped crosses with ROW at inter.,Crossing with right of way,Normal,,,,Yes,,Yes,,,,,,,Yes,,,,119,Wexford/Maryvale,119,Wexford/Maryvale (119),D41,637303.31870835,4845003.24814355
4350,80174497,4002929082,9/17/2014 4:00:00 AM,1620,FINCH AVE E,LINUS RD,,Major Arterial,North York,43.791945,-79.358073,Intersection Related,Traffic Signal,Clear,Daylight,Dry,Non-Fatal Injury,Pedestrian Collisions,Driver,50 to 54,None,,East,Pick Up Truck,Going Ahead,Driving Properly,Normal,,,,,,,Yes,,Yes,,,,,,,,,,,47,Don Valley Village,47,Don Valley Village (47),D33,632100.246804264,4850074.1799358
4351,80174498,4002929082,9/17/2014 4:00:00 AM,1620,FINCH AVE E,LINUS RD,,Major Arterial,North York,43.791945,-79.358073,Intersection Related,Traffic Signal,Clear,Daylight,Dry,Non-Fatal Injury,Pedestrian Collisions,Pedestrian,45 to 49,Major,,West,,,,,Vehicle is going straight thru inter.while ped cross without ROW,Running onto Roadway,Medical or Physical Disability,,,,Yes,,Yes,,,,,,,,,,,47,Don Valley Village,47,Don Valley Village (47),D33,632100.246804264,4850074.1799358
4352,8000157,142937129,9/18/2014 4:00:00 AM,2001,ST CLAIR AVE W,DEER PARK CRES,,Major Arterial,Toronto and East York,43.687525,-79.396793,,No Control,Clear,"Dark, artificial",Dry,Fatal,Pedestrian Collisions,Driver,60 to 64,None,,East,Street Car,Going Ahead,Driving Properly,Normal,,,,,,,Yes,,,,,Yes,,,,,,,,97,Yonge-St.Clair,97,Yonge-St.Clair (97),D53,629209.442411205,4838415.73722178
4353,80000047,142937129,9/18/2014 4:00:00 AM,2001,ST CLAIR AVE W,DEER PARK CRES,,Major Arterial,Toronto and East York,43.687525,-79.396793,,No Control,Clear,"Dark, artificial",Dry,Fatal,Pedestrian Collisions,Pedestrian,75 to 79,Fatal,28,South,,,,,Pedestrian involved in a collision with transit vehicle anywhere along roadway,"Crossing, no Traffic Control",Unknown,,,,Yes,,,,,Yes,,,,,,,,97,Yonge-St.Clair,97,Yonge-St.Clair (97),D53,629209.442411205,4838415.73722178
4354,80174909,4002952213,9/21/2014 4:00:00 AM,700,STEELES AVE W,BATHURST ST,,Major Arterial,North York,43.792399,-79.445743,At Intersection,Traffic Signal,Rain,Daylight,Wet,Non-Fatal Injury,Pedestrian Collisions,Pedestrian,40 to 44,Major,,East,,,,,Vehicle is going straight thru inter.while ped cross with ROW,Crossing with right of way,Normal,,,,Yes,,Yes,,,,,,,Yes,Yes,,,36,Newtonbrook West,36,Newtonbrook West (36),D32,625045.8012949,4849988.41883571
4355,80174910,4002952213,9/21/2014 4:00:00 AM,700,STEELES AVE W,BATHURST ST,,Major Arterial,North York,43.792399,-79.445743,At Intersection,Traffic Signal,Rain,Daylight,Wet,Non-Fatal Injury,Pedestrian Collisions,Driver,unknown,None,,South,"Automobile, Station Wagon",Going Ahead,Disobeyed Traffic Control,Unknown,,,,,,,Yes,,Yes,,,,,,,Yes,Yes,,,36,Newtonbrook West,36,Newtonbrook West (36),D32,625045.8012949,4849988.41883571
4356,8000158,142962876,9/22/2014 4:00:00 AM,2059,KING ST W,CLOSE AVE,,Major Arterial,Toronto and East York,43.63745,-79.434711,,Pedestrian Crossover,Clear,"Dark, artificial",Dry,Fatal,Pedestrian Collisions,Driver,25 to 29,None,,East,"Automobile, Station Wagon",Going Ahead,Failed to Yield Right of Way,Inattentive,,,,,,,Yes,,Yes,,,,,,,Yes,,,,85,South Parkdale,85,South Parkdale (85),D14,626258.360768501,4832795.86682442
4357,80000048,142962876,9/22/2014 4:00:00 AM,2059,KING ST W,CLOSE AVE,,Major Arterial,Toronto and East York,43.63745,-79.434711,,Pedestrian Crossover,Clear,"Dark, artificial",Dry,Fatal,Pedestrian Collisions,Pedestrian,35 to 39,Fatal,29,Unknown,,,,,Pedestrian hit a PXO/ped. Mid-block signal,"Crossing, Pedestrian Crossover",Unknown,,,,Yes,,Yes,,,,,,,Yes,,,,85,South Parkdale,85,South Parkdale (85),D14,626258.360768501,4832795.86682442
4358,80175296,4002979452,9/25/2014 4:00:00 AM,940,LOWER JARVIS ST,THE ESPLANADE,,Major Arterial,Toronto and East York,43.648215,-79.370921,At Intersection,Traffic Signal,Clear,Daylight,Dry,Non-Fatal Injury,Pedestrian Collisions,Driver,15 to 19,None,,South,"Automobile, Station Wagon",Turning Left,Failed to Yield Right of Way,Unknown,,,,,,,Yes,,Yes,,,,,,,Yes,,,,166,St Lawrence-East Bayfront-The Islands,77,Waterfront Communities-The Island (77),D51,631380.336612078,4834090.46923496
4359,80175297,4002979452,9/25/2014 4:00:00 AM,940,LOWER JARVIS ST,THE ESPLANADE,,Major Arterial,Toronto and East York,43.648215,-79.370921,At Intersection,Traffic Signal,Clear,Daylight,Dry,Non-Fatal Injury,Pedestrian Collisions,Pedestrian,20 to 24,Major,,South,,,,,Vehicle turns left while ped crosses with ROW at inter.,Crossing with right of way,Unknown,,,,Yes,,Yes,,,,,,,Yes,,,,166,St Lawrence-East Bayfront-The Islands,77,Waterfront Communities-The Island (77),D51,631380.336612078,4834090.46923496
4360,80175408,4002986275,9/26/2014 4:00:00 AM,918,REDPATH AVE,BROADWAY AVE,,Collector,North York,43.710574,-79.393894,At Intersection,Stop Sign,Clear,Daylight,Dry,Non-Fatal Injury,Pedestrian Collisions,Driver,55 to 59,None,,South,Police Vehicle,Turning Left,Failed to Yield Right of Way,Normal,,,,,,,Yes,,,,,,Yes,,,Yes,,,,173,North Toronto,104,Mount Pleasant West (104),D53,629393.498598149,4840980.17140429
4361,80175409,4002986275,9/26/2014 4:00:00 AM,918,REDPATH AVE,BROADWAY AVE,,Collector,North York,43.710574,-79.393894,At Intersection,Stop Sign,Clear,Daylight,Dry,Non-Fatal Injury,Pedestrian Collisions,Pedestrian,25 to 29,Major,,North,,,,,Vehicle turns left while ped crosses with ROW at inter.,Crossing with right of way,Normal,,,,Yes,,,,,,Yes,,,Yes,,,,173,North Toronto,104,Mount Pleasant West (104),D53,629393.498598149,4840980.17140429
4362,80175762,4003015546,9/30/2014 4:00:00 AM,1538,DUNDAS ST E,MUTUAL ST,,Major Arterial,Toronto and East York,43.656806,-79.375659,At Intersection,No Control,Clear,Daylight,Dry,Non-Fatal Injury,Pedestrian Collisions,Motorcycle Driver,35 to 39,Minor,,West,Motorcycle,Going Ahead,Driving Properly,Fatigue,,,,,,,Yes,,,Yes,,,,,,,,,,168,Downtown Yonge East,75,Church-Yonge Corridor (75),D51,630979.549789382,4835037.12286651
4363,80175763,4003015546,9/30/2014 4:00:00 AM,1538,DUNDAS ST E,MUTUAL ST,,Major Arterial,Toronto and East York,43.656806,-79.375659,At Intersection,No Control,Clear,Daylight,Dry,Non-Fatal Injury,Pedestrian Collisions,Pedestrian,45 to 49,Major,,South,,,,,Vehicle is going straight thru inter.while ped cross without ROW,Crossing without right of way,Medical or Physical Disability,,,,Yes,,,Yes,,,,,,,,,,168,Downtown Yonge East,75,Church-Yonge Corridor (75),D51,630979.549789382,4835037.12286651
4364,8000159,143015764,9/30/2014 4:00:00 AM,1608,ST CLAIR AVE W,KEELE ST,,Major Arterial,Etobicoke York,43.672331,-79.468509,,No Control,Clear,Daylight,Dry,Fatal,Pedestrian Collisions,Driver,45 to 49,None,,East,Street Car,Slowing or Stopping,Driving Properly,Normal,,,,,,,Yes,,,,,Yes,,,,,,,,90,Junction Area,90,Junction Area (90),D11,623460.642985562,4836618.99960263
4365,80000049,143015764,9/30/2014 4:00:00 AM,1608,ST CLAIR AVE W,KEELE ST,,Major Arterial,Etobicoke York,43.672331,-79.468509,,No Control,Clear,Daylight,Dry,Fatal,Pedestrian Collisions,Pedestrian,70 to 74,Fatal,30,North,,,,,Pedestrian involved in a collision with transit vehicle anywhere along roadway,"Crossing, no Traffic Control",Unknown,,,,Yes,,,,,Yes,,,,,,,,90,Junction Area,90,Junction Area (90),D11,623460.642985562,4836618.99960263
4366,80631891,4003056806,10/7/2014 4:00:00 AM,9,UNIVERSITY AVE,QUEEN ST W,,Major Arterial,Toronto and East York,43.650778,-79.386592,At Intersection,Traffic Signal,Rain,"Dark, artificial",Wet,Non-Fatal Injury,Pedestrian Collisions,Driver,45 to 49,None,,South,"Automobile, Station Wagon",Going Ahead,Driving Properly,Normal,,,,,,,Yes,,Yes,,,,,,,,,,,170,Yonge-Bay Corridor,76,Bay Street Corridor (76),D52,630110.969745025,4834350.43374898
4367,80631892,4003056806,10/7/2014 4:00:00 AM,9,UNIVERSITY AVE,QUEEN ST W,,Major Arterial,Toronto and East York,43.650778,-79.386592,At Intersection,Traffic Signal,Rain,"Dark, artificial",Wet,Non-Fatal Injury,Pedestrian Collisions,Pedestrian,25 to 29,Major,,West,,,,,Vehicle is going straight thru inter.while ped cross without ROW,Running onto Roadway,Other,,,,Yes,,Yes,,,,,,,,,,,170,Yonge-Bay Corridor,76,Bay Street Corridor (76),D52,630110.969745025,4834350.43374898
4368,80176725,4003072697,10/9/2014 4:00:00 AM,1240,DON MILLS RD,DUNCAN MILL RD,,Major Arterial,North York,43.761679,-79.347186,At Intersection,Traffic Signal,Clear,Daylight,Dry,Non-Fatal Injury,Pedestrian Collisions,Truck Driver,30 to 34,None,,West,Truck - Open,Turning Left,Failed to Yield Right of Way,Inattentive,,,,,,,Yes,,,,Yes,,,,,Yes,,,,149,Parkwoods-O'Connor Hills,45,Parkwoods-Donalda (45),D33,633043.269532426,4846730.10585294
4369,80176726,4003072697,10/9/2014 4:00:00 AM,1240,DON MILLS RD,DUNCAN MILL RD,,Major Arterial,North York,43.761679,-79.347186,At Intersection,Traffic Signal,Clear,Daylight,Dry,Non-Fatal Injury,Pedestrian Collisions,Pedestrian,50 to 54,Major,,East,,,,,Vehicle turns left while ped crosses with ROW at inter.,Crossing with right of way,Normal,,,,Yes,,,,Yes,,,,,Yes,,,,149,Parkwoods-O'Connor Hills,45,Parkwoods-Donalda (45),D33,633043.269532426,4846730.10585294
4370,80485687,4003074555,10/9/2014 4:00:00 AM,1745,KING ST W,JAMESON AVE,14 m West of,Major Arterial,Toronto and East York,43.637053,-79.436572,Intersection Related,No Control,Clear,Dusk,Dry,Fatal,Pedestrian Collisions,Truck Driver,40 to 44,None,,East,Truck - Dump,Going Ahead,Driving Properly,Normal,,,,,,,Yes,,,,Yes,,,,,,,,,85,South Parkdale,85,South Parkdale (85),D14,626109.078955989,4832748.94583811
4371,80485688,4003074555,10/9/2014 4:00:00 AM,1745,KING ST W,JAMESON AVE,14 m West of,Major Arterial,Toronto and East York,43.637053,-79.436572,Intersection Related,No Control,Clear,Dusk,Dry,Fatal,Pedestrian Collisions,Pedestrian,80 to 84,Fatal,33,North,,,,,Pedestrian hit at mid-block,"Crossing, no Traffic Control",Inattentive,,,,Yes,,,,Yes,,,,,,,,,85,South Parkdale,85,South Parkdale (85),D14,626109.078955989,4832748.94583811
4372,80176785,4003078638,10/10/2014 4:00:00 AM,1138,F G GARDINER XY  W,PARKSIDE DR,,,Toronto and East York,43.637911,-79.446948,Non Intersection,No Control,Clear,Daylight,Dry,Non-Fatal Injury,Pedestrian Collisions,Pedestrian,35 to 39,Major,,Unknown,,,,,Pedestrian hit at mid-block,Other,Other,,,,Yes,,Yes,,,,,,,,,,,85,South Parkdale,85,South Parkdale (85),D11,625270.340007166,4832828.52585182
4373,80176786,4003078638,10/10/2014 4:00:00 AM,1138,F G GARDINER XY  W,PARKSIDE DR,,,Toronto and East York,43.637911,-79.446948,Non Intersection,No Control,Clear,Daylight,Dry,Non-Fatal Injury,Pedestrian Collisions,Driver,35 to 39,None,,West,"Automobile, Station Wagon",Going Ahead,Driving Properly,Normal,,,,,,,Yes,,Yes,,,,,,,,,,,85,South Parkdale,85,South Parkdale (85),D11,625270.340007166,4832828.52585182
4374,8000164,143084786,10/11/2014 4:00:00 AM,1024,LAWRENCE AVE W,ALLEN X N LAWRENCE RAMP,,Major Arterial,North York,43.716307,-79.443202,At Intersection,Traffic Signal,Clear,Daylight,Dry,Fatal,Pedestrian Collisions,Driver,30 to 34,None,,North,Municipal Transit Bus (TTC),Turning Left,Improper Turn,Normal,,,,,,,Yes,,,,,Yes,,,,,,,,32,Englemount-Lawrence,32,Englemount-Lawrence (32),D13,625409.078549116,4841541.11543291
4375,80000053,143084786,10/11/2014 4:00:00 AM,1024,LAWRENCE AVE W,ALLEN X N LAWRENCE RAMP,,Major Arterial,North York,43.716307,-79.443202,At Intersection,Traffic Signal,Clear,Daylight,Dry,Fatal,Pedestrian Collisions,Pedestrian,65 to 69,Fatal,34,South,,,,,Pedestrian involved in a collision with transit vehicle anywhere along roadway,Crossing with right of way,Normal,,,,Yes,,,,,Yes,,,,,,,,32,Englemount-Lawrence,32,Englemount-Lawrence (32),D13,625409.078549116,4841541.11543291
4376,80177277,4003112757,10/16/2014 4:00:00 AM,644,BERTRAND AVE,BIRCHMOUNT RD,,Major Arterial,Scarborough,43.735224,-79.279865,At Intersection,Traffic Signal,Clear,"Dark, artificial",Dry,Non-Fatal Injury,Pedestrian Collisions,Driver,65 to 69,None,,East,"Automobile, Station Wagon",Turning Left,Failed to Yield Right of Way,Normal,,,,,,,Yes,,Yes,,,,,,,Yes,,,,119,Wexford/Maryvale,119,Wexford/Maryvale (119),D41,638523.348935943,4843902.23467663
4377,80177278,4003112757,10/16/2014 4:00:00 AM,644,BERTRAND AVE,BIRCHMOUNT RD,,Major Arterial,Scarborough,43.735224,-79.279865,At Intersection,Traffic Signal,Clear,"Dark, artificial",Dry,Non-Fatal Injury,Pedestrian Collisions,Pedestrian,55 to 59,Major,,West,,,,,Vehicle turns left while ped crosses with ROW at inter.,Crossing with right of way,Normal,,,,Yes,,Yes,,,,,,,Yes,,,,119,Wexford/Maryvale,119,Wexford/Maryvale (119),D41,638523.348935943,4843902.23467663
4378,8000165,143117140,10/16/2014 4:00:00 AM,1927,VICTORIA PARK AVE,EGLINTON AVE E,,Major Arterial,North York,43.725833,-79.303104,,No Control,Rain,"Dark, artificial",Wet,Fatal,Pedestrian Collisions,Driver,50 to 54,None,,South,"Automobile, Station Wagon",Going Ahead,Driving Properly,Normal,,,,,,,Yes,,Yes,,,,,,,,,,,119,Wexford/Maryvale,119,Wexford/Maryvale (119),D41,636673.23896164,4842820.63407874
4379,80000054,143117140,10/16/2014 4:00:00 AM,1927,VICTORIA PARK AVE,EGLINTON AVE E,,Major Arterial,North York,43.725833,-79.303104,,No Control,Rain,"Dark, artificial",Wet,Fatal,Pedestrian Collisions,Pedestrian,55 to 59,Fatal,35,West,,,,,Pedestrian hit at mid-block,"Crossing, no Traffic Control",Unknown,,,,Yes,,Yes,,,,,,,,,,,119,Wexford/Maryvale,119,Wexford/Maryvale (119),D41,636673.23896164,4842820.63407874
4380,80177889,4003148755,10/21/2014 4:00:00 AM,1909,BLOOR ST W,PACIFIC AVE,,Major Arterial,Toronto and East York,43.653887,-79.463695,At Intersection,No Control,Rain,"Dark, artificial",Wet,Non-Fatal Injury,Pedestrian Collisions,Driver,35 to 39,None,,East,"Automobile, Station Wagon",Going Ahead,Driving Properly,Normal,,,,,,,Yes,,Yes,,,,,,,,,,,87,High Park-Swansea,87,High Park-Swansea (87),D11,623886.65659942,4834577.7272331
4381,80177890,4003148755,10/21/2014 4:00:00 AM,1909,BLOOR ST W,PACIFIC AVE,,Major Arterial,Toronto and East York,43.653887,-79.463695,At Intersection,No Control,Rain,"Dark, artificial",Wet,Non-Fatal Injury,Pedestrian Collisions,Pedestrian,35 to 39,Major,,South,,,,,Vehicle is going straight thru inter.while ped cross without ROW,"Crossing, no Traffic Control",Inattentive,,,,Yes,,Yes,,,,,,,,,,,87,High Park-Swansea,87,High Park-Swansea (87),D11,623886.65659942,4834577.7272331