OBJECTID,INDEX,ACCNUM,DATE,TIME,STREET1,STREET2,OFFSET,ROAD_CLASS,DISTRICT,LATITUDE,LONGITUDE,ACCLOC,TRAFFCTL,VISIBILITY,LIGHT,RDSFCOND,ACCLASS,IMPACTYPE,INVTYPE,INVAGE,INJURY,FATAL_NO,INITDIR,VEHTYPE,MANOEUVER,DRIVACT,DRIVCOND,PEDTYPE,PEDACT,PEDCOND,CYCLISTYPE,CYCACT,CYCCOND,PEDESTRIAN,CYCLIST,AUTOMOBILE,MOTORCYCLE,TRUCK,TRSN_CITY_VEH,EMERG_VEH,PASSENGER,SPEEDING,AG_DRIV,REDLIGHT,ALCOHOL,DISABILITY,HOOD_158,NEIGHBOURHOOD_158,HOOD_140,NEIGHBOURHOOD_140,DIVISION,x,y
4382,80177976,4003154882,10/22/2014 4:00:00 AM,1803,PARKINGTON CRES,ELLESMERE RD,,Major Arterial,Scarborough,43.773245,-79.246219,At Intersection,Traffic Signal,Clear,Dusk,Dry,Non-Fatal Injury,Pedestrian Collisions,Truck Driver,65 to 69,None,,South,Truck - Open,Turning Left,Driving Properly,Normal,,,,,,,Yes,,Yes,,Yes,,,,,Yes,Yes,,,142,Woburn North,137,Woburn (137),D43,641143.492945724,4848181.8539387
4383,80177977,4003154882,10/22/2014 4:00:00 AM,1803,PARKINGTON CRES,ELLESMERE RD,,Major Arterial,Scarborough,43.773245,-79.246219,At Intersection,Traffic Signal,Clear,Dusk,Dry,Non-Fatal Injury,Pedestrian Collisions,Driver,25 to 29,None,,West,"Automobile, Station Wagon",Going Ahead,Disobeyed Traffic Control,Inattentive,,,,,,,Yes,,Yes,,Yes,,,,,Yes,Yes,,,142,Woburn North,137,Woburn (137),D43,641143.492945724,4848181.8539387
4384,80177978,4003154882,10/22/2014 4:00:00 AM,1803,PARKINGTON CRES,ELLESMERE RD,,Major Arterial,Scarborough,43.773245,-79.246219,At Intersection,Traffic Signal,Clear,Dusk,Dry,Non-Fatal Injury,Pedestrian Collisions,Pedestrian,25 to 29,Major,,South,,,,,Vehicle turns left while ped crosses with ROW at inter.,Crossing with right of way,Normal,,,,Yes,,Yes,,Yes,,,,,Yes,Yes,,,142,Woburn North,137,Woburn (137),D43,641143.492945724,4848181.8539387
4385,80631895,4003167923,10/24/2014 4:00:00 AM,1727,220 WOOLNER AVE,,65 m East of,Collector,Etobicoke York,43.671721,-79.492557,At/Near Private Drive,No Control,Clear,Dusk,Dry,Non-Fatal Injury,Pedestrian Collisions,Driver,65 to 69,None,,West,"Automobile, Station Wagon",Going Ahead,Driving Properly,Inattentive,,,,,,,Yes,,Yes,,,,,,,,,,,111,Rockcliffe-Smythe,111,Rockcliffe-Smythe (111),D12,621523.23562162,4836515.74094084
4386,80631896,4003167923,10/24/2014 4:00:00 AM,1727,220 WOOLNER AVE,,65 m East of,Collector,Etobicoke York,43.671721,-79.492557,At/Near Private Drive,No Control,Clear,Dusk,Dry,Non-Fatal Injury,Pedestrian Collisions,Pedestrian,80 to 84,Major,,Unknown,,,,,Pedestrian hit at mid-block,"Crossing, no Traffic Control",Inattentive,,,,Yes,,Yes,,,,,,,,,,,111,Rockcliffe-Smythe,111,Rockcliffe-Smythe (111),D12,621523.23562162,4836515.74094084
4387,80222020,4003235849,11/2/2014 4:00:00 AM,1015,BLOSSOMFIELD DR,DANE AVE,,Collector,North York,43.717486,-79.448962,At Intersection,Stop Sign,Clear,"Dark, artificial",Dry,Non-Fatal Injury,Pedestrian Collisions,Driver,65 to 69,None,,East,"Automobile, Station Wagon",Turning Right,Failed to Yield Right of Way,Normal,,,,,,,Yes,,Yes,,,,,,,Yes,,,,31,Yorkdale-Glen Park,31,Yorkdale-Glen Park (31),D32,624942.622729395,4841663.3610744
4388,80222021,4003235849,11/2/2014 4:00:00 AM,1015,BLOSSOMFIELD DR,DANE AVE,,Collector,North York,43.717486,-79.448962,At Intersection,Stop Sign,Clear,"Dark, artificial",Dry,Non-Fatal Injury,Pedestrian Collisions,Pedestrian,60 to 64,Major,,East,,,,,Vehicle turns right while ped crosses with ROW at inter.,Crossing with right of way,Normal,,,,Yes,,Yes,,,,,,,Yes,,,,31,Yorkdale-Glen Park,31,Yorkdale-Glen Park (31),D32,624942.622729395,4841663.3610744
4389,80179133,4003224177,11/2/2014 4:00:00 AM,1205,EGLINGTON AVE,HEDDINGTON AVE,,Major Arterial,North York,43.703459,-79.413883,At Intersection,Traffic Signal,Clear,Daylight,Dry,Non-Fatal Injury,Pedestrian Collisions,Driver,75 to 79,None,,South,Passenger Van,Turning Left,Failed to Yield Right of Way,Inattentive,,,,,,,Yes,,Yes,,,,,,,Yes,,,,101,Forest Hill South,101,Forest Hill South (101),D53,627798.218846922,4840158.94262643
4390,80179134,4003224177,11/2/2014 4:00:00 AM,1205,EGLINGTON AVE,HEDDINGTON AVE,,Major Arterial,North York,43.703459,-79.413883,At Intersection,Traffic Signal,Clear,Daylight,Dry,Non-Fatal Injury,Pedestrian Collisions,Pedestrian,25 to 29,Major,,North,,,,,Vehicle turns left while ped crosses with ROW at inter.,Crossing with right of way,Normal,,,,Yes,,Yes,,,,,,,Yes,,,,101,Forest Hill South,101,Forest Hill South (101),D53,627798.218846922,4840158.94262643
4391,80179135,4003224177,11/2/2014 4:00:00 AM,1205,EGLINGTON AVE,HEDDINGTON AVE,,Major Arterial,North York,43.703459,-79.413883,At Intersection,Traffic Signal,Clear,Daylight,Dry,Non-Fatal Injury,Pedestrian Collisions,Pedestrian,30 to 34,Major,,North,,,,,Vehicle turns left while ped crosses with ROW at inter.,Crossing with right of way,Unknown,,,,Yes,,Yes,,,,,,,Yes,,,,101,Forest Hill South,101,Forest Hill South (101),D53,627798.218846922,4840158.94262643
4392,80179437,4003249661,11/6/2014 5:00:00 AM,1130,BICKNELL AVE,WESTBURY CRES,,Collector,Etobicoke York,43.684535,-79.474925,Non Intersection,Stop Sign,Clear,Daylight,Dry,Non-Fatal Injury,Pedestrian Collisions,Driver,60 to 64,None,,East,"Automobile, Station Wagon",Turning Right,Lost control,Unknown,,,,,,,Yes,,Yes,,,,,,,,,,,110,Keelesdale-Eglinton West,110,Keelesdale-Eglinton West (110),D12,622918.49297769,4837964.88805086
4393,80179438,4003249661,11/6/2014 5:00:00 AM,1130,BICKNELL AVE,WESTBURY CRES,,Collector,Etobicoke York,43.684535,-79.474925,Non Intersection,Stop Sign,Clear,Daylight,Dry,Non-Fatal Injury,Pedestrian Collisions,Pedestrian,90 to 94,Major,,,,,,,Pedestrian hit on sidewalk or shoulder,On Sidewalk or Shoulder,Normal,,,,Yes,,Yes,,,,,,,,,,,110,Keelesdale-Eglinton West,110,Keelesdale-Eglinton West (110),D12,622918.49297769,4837964.88805086
4394,8000166,143250160,11/6/2014 5:00:00 AM,1254,MIDLAND AVE,GILDER DR,,Major Arterial,Scarborough,43.736033,-79.258769,At Intersection,Traffic Signal,Clear,Daylight,Dry,Fatal,Pedestrian Collisions,Pedestrian,40 to 44,Fatal,38,Unknown,,,,,Pedestrian hit on sidewalk or shoulder,On Sidewalk or Shoulder,Normal,,,,Yes,,Yes,,,,,,,,,,,138,Eglinton East,138,Eglinton East (138),D41,640220.352285632,4844027.57380195
4395,8000167,143250160,11/6/2014 5:00:00 AM,1254,MIDLAND AVE,GILDER DR,,Major Arterial,Scarborough,43.736033,-79.258769,At Intersection,Traffic Signal,Clear,Daylight,Dry,Fatal,Pedestrian Collisions,Driver,30 to 34,Minor,,North,Passenger Van,Going Ahead,Lost control,Normal,,,,,,,Yes,,Yes,,,,,,,,,,,138,Eglinton East,138,Eglinton East (138),D41,640220.352285632,4844027.57380195
4396,80631900,4003253640,11/6/2014 5:00:00 AM,2300,SPADINA AVE,SULLIVAN ST,64 m North o,Major Arterial,Toronto and East York,43.651316,-79.397403,Non Intersection,No Control,Rain,"Dark, artificial",Wet,Non-Fatal Injury,Pedestrian Collisions,Driver,40 to 44,None,,North,Street Car,Going Ahead,Driving Properly,Normal,,,,,,,Yes,,,,,Yes,,,,,,,,78,Kensington-Chinatown,78,Kensington-Chinatown (78),D52,629237.969163999,4834393.29172098
4397,80631901,4003253640,11/6/2014 5:00:00 AM,2300,SPADINA AVE,SULLIVAN ST,64 m North o,Major Arterial,Toronto and East York,43.651316,-79.397403,Non Intersection,No Control,Rain,"Dark, artificial",Wet,Non-Fatal Injury,Pedestrian Collisions,Pedestrian,40 to 44,Major,,Unknown,,,,,Pedestrian involved in a collision with transit vehicle anywhere along roadway,"Crossing, no Traffic Control",Had Been Drinking,,,,Yes,,,,,Yes,,,,,,,,78,Kensington-Chinatown,78,Kensington-Chinatown (78),D52,629237.969163999,4834393.29172098
4398,80222234,4003257164,11/7/2014 5:00:00 AM,1247,DON MILLS RD,FRESHMEADOW DR,,Major Arterial,North York,43.809378,-79.359485,Non Intersection,No Control,Clear,Daylight,Dry,Fatal,Pedestrian Collisions,Driver,30 to 34,None,,North,Pick Up Truck,Going Ahead,Driving Properly,Normal,,,,,,,Yes,,Yes,,,,,,,,,,,48,Hillcrest Village,48,Hillcrest Village (48),D33,631948.261860976,4852008.13859771
4399,80222235,4003257164,11/7/2014 5:00:00 AM,1247,DON MILLS RD,FRESHMEADOW DR,,Major Arterial,North York,43.809378,-79.359485,Non Intersection,No Control,Clear,Daylight,Dry,Fatal,Pedestrian Collisions,Pedestrian,70 to 74,Fatal,39,East,,,,,Pedestrian hit at mid-block,"Crossing, no Traffic Control",Unknown,,,,Yes,,Yes,,,,,,,,,,,48,Hillcrest Village,48,Hillcrest Village (48),D33,631948.261860976,4852008.13859771
4400,80179560,4003258482,11/7/2014 5:00:00 AM,1700,BRIMORTON DR,MARKHAM RD,,Major Arterial,Scarborough,43.773486,-79.230685,At Intersection,Traffic Signal,Clear,"Daylight, artificial",Dry,Non-Fatal Injury,Pedestrian Collisions,Driver,60 to 64,None,,East,"Automobile, Station Wagon",Turning Right,Improper Turn,Inattentive,,,,,,,Yes,,Yes,,,,,,,,,,,142,Woburn North,137,Woburn (137),D43,642393.10502442,4848235.2198942
4401,80179561,4003258482,11/7/2014 5:00:00 AM,1700,BRIMORTON DR,MARKHAM RD,,Major Arterial,Scarborough,43.773486,-79.230685,At Intersection,Traffic Signal,Clear,"Daylight, artificial",Dry,Non-Fatal Injury,Pedestrian Collisions,Pedestrian,65 to 69,Major,,North,,,,,Vehicle turns right while ped crosses with ROW at inter.,Crossing with right of way,Normal,,,,Yes,,Yes,,,,,,,,,,,142,Woburn North,137,Woburn (137),D43,642393.10502442,4848235.2198942
4402,80631902,4003276888,11/10/2014 5:00:00 AM,1750,DIXON RD,ISLINGTON AVE,28 m East of,Major Arterial,Etobicoke York,43.696978,-79.546687,At Intersection,Traffic Signal,Clear,Dark,Dry,Non-Fatal Injury,Pedestrian Collisions,Driver,30 to 34,None,,West,"Automobile, Station Wagon",Going Ahead,Driving Properly,Normal,,,,,,,Yes,,Yes,,,,,,,,,,,6,Kingsview Village-The Westway,6,Kingsview Village-The Westway (6),D23,617110.330636592,4839242.99430747
4403,80631903,4003276888,11/10/2014 5:00:00 AM,1750,DIXON RD,ISLINGTON AVE,28 m East of,Major Arterial,Etobicoke York,43.696978,-79.546687,At Intersection,Traffic Signal,Clear,Dark,Dry,Non-Fatal Injury,Pedestrian Collisions,Pedestrian,10 to 14,Major,,South,,,,,Pedestrian hit at mid-block,Running onto Roadway,Normal,,,,Yes,,Yes,,,,,,,,,,,6,Kingsview Village-The Westway,6,Kingsview Village-The Westway (6),D23,617110.330636592,4839242.99430747
4404,80631904,4003298111,11/14/2014 5:00:00 AM,645,BATHURST ST,FAIRHOLME AVE,5 m North of,Major Arterial,North York,43.718352,-79.429553,At Intersection,No Control,Clear,"Dawn, artificial",Dry,Non-Fatal Injury,Pedestrian Collisions,Driver,60 to 64,None,,North,"Automobile, Station Wagon",Turning Left,Failed to Yield Right of Way,Inattentive,,,,,,,Yes,,Yes,,,,,,,Yes,,,,39,Bedford Park-Nortown,39,Bedford Park-Nortown (39),D53,626504.291008472,4841788.98378853
4405,80631905,4003298111,11/14/2014 5:00:00 AM,645,BATHURST ST,FAIRHOLME AVE,5 m North of,Major Arterial,North York,43.718352,-79.429553,At Intersection,No Control,Clear,"Dawn, artificial",Dry,Non-Fatal Injury,Pedestrian Collisions,Pedestrian,50 to 54,Major,,North,,,,,Vehicle turns left while ped crosses with ROW at inter.,Crossing with right of way,Normal,,,,Yes,,Yes,,,,,,,Yes,,,,39,Bedford Park-Nortown,39,Bedford Park-Nortown (39),D53,626504.291008472,4841788.98378853
4406,8000172,143335677,11/20/2014 5:00:00 AM,1245,2440 DUNDAS ST W,,,Minor Arterial,Toronto and East York,43.658259,-79.452983,At Intersection,Traffic Signal,Clear,Daylight,Dry,Fatal,Pedestrian Collisions,Pedestrian,65 to 69,Fatal,42,East,,,,,Vehicle turns left while ped crosses with ROW at inter.,Crossing with right of way,Unknown,,,,Yes,,Yes,,,,,,,Yes,,,,88,High Park North,88,High Park North (88),D11,624741.420711112,4835079.34318091
4407,8000173,143335677,11/20/2014 5:00:00 AM,1245,2440 DUNDAS ST W,,,Minor Arterial,Toronto and East York,43.658259,-79.452983,At Intersection,Traffic Signal,Clear,Daylight,Dry,Fatal,Pedestrian Collisions,Driver,55 to 59,None,,West,Delivery Van,Turning Left,Failed to Yield Right of Way,Inattentive,,,,,,,Yes,,Yes,,,,,,,Yes,,,,88,High Park North,88,High Park North (88),D11,624741.420711112,4835079.34318091
4408,8000170,143339762,11/21/2014 5:00:00 AM,600,FINCH AVE W,DRIFTWOOD AVE,,Major Arterial,Etobicoke York,43.758048,-79.513431,At Intersection,Traffic Signal,Clear,"Dawn, artificial",Dry,Fatal,Pedestrian Collisions,Pedestrian,60 to 64,Fatal,41,North,,,,,Vehicle is going straight thru inter.while ped cross without ROW,Crossing without right of way,Unknown,,,,Yes,,Yes,,,,,,,,,,,25,Glenfield-Jane Heights,25,Glenfield-Jane Heights (25),D31,619668.504278147,4846073.1914633
4409,8000171,143339762,11/21/2014 5:00:00 AM,600,FINCH AVE W,DRIFTWOOD AVE,,Major Arterial,Etobicoke York,43.758048,-79.513431,At Intersection,Traffic Signal,Clear,"Dawn, artificial",Dry,Fatal,Pedestrian Collisions,Driver,40 to 44,None,,East,"Automobile, Station Wagon",Going Ahead,Driving Properly,Normal,,,,,,,Yes,,Yes,,,,,,,,,,,25,Glenfield-Jane Heights,25,Glenfield-Jane Heights (25),D31,619668.504278147,4846073.1914633
4410,80180798,4003340766,11/21/2014 5:00:00 AM,1005,SILVERTHORN AVE,ROGERS RD,,Minor Arterial,Etobicoke York,43.682761,-79.463321,Intersection Related,Traffic Signal,Clear,Daylight,Dry,Non-Fatal Injury,Pedestrian Collisions,Driver,50 to 54,None,,South,Pick Up Truck,Turning Left,Failed to Yield Right of Way,Normal,,,,,,,Yes,,Yes,,,,,,,Yes,,,,110,Keelesdale-Eglinton West,110,Keelesdale-Eglinton West (110),D12,623857.414876796,4837785.12533619
4411,80180799,4003340766,11/21/2014 5:00:00 AM,1005,SILVERTHORN AVE,ROGERS RD,,Minor Arterial,Etobicoke York,43.682761,-79.463321,Intersection Related,Traffic Signal,Clear,Daylight,Dry,Non-Fatal Injury,Pedestrian Collisions,Pedestrian,70 to 74,Major,,Unknown,,,,,Vehicle turns left while ped crosses with ROW at inter.,Crossing with right of way,Normal,,,,Yes,,Yes,,,,,,,Yes,,,,110,Keelesdale-Eglinton West,110,Keelesdale-Eglinton West (110),D12,623857.414876796,4837785.12533619
4412,80631912,4003369105,11/25/2014 5:00:00 AM,1859,LAWRENCE AVE E,TOWER DR,40 m West of,Major Arterial,Scarborough,43.744338,-79.299014,Non Intersection,No Control,Clear,"Dark, artificial",Dry,Non-Fatal Injury,Pedestrian Collisions,Driver,70 to 74,Major,,East,"Automobile, Station Wagon",Turning Left,Failed to Yield Right of Way,Unknown,,,,,,,Yes,,Yes,,,,,,,Yes,,,,119,Wexford/Maryvale,119,Wexford/Maryvale (119),D41,636960.469594429,4844882.64289697
4413,80631913,4003369105,11/25/2014 5:00:00 AM,1859,LAWRENCE AVE E,TOWER DR,40 m West of,Major Arterial,Scarborough,43.744338,-79.299014,Non Intersection,No Control,Clear,"Dark, artificial",Dry,Non-Fatal Injury,Pedestrian Collisions,Pedestrian,25 to 29,None,,East,,,,,Vehicle turns left while ped crosses with ROW at inter.,"Crossing, no Traffic Control",Normal,,,,Yes,,Yes,,,,,,,Yes,,,,119,Wexford/Maryvale,119,Wexford/Maryvale (119),D41,636960.469594429,4844882.64289697
4414,80181229,4003375177,11/26/2014 5:00:00 AM,1808,GERRARD ST E,VICTORIA PARK AVE,,Minor Arterial,Scarborough,43.686999,-79.28593,Non Intersection,No Control,Clear,"Dark, artificial",Dry,Non-Fatal Injury,Pedestrian Collisions,Driver,80 to 84,None,,West,"Automobile, Station Wagon",Going Ahead,Driving Properly,Normal,,,,,,,Yes,,Yes,,,,,,,,,,,122,Birchcliffe-Cliffside,122,Birchcliffe-Cliffside (122),D41,638145.683826136,4838536.02886635
4415,80181230,4003375177,11/26/2014 5:00:00 AM,1808,GERRARD ST E,VICTORIA PARK AVE,,Minor Arterial,Scarborough,43.686999,-79.28593,Non Intersection,No Control,Clear,"Dark, artificial",Dry,Non-Fatal Injury,Pedestrian Collisions,Pedestrian,55 to 59,Major,,North,,,,,Pedestrian hit at mid-block,"Crossing, no Traffic Control",Had Been Drinking,,,,Yes,,Yes,,,,,,,,,,,122,Birchcliffe-Cliffside,122,Birchcliffe-Cliffside (122),D41,638145.683826136,4838536.02886635
4416,80181436,4003389037,11/28/2014 5:00:00 AM,2245,55 BELMONT ST,,,Minor Arterial,Toronto and East York,43.675101,-79.391025,Non Intersection,No Control,Clear,"Dark, artificial",Dry,Non-Fatal Injury,Pedestrian Collisions,Driver,unknown,None,,West,Passenger Van,Going Ahead,Lost control,Unknown,,,,,,,Yes,,Yes,,,,,,,,,,,95,Annex,95,Annex (95),D53,629701.084252161,4837044.8857562
4417,80181437,4003389037,11/28/2014 5:00:00 AM,2245,55 BELMONT ST,,,Minor Arterial,Toronto and East York,43.675101,-79.391025,Non Intersection,No Control,Clear,"Dark, artificial",Dry,Non-Fatal Injury,Pedestrian Collisions,Pedestrian,65 to 69,Major,,East,,,,,Pedestrian hit on sidewalk or shoulder,On Sidewalk or Shoulder,Normal,,,,Yes,,Yes,,,,,,,,,,,95,Annex,95,Annex (95),D53,629701.084252161,4837044.8857562
4418,80181438,4003389037,11/28/2014 5:00:00 AM,2245,55 BELMONT ST,,,Minor Arterial,Toronto and East York,43.675101,-79.391025,Non Intersection,No Control,Clear,"Dark, artificial",Dry,Non-Fatal Injury,Pedestrian Collisions,Pedestrian,65 to 69,Minimal,,East,,,,,Pedestrian hit on sidewalk or shoulder,On Sidewalk or Shoulder,Normal,,,,Yes,,Yes,,,,,,,,,,,95,Annex,95,Annex (95),D53,629701.084252161,4837044.8857562
4419,80223751,4003393065,11/29/2014 5:00:00 AM,1306,DON VALLEY PARKWAY  S,LEASIDE BDGE,,Major Arterial,Toronto and East York,43.698043,-79.349742,Non Intersection,No Control,Clear,Daylight,Dry,Non-Fatal Injury,Pedestrian Collisions,Driver,60 to 64,None,,South,"Automobile, Station Wagon",Going Ahead,Driving Properly,Normal,,,,,,,Yes,,Yes,,,,,,,,,,,58,Old East York,58,Old East York (58),D55,632978.278862875,4839658.29436377
4420,80223752,4003393065,11/29/2014 5:00:00 AM,1306,DON VALLEY PARKWAY  S,LEASIDE BDGE,,Major Arterial,Toronto and East York,43.698043,-79.349742,Non Intersection,No Control,Clear,Daylight,Dry,Non-Fatal Injury,Pedestrian Collisions,Pedestrian,50 to 54,Major,,Unknown,,,,,Pedestrian hit at mid-block,Other,Unknown,,,,Yes,,Yes,,,,,,,,,,,58,Old East York,58,Old East York (58),D55,632978.278862875,4839658.29436377
4421,80631923,4003410596,12/2/2014 5:00:00 AM,1335,CIVIC RD,SINNOTT RD,,Collector,Scarborough,43.728434,-79.280307,At Intersection,Stop Sign,Clear,Daylight,Dry,Non-Fatal Injury,Pedestrian Collisions,Driver,55 to 59,None,,East,School Bus,Turning Left,Lost control,Normal,,,,,,,Yes,,,,,,,Yes,,,,,,120,Clairlea-Birchmount,120,Clairlea-Birchmount (120),D41,638503.405747618,4843147.36551621
4422,80631924,4003410596,12/2/2014 5:00:00 AM,1335,CIVIC RD,SINNOTT RD,,Collector,Scarborough,43.728434,-79.280307,At Intersection,Stop Sign,Clear,Daylight,Dry,Non-Fatal Injury,Pedestrian Collisions,Passenger,20 to 24,None,,,,,,,,,,,,,Yes,,,,,,,Yes,,,,,,120,Clairlea-Birchmount,120,Clairlea-Birchmount (120),D41,638503.405747618,4843147.36551621
4423,80631925,4003410596,12/2/2014 5:00:00 AM,1335,CIVIC RD,SINNOTT RD,,Collector,Scarborough,43.728434,-79.280307,At Intersection,Stop Sign,Clear,Daylight,Dry,Non-Fatal Injury,Pedestrian Collisions,Pedestrian,45 to 49,Major,,East,,,,,Vehicle turns left while ped crosses with ROW at inter.,Crossing with right of way,Normal,,,,Yes,,,,,,,Yes,,,,,,120,Clairlea-Birchmount,120,Clairlea-Birchmount (120),D41,638503.405747618,4843147.36551621
4424,80199676,4000047040,12/8/2014 5:00:00 AM,1700,MT PLEASANT RD,MERTON ST,,Major Arterial,North York,43.698161,-79.38647,At Intersection,Traffic Signal,Clear,"Dark, artificial",Dry,Non-Fatal Injury,Pedestrian Collisions,Driver,75 to 79,None,,North,"Automobile, Station Wagon",Turning Left,Failed to Yield Right of Way,Inattentive,,,,,,,Yes,,Yes,,,,,,,Yes,,,,99,Mount Pleasant East,99,Mount Pleasant East (99),D53,630018.440205941,4839613.14854685
4425,80199677,4000047040,12/8/2014 5:00:00 AM,1700,MT PLEASANT RD,MERTON ST,,Major Arterial,North York,43.698161,-79.38647,At Intersection,Traffic Signal,Clear,"Dark, artificial",Dry,Non-Fatal Injury,Pedestrian Collisions,Pedestrian,65 to 69,Major,,,,,,,Vehicle turns left while ped crosses with ROW at inter.,,Unknown,,,,Yes,,Yes,,,,,,,Yes,,,,99,Mount Pleasant East,99,Mount Pleasant East (99),D53,630018.440205941,4839613.14854685
4426,81152649,,12/8/2014 5:00:00 AM,1700,MOUNT PLEASANT RD,MERTON ST,,Major Arterial,North York,43.698104,-79.38644,At Intersection,Traffic Signal,Clear,"Dark, artificial",Dry,Non-Fatal Injury,Pedestrian Collisions,Driver,75 to 79,None,,North,"Automobile, Station Wagon",Turning Left,Failed to Yield Right of Way,Inattentive,,,,,,,Yes,,Yes,,,,,,,Yes,,,,99,Mount Pleasant East,99,Mount Pleasant East (99),D53,630020.980835104,4839606.86494642
4427,81152650,,12/8/2014 5:00:00 AM,1700,MOUNT PLEASANT RD,MERTON ST,,Major Arterial,North York,43.698104,-79.38644,At Intersection,Traffic Signal,Clear,"Dark, artificial",Dry,Non-Fatal Injury,Pedestrian Collisions,Pedestrian,65 to 69,Major,,North,,,,,Vehicle turns left while ped crosses with ROW at inter.,Crossing with right of way,Normal,,,,Yes,,Yes,,,,,,,Yes,,,,99,Mount Pleasant East,99,Mount Pleasant East (99),D53,630020.980835104,4839606.86494642
4428,80224655,4003469913,12/12/2014 5:00:00 AM,720,STEELES AVE E,TOWNSEND RD,,Major Arterial,North York,43.811907,-79.357539,At Intersection,Traffic Signal,Clear,Daylight,Wet,Non-Fatal Injury,Pedestrian Collisions,Driver,60 to 64,None,,East,Truck (other),Going Ahead,Failed to Yield Right of Way,Normal,,,,,,,Yes,,,,Yes,,,,,Yes,,,,48,Hillcrest Village,48,Hillcrest Village (48),D33,632099.206346299,4852292.1297321
4429,80224656,4003469913,12/12/2014 5:00:00 AM,720,STEELES AVE E,TOWNSEND RD,,Major Arterial,North York,43.811907,-79.357539,At Intersection,Traffic Signal,Clear,Daylight,Wet,Non-Fatal Injury,Pedestrian Collisions,Pedestrian,30 to 34,Major,,North,,,,,Vehicle is going straight thru inter.while ped cross with ROW,Crossing with right of way,Unknown,,,,Yes,,,,Yes,,,,,Yes,,,,48,Hillcrest Village,48,Hillcrest Village (48),D33,632099.206346299,4852292.1297321
4430,8000213,143474139,12/12/2014 5:00:00 AM,1840,COXWELL AVE,COSBURN AVE,,Minor Arterial,Toronto and East York,43.694125,-79.328006,At Intersection,Traffic Signal,Clear,"Dusk, artificial",Dry,Fatal,Pedestrian Collisions,Pedestrian,40 to 44,Fatal,51,North,,,,,Vehicle turns left while ped crosses with ROW at inter.,Crossing with right of way,Normal,,,,Yes,,Yes,,,,,,,,,,,59,Danforth East York,59,Danforth East York (59),D55,634738.566420921,4839258.23695068
4431,8000214,143474139,12/12/2014 5:00:00 AM,1840,COXWELL AVE,COSBURN AVE,,Minor Arterial,Toronto and East York,43.694125,-79.328006,At Intersection,Traffic Signal,Clear,"Dusk, artificial",Dry,Fatal,Pedestrian Collisions,Driver,75 to 79,None,,North,"Automobile, Station Wagon",Turning Left,Improper Turn,Inattentive,,,,,,,Yes,,Yes,,,,,,,,,,,59,Danforth East York,59,Danforth East York (59),D55,634738.566420921,4839258.23695068
4432,80182801,4003482087,12/14/2014 5:00:00 AM,324,OSSINGTON AVE,DUNDAS ST W,,Major Arterial,Toronto and East York,43.649317,-79.420772,Non Intersection,No Control,Clear,"Dark, artificial",Dry,Non-Fatal Injury,Pedestrian Collisions,Driver,20 to 24,None,,South,"Automobile, Station Wagon",Going Ahead,Driving Properly,Normal,,,,,,,Yes,,Yes,,,,,,,,,,,81,Trinity-Bellwoods,81,Trinity-Bellwoods (81),D14,627357.632678633,4834135.14714824
4433,80182802,4003482087,12/14/2014 5:00:00 AM,324,OSSINGTON AVE,DUNDAS ST W,,Major Arterial,Toronto and East York,43.649317,-79.420772,Non Intersection,No Control,Clear,"Dark, artificial",Dry,Non-Fatal Injury,Pedestrian Collisions,Pedestrian,25 to 29,Major,,Unknown,,,,,Other / Undefined,Other,"Ability Impaired, Alcohol Over .80",,,,Yes,,Yes,,,,,,,,,,,81,Trinity-Bellwoods,81,Trinity-Bellwoods (81),D14,627357.632678633,4834135.14714824
4434,80631932,4003487975,12/15/2014 5:00:00 AM,725,SUBWAY CRES,AUKLAND RD,4 m West of,Collector,Etobicoke York,43.637614,-79.537021,At Intersection,Stop Sign,Clear,"Dark, artificial",Wet,Non-Fatal Injury,Pedestrian Collisions,Driver,65 to 69,None,,East,"Automobile, Station Wagon",Going Ahead,Failed to Yield Right of Way,Normal,,,,,,,Yes,,Yes,,,,,,,Yes,,,,159,Etobicoke City Centre,14,Islington-City Centre West (14),D22,618005.503079594,4832663.54596433
4435,80631933,4003487975,12/15/2014 5:00:00 AM,725,SUBWAY CRES,AUKLAND RD,4 m West of,Collector,Etobicoke York,43.637614,-79.537021,At Intersection,Stop Sign,Clear,"Dark, artificial",Wet,Non-Fatal Injury,Pedestrian Collisions,Pedestrian,80 to 84,Major,,Unknown,,,,,Vehicle is going straight thru inter.while ped cross with ROW,Crossing with right of way,Normal,,,,Yes,,Yes,,,,,,,Yes,,,,159,Etobicoke City Centre,14,Islington-City Centre West (14),D22,618005.503079594,4832663.54596433
4436,80631934,4003498144,12/16/2014 5:00:00 AM,1800,JARVIS ST,WELLESLEY ST E,,Major Arterial,Toronto and East York,43.666213,-79.378307,At Intersection,Traffic Signal,Rain,"Dark, artificial",Wet,Non-Fatal Injury,Pedestrian Collisions,Driver,50 to 54,None,,West,"Automobile, Station Wagon",Turning Left,Failed to Yield Right of Way,Normal,,,,,,,Yes,,Yes,,,,,,,Yes,,,,71,Cabbagetown-South St.James Town,71,Cabbagetown-South St.James Town (71),D51,630745.603450622,4836077.71891919