OBJECTID,INDEX,ACCNUM,DATE,TIME,STREET1,STREET2,OFFSET,ROAD_CLASS,DISTRICT,LATITUDE,LONGITUDE,ACCLOC,TRAFFCTL,VISIBILITY,LIGHT,RDSFCOND,ACCLASS,IMPACTYPE,INVTYPE,INVAGE,INJURY,FATAL_NO,INITDIR,VEHTYPE,MANOEUVER,DRIVACT,DRIVCOND,PEDTYPE,PEDACT,PEDCOND,CYCLISTYPE,CYCACT,CYCCOND,PEDESTRIAN,CYCLIST,AUTOMOBILE,MOTORCYCLE,TRUCK,TRSN_CITY_VEH,EMERG_VEH,PASSENGER,SPEEDING,AG_DRIV,REDLIGHT,ALCOHOL,DISABILITY,HOOD_158,NEIGHBOURHOOD_158,HOOD_140,NEIGHBOURHOOD_140,DIVISION,x,y
4437,80631935,4003498144,12/16/2014 5:00:00 AM,1800,JARVIS ST,WELLESLEY ST E,,Major Arterial,Toronto and East York,43.666213,-79.378307,At Intersection,Traffic Signal,Rain,"Dark, artificial",Wet,Non-Fatal Injury,Pedestrian Collisions,Pedestrian,40 to 44,Major,,Unknown,,,,,Vehicle turns left while ped crosses with ROW at inter.,Crossing with right of way,Normal,,,,Yes,,Yes,,,,,,,Yes,,,,71,Cabbagetown-South St.James Town,71,Cabbagetown-South St.James Town (71),D51,630745.603450622,4836077.71891919
4438,80183108,4003498374,12/16/2014 5:00:00 AM,1850,ST CLAIR AVE W,DUFFERIN ST,,Major Arterial,Toronto and East York,43.67789,-79.443042,At Intersection,Traffic Signal,Rain,"Dark, artificial",Wet,Non-Fatal Injury,Pedestrian Collisions,Driver,50 to 54,None,,West,"Automobile, Station Wagon",Going Ahead,Driving Properly,Normal,,,,,,,Yes,,Yes,,,,,,,,,,,92,Corso Italia-Davenport,92,Corso Italia-Davenport (92),D13,625502.087098746,4837274.61953886
4439,80183109,4003498374,12/16/2014 5:00:00 AM,1850,ST CLAIR AVE W,DUFFERIN ST,,Major Arterial,Toronto and East York,43.67789,-79.443042,At Intersection,Traffic Signal,Rain,"Dark, artificial",Wet,Non-Fatal Injury,Pedestrian Collisions,Pedestrian,60 to 64,Major,,South,,,,,Vehicle is going straight thru inter.while ped cross without ROW,Running onto Roadway,Inattentive,,,,Yes,,Yes,,,,,,,,,,,92,Corso Italia-Davenport,92,Corso Italia-Davenport (92),D13,625502.087098746,4837274.61953886
4440,80183114,4003498466,12/16/2014 5:00:00 AM,1910,ALBION RD,RIVERDALE DR,,Major Arterial,Etobicoke York,43.735346,-79.561374,Intersection Related,Traffic Signal,Rain,Dark,Wet,Non-Fatal Injury,Pedestrian Collisions,Driver,45 to 49,None,,North,"Automobile, Station Wagon",Turning Left,Driving Properly,Normal,,,,,,,Yes,,Yes,,,,,Yes,,,,,,3,Thistletown-Beaumond Heights,3,Thistletown-Beaumond Heights (3),D23,615852.860572352,4843483.65409878
4441,80183115,4003498466,12/16/2014 5:00:00 AM,1910,ALBION RD,RIVERDALE DR,,Major Arterial,Etobicoke York,43.735346,-79.561374,Intersection Related,Traffic Signal,Rain,Dark,Wet,Non-Fatal Injury,Pedestrian Collisions,Passenger,5 to 9,Major,,,,,,,,,,,,,Yes,,Yes,,,,,Yes,,,,,,3,Thistletown-Beaumond Heights,3,Thistletown-Beaumond Heights (3),D23,615852.860572352,4843483.65409878
4442,80183116,4003498466,12/16/2014 5:00:00 AM,1910,ALBION RD,RIVERDALE DR,,Major Arterial,Etobicoke York,43.735346,-79.561374,Intersection Related,Traffic Signal,Rain,Dark,Wet,Non-Fatal Injury,Pedestrian Collisions,Pedestrian,45 to 49,Minor,,Unknown,,,,,Vehicle turns left while ped crosses with ROW at inter.,Crossing with right of way,Normal,,,,Yes,,Yes,,,,,Yes,,,,,,3,Thistletown-Beaumond Heights,3,Thistletown-Beaumond Heights (3),D23,615852.860572352,4843483.65409878
4443,8000211,143507481,12/18/2014 5:00:00 AM,843,6030 BATHURST ST,,,Major Arterial,North York,43.788577,-79.446666,,No Control,Clear,Daylight,Dry,Fatal,Pedestrian Collisions,Pedestrian,75 to 79,Fatal,50,East,,,,,Pedestrian hit at mid-block,Running onto Roadway,Inattentive,,,,Yes,,Yes,,,,,Yes,,,,,,36,Newtonbrook West,36,Newtonbrook West (36),D32,624979.507847743,4849562.53256623
4444,8000212,143507481,12/18/2014 5:00:00 AM,843,6030 BATHURST ST,,,Major Arterial,North York,43.788577,-79.446666,,No Control,Clear,Daylight,Dry,Fatal,Pedestrian Collisions,Driver,25 to 29,None,,South,"Automobile, Station Wagon",Going Ahead,Driving Properly,Normal,,,,,,,Yes,,Yes,,,,,Yes,,,,,,36,Newtonbrook West,36,Newtonbrook West (36),D32,624979.507847743,4849562.53256623
4445,8000304,143507481,12/18/2014 5:00:00 AM,843,6030 BATHURST ST,,,Major Arterial,North York,43.788577,-79.446666,,No Control,Clear,Daylight,Dry,Fatal,Pedestrian Collisions,Passenger,unknown,None,,,,,,,,,,,,,Yes,,Yes,,,,,Yes,,,,,,36,Newtonbrook West,36,Newtonbrook West (36),D32,624979.507847743,4849562.53256623
4446,80485918,4003516677,12/19/2014 5:00:00 AM,1740,FINCH AVE E,NEILSON RD,,Minor Arterial,Scarborough,43.816252,-79.227596,At Intersection,Traffic Signal,Clear,Dark,Dry,Fatal,Pedestrian Collisions,Driver,25 to 29,None,,North,Municipal Transit Bus (TTC),Turning Right,Failed to Yield Right of Way,Other,,,,,,,Yes,,,,,Yes,,,,Yes,,,,145,Malvern West,132,Malvern (132),D42,642539.986463674,4852990.3898056
4447,80485919,4003516677,12/19/2014 5:00:00 AM,1740,FINCH AVE E,NEILSON RD,,Minor Arterial,Scarborough,43.816252,-79.227596,At Intersection,Traffic Signal,Clear,Dark,Dry,Fatal,Pedestrian Collisions,Pedestrian,10 to 14,Fatal,48,West,,,,,Vehicle turns right while ped crosses with ROW at inter.,Other,Other,,,,Yes,,,,,Yes,,,,Yes,,,,145,Malvern West,132,Malvern (132),D42,642539.986463674,4852990.3898056
4448,80631938,4003518072,12/19/2014 5:00:00 AM,2228,KIPLING AVE,FINCH AVE W,,Major Arterial,Etobicoke York,43.743121,-79.582706,Non Intersection,No Control,Clear,Dark,Dry,Non-Fatal Injury,Pedestrian Collisions,Driver,45 to 49,None,,West,"Automobile, Station Wagon",Going Ahead,Driving Properly,Normal,,,,,,,Yes,,Yes,,,,,,,,,,,2,Mount Olive-Silverstone-Jamestown,2,Mount Olive-Silverstone-Jamestown (2),D23,614120.207164696,4844317.57385873
4449,80631939,4003518072,12/19/2014 5:00:00 AM,2228,KIPLING AVE,FINCH AVE W,,Major Arterial,Etobicoke York,43.743121,-79.582706,Non Intersection,No Control,Clear,Dark,Dry,Non-Fatal Injury,Pedestrian Collisions,Pedestrian,25 to 29,Major,,North,,,,,Pedestrian hit at mid-block,Running onto Roadway,Inattentive,,,,Yes,,Yes,,,,,,,,,,,2,Mount Olive-Silverstone-Jamestown,2,Mount Olive-Silverstone-Jamestown (2),D23,614120.207164696,4844317.57385873
4450,80631940,4003523985,12/20/2014 5:00:00 AM,2308,BRIMLEY RD,DORCOT AVE,,Major Arterial,Scarborough,43.758887,-79.257114,At Intersection,Traffic Signal,Clear,"Dark, artificial",Dry,Non-Fatal Injury,Pedestrian Collisions,Driver,25 to 29,Minimal,,North,"Automobile, Station Wagon",Going Ahead,Driving Properly,Inattentive,,,,,,,Yes,,Yes,,,,,Yes,,,,,,156,Bendale-Glen Andrew,127,Bendale (127),D43,640300.2227535,4846568.6597335
4451,80631941,4003523985,12/20/2014 5:00:00 AM,2308,BRIMLEY RD,DORCOT AVE,,Major Arterial,Scarborough,43.758887,-79.257114,At Intersection,Traffic Signal,Clear,"Dark, artificial",Dry,Non-Fatal Injury,Pedestrian Collisions,Passenger,20 to 24,None,,,,,,,,,,,,,Yes,,Yes,,,,,Yes,,,,,,156,Bendale-Glen Andrew,127,Bendale (127),D43,640300.2227535,4846568.6597335
4452,80631942,4003523985,12/20/2014 5:00:00 AM,2308,BRIMLEY RD,DORCOT AVE,,Major Arterial,Scarborough,43.758887,-79.257114,At Intersection,Traffic Signal,Clear,"Dark, artificial",Dry,Non-Fatal Injury,Pedestrian Collisions,Passenger,20 to 24,None,,,,,,,,,,,,,Yes,,Yes,,,,,Yes,,,,,,156,Bendale-Glen Andrew,127,Bendale (127),D43,640300.2227535,4846568.6597335
4453,80631943,4003523985,12/20/2014 5:00:00 AM,2308,BRIMLEY RD,DORCOT AVE,,Major Arterial,Scarborough,43.758887,-79.257114,At Intersection,Traffic Signal,Clear,"Dark, artificial",Dry,Non-Fatal Injury,Pedestrian Collisions,Pedestrian,20 to 24,Major,,West,,,,,Vehicle is going straight thru inter.while ped cross without ROW,Crossing without right of way,Had Been Drinking,,,,Yes,,Yes,,,,,Yes,,,,,,156,Bendale-Glen Andrew,127,Bendale (127),D43,640300.2227535,4846568.6597335
4454,80631946,4003527031,12/21/2014 5:00:00 AM,1437,BLOOR ST W,SHAW ST,18 m East of,Major Arterial,Toronto and East York,43.662436,-79.423229,Intersection Related,No Control,Clear,Daylight,Dry,Non-Fatal Injury,Pedestrian Collisions,Driver,45 to 49,Minimal,,West,"Automobile, Station Wagon",Making U Turn,Improper Turn,Inattentive,,,,,,,Yes,,Yes,,,,,Yes,,,,,,80,Palmerston-Little Italy,80,Palmerston-Little Italy (80),D14,627131.7974452,4835588.41625058
4455,80631947,4003527031,12/21/2014 5:00:00 AM,1437,BLOOR ST W,SHAW ST,18 m East of,Major Arterial,Toronto and East York,43.662436,-79.423229,Intersection Related,No Control,Clear,Daylight,Dry,Non-Fatal Injury,Pedestrian Collisions,Pedestrian,50 to 54,Major,,Unknown,,,,,Pedestrian hit on sidewalk or shoulder,On Sidewalk or Shoulder,Normal,,,,Yes,,Yes,,,,,Yes,,,,,,80,Palmerston-Little Italy,80,Palmerston-Little Italy (80),D14,627131.7974452,4835588.41625058
4456,80631948,4003527031,12/21/2014 5:00:00 AM,1437,BLOOR ST W,SHAW ST,18 m East of,Major Arterial,Toronto and East York,43.662436,-79.423229,Intersection Related,No Control,Clear,Daylight,Dry,Non-Fatal Injury,Pedestrian Collisions,Passenger,15 to 19,None,,,,,,,,,,,,,Yes,,Yes,,,,,Yes,,,,,,80,Palmerston-Little Italy,80,Palmerston-Little Italy (80),D14,627131.7974452,4835588.41625058
4457,80225641,4003538995,12/23/2014 5:00:00 AM,1638,MOUNT PLEASANT RD,MERTON ST,,Major Arterial,North York,43.698161,-79.38647,At Intersection,Traffic Signal,Rain,Dusk,Wet,Non-Fatal Injury,Pedestrian Collisions,Driver,80 to 84,None,,East,"Automobile, Station Wagon",Turning Left,Failed to Yield Right of Way,Inattentive,,,,,,,Yes,,Yes,,,,,,,Yes,,,,99,Mount Pleasant East,99,Mount Pleasant East (99),D53,630018.440205941,4839613.14854685
4458,80225642,4003538995,12/23/2014 5:00:00 AM,1638,MOUNT PLEASANT RD,MERTON ST,,Major Arterial,North York,43.698161,-79.38647,At Intersection,Traffic Signal,Rain,Dusk,Wet,Non-Fatal Injury,Pedestrian Collisions,Pedestrian,70 to 74,Major,,East,,,,,Vehicle turns left while ped crosses with ROW at inter.,Crossing with right of way,Normal,,,,Yes,,Yes,,,,,,,Yes,,,,99,Mount Pleasant East,99,Mount Pleasant East (99),D53,630018.440205941,4839613.14854685
4459,80225696,4003541767,12/24/2014 5:00:00 AM,635,FINCH AVE E,BRIDLETOWNE CRCL,,Major Arterial,Scarborough,43.797381,-79.312274,At Intersection,Traffic Signal,"Fog, Mist, Smoke, Dust","Dark, artificial",Wet,Non-Fatal Injury,Pedestrian Collisions,Driver,55 to 59,None,,East,"Automobile, Station Wagon",Turning Left,Failed to Yield Right of Way,Inattentive,,,,,,,Yes,,Yes,,,,,,,Yes,,,,148,East L'Amoreaux,117,L'Amoreaux (117),D42,635772.703547147,4850752.04990247
4460,80225697,4003541767,12/24/2014 5:00:00 AM,635,FINCH AVE E,BRIDLETOWNE CRCL,,Major Arterial,Scarborough,43.797381,-79.312274,At Intersection,Traffic Signal,"Fog, Mist, Smoke, Dust","Dark, artificial",Wet,Non-Fatal Injury,Pedestrian Collisions,Pedestrian,55 to 59,Major,,West,,,,,Vehicle turns left while ped crosses with ROW at inter.,Crossing with right of way,Inattentive,,,,Yes,,Yes,,,,,,,Yes,,,,148,East L'Amoreaux,117,L'Amoreaux (117),D42,635772.703547147,4850752.04990247
4461,80631951,4003544666,12/24/2014 5:00:00 AM,1800,ALTON TOWERS CRCL,INGLETON BLVD,,Collector,Scarborough,43.82297,-79.272441,At Intersection,Pedestrian Crossover,Rain,"Dark, artificial",Wet,Non-Fatal Injury,Pedestrian Collisions,Driver,unknown,None,,West,,Going Ahead,Failed to Yield Right of Way,Unknown,,,,,,,Yes,,,,,,,,,Yes,,,,130,Milliken,130,Milliken (130),D42,638917.847637207,4853660.24475852
4462,80631952,4003544666,12/24/2014 5:00:00 AM,1800,ALTON TOWERS CRCL,INGLETON BLVD,,Collector,Scarborough,43.82297,-79.272441,At Intersection,Pedestrian Crossover,Rain,"Dark, artificial",Wet,Non-Fatal Injury,Pedestrian Collisions,Pedestrian,65 to 69,Major,,North,,,,,Pedestrian hit a PXO/ped. Mid-block signal,"Crossing, Pedestrian Crossover",Normal,,,,Yes,,,,,,,,,Yes,,,,130,Milliken,130,Milliken (130),D42,638917.847637207,4853660.24475852
4463,80485972,4003563376,12/28/2014 5:00:00 AM,1809,SHEPPARD AVE E,BRIDLEWOOD BLVD,37 m West of,Major Arterial,Scarborough,43.777014,-79.315486,Non Intersection,No Control,Clear,"Dark, artificial",Dry,Fatal,Pedestrian Collisions,Truck Driver,20 to 24,None,,East,Truck (other),Going Ahead,Driving Properly,Normal,,,,,,,Yes,,,,Yes,,,Yes,,,,,,118,Tam O'Shanter-Sullivan,118,Tam O'Shanter-Sullivan (118),D42,635560.338762414,4848484.70959352
4464,80485973,4003563376,12/28/2014 5:00:00 AM,1809,SHEPPARD AVE E,BRIDLEWOOD BLVD,37 m West of,Major Arterial,Scarborough,43.777014,-79.315486,Non Intersection,No Control,Clear,"Dark, artificial",Dry,Fatal,Pedestrian Collisions,Passenger,20 to 24,None,,,,,,,,,,,,,Yes,,,,Yes,,,Yes,,,,,,118,Tam O'Shanter-Sullivan,118,Tam O'Shanter-Sullivan (118),D42,635560.338762414,4848484.70959352
4465,80485974,4003563376,12/28/2014 5:00:00 AM,1809,SHEPPARD AVE E,BRIDLEWOOD BLVD,37 m West of,Major Arterial,Scarborough,43.777014,-79.315486,Non Intersection,No Control,Clear,"Dark, artificial",Dry,Fatal,Pedestrian Collisions,Passenger,20 to 24,None,,,,,,,,,,,,,Yes,,,,Yes,,,Yes,,,,,,118,Tam O'Shanter-Sullivan,118,Tam O'Shanter-Sullivan (118),D42,635560.338762414,4848484.70959352
4466,80485975,4003563376,12/28/2014 5:00:00 AM,1809,SHEPPARD AVE E,BRIDLEWOOD BLVD,37 m West of,Major Arterial,Scarborough,43.777014,-79.315486,Non Intersection,No Control,Clear,"Dark, artificial",Dry,Fatal,Pedestrian Collisions,Passenger,25 to 29,None,,,,,,,,,,,,,Yes,,,,Yes,,,Yes,,,,,,118,Tam O'Shanter-Sullivan,118,Tam O'Shanter-Sullivan (118),D42,635560.338762414,4848484.70959352
4467,80485976,4003563376,12/28/2014 5:00:00 AM,1809,SHEPPARD AVE E,BRIDLEWOOD BLVD,37 m West of,Major Arterial,Scarborough,43.777014,-79.315486,Non Intersection,No Control,Clear,"Dark, artificial",Dry,Fatal,Pedestrian Collisions,Pedestrian,80 to 84,Fatal,49,South,,,,,Pedestrian hit at mid-block,"Crossing, no Traffic Control",Inattentive,,,,Yes,,,,Yes,,,Yes,,,,,,118,Tam O'Shanter-Sullivan,118,Tam O'Shanter-Sullivan (118),D42,635560.338762414,4848484.70959352
4468,80631959,4003564717,12/29/2014 5:00:00 AM,22,KINGSTON RD,LAWSON RD,,Minor Arterial,Scarborough,43.784529,-79.168742,At Intersection,Traffic Signal,Clear,"Dark, artificial",Dry,Non-Fatal Injury,Pedestrian Collisions,Driver,40 to 44,None,,North,"Automobile, Station Wagon",Turning Left,Failed to Yield Right of Way,Normal,,,,,,,Yes,,Yes,,,,,,,Yes,,,,133,Centennial Scarborough,133,Centennial Scarborough (133),D43,647351.161777322,4849570.1216232
4469,80631960,4003564717,12/29/2014 5:00:00 AM,22,KINGSTON RD,LAWSON RD,,Minor Arterial,Scarborough,43.784529,-79.168742,At Intersection,Traffic Signal,Clear,"Dark, artificial",Dry,Non-Fatal Injury,Pedestrian Collisions,Pedestrian,65 to 69,Major,,South,,,,,Vehicle turns left while ped crosses with ROW at inter.,Crossing with right of way,Had Been Drinking,,,,Yes,,Yes,,,,,,,Yes,,,,133,Centennial Scarborough,133,Centennial Scarborough (133),D43,647351.161777322,4849570.1216232
4470,80556228,,1/4/2015 5:00:00 AM,1904,BATHURST ST,COLLEGE ST,60 m North o,Major Arterial,Toronto and East York,43.657664,-79.408206,Non Intersection,Pedestrian Crossover,Snow,"Dark, artificial",Wet,Non-Fatal Injury,Pedestrian Collisions,Driver,70 to 74,None,,North,"Automobile, Station Wagon",Going Ahead,Failed to Yield Right of Way,Normal,,,,,,,Yes,,Yes,,,,,,,Yes,,,,79,University,79,University (79),D14,628353.2510433,4835081.55244173
4471,80556229,,1/4/2015 5:00:00 AM,1904,BATHURST ST,COLLEGE ST,60 m North o,Major Arterial,Toronto and East York,43.657664,-79.408206,Non Intersection,Pedestrian Crossover,Snow,"Dark, artificial",Wet,Non-Fatal Injury,Pedestrian Collisions,Pedestrian,25 to 29,Major,,West,,,,,Pedestrian hit a PXO/ped. Mid-block signal,"Crossing, Pedestrian Crossover",Normal,,,,Yes,,Yes,,,,,,,Yes,,,,79,University,79,University (79),D14,628353.2510433,4835081.55244173
4472,80556058,,1/18/2015 5:00:00 AM,1130,ALBERTUS AVE,YONGE ST,3 m  of,Major Arterial,North York,43.714556,-79.400028,Non Intersection,No Control,Clear,Daylight,Wet,Non-Fatal Injury,Pedestrian Collisions,Driver,30 to 34,None,,East,"Automobile, Station Wagon",Pulling Away from Shoulder or Curb,Driving Properly,Normal,,,,,,,Yes,,Yes,,,,,,,,,,,99,Mount Pleasant East,99,Mount Pleasant East (99),D53,628890.780793011,4841412.87226633
4473,80556059,,1/18/2015 5:00:00 AM,1130,ALBERTUS AVE,YONGE ST,3 m  of,Major Arterial,North York,43.714556,-79.400028,Non Intersection,No Control,Clear,Daylight,Wet,Non-Fatal Injury,Pedestrian Collisions,Pedestrian,30 to 34,Major,,Unknown,,,,,Vehicle is going straight thru inter.while ped cross without ROW,Other,Normal,,,,Yes,,Yes,,,,,,,,,,,99,Mount Pleasant East,99,Mount Pleasant East (99),D53,628890.780793011,4841412.87226633
4474,80229108,,1/25/2015 5:00:00 AM,756,COLLEGE ST,BROCK AVE,2 m West of,Minor Arterial,Toronto and East York,43.651801,-79.436343,At Intersection,Traffic Signal,Clear,Daylight,Dry,Fatal,Pedestrian Collisions,Driver,40 to 44,None,,North,Pick Up Truck,Turning Left,Failed to Yield Right of Way,Inattentive,,,,,,,Yes,,Yes,,,,,,,Yes,,,,84,Little Portugal,84,Little Portugal (84),D11,626096.691018405,4834387.24891493
4475,80229109,,1/25/2015 5:00:00 AM,756,COLLEGE ST,BROCK AVE,2 m West of,Minor Arterial,Toronto and East York,43.651801,-79.436343,At Intersection,Traffic Signal,Clear,Daylight,Dry,Fatal,Pedestrian Collisions,Pedestrian,55 to 59,Fatal,2,South,,,,,Vehicle turns left while ped crosses with ROW at inter.,Crossing with right of way,Medical or Physical Disability,,,,Yes,,Yes,,,,,,,Yes,,,,84,Little Portugal,84,Little Portugal (84),D11,626096.691018405,4834387.24891493
4476,80556249,,1/26/2015 5:00:00 AM,400,SOUTH STATION ST,LAWRENCE AVE W,,Local,Etobicoke York,43.700907,-79.515689,Non Intersection,No Control,Clear,Dark,Dry,Non-Fatal Injury,Pedestrian Collisions,Driver,unknown,None,,Unknown,"Automobile, Station Wagon",Going Ahead,Other,Unknown,,,,,,,Yes,,Yes,,,,,,,,,,,113,Weston,113,Weston (113),D12,619600.407846236,4839723.61124633
4477,80556250,,1/26/2015 5:00:00 AM,400,SOUTH STATION ST,LAWRENCE AVE W,,Local,Etobicoke York,43.700907,-79.515689,Non Intersection,No Control,Clear,Dark,Dry,Non-Fatal Injury,Pedestrian Collisions,Pedestrian,50 to 54,Major,,South,,,,,Pedestrian hit on sidewalk or shoulder,On Sidewalk or Shoulder,Normal,,,,Yes,,Yes,,,,,,,,,,,113,Weston,113,Weston (113),D12,619600.407846236,4839723.61124633
4478,8000333,,1/28/2015 5:00:00 AM,617,1792 BIRCHMOUNT RD,,,Major Arterial,Scarborough,43.765433,-79.291316,,No Control,Clear,Dark,Dry,Fatal,Pedestrian Collisions,Pedestrian,55 to 59,Fatal,3,West,,,,,Pedestrian hit at mid-block,"Crossing, no Traffic Control",Inattentive,,,,Yes,,Yes,,,,,,,,,,,126,Dorset Park,126,Dorset Park (126),D41,637531.970943118,4847238.31990695
4479,8000334,,1/28/2015 5:00:00 AM,617,1792 BIRCHMOUNT RD,,,Major Arterial,Scarborough,43.765433,-79.291316,,No Control,Clear,Dark,Dry,Fatal,Pedestrian Collisions,Driver,55 to 59,None,,North,"Automobile, Station Wagon",Going Ahead,Driving Properly,Normal,,,,,,,Yes,,Yes,,,,,,,,,,,126,Dorset Park,126,Dorset Park (126),D41,637531.970943118,4847238.31990695
4480,80229387,,1/28/2015 5:00:00 AM,1450,MIDLAND AVE,SILVER STAR BLVD,,Major Arterial,Scarborough,43.80704,-79.288791,At Intersection,Traffic Signal,Clear,Daylight,Dry,Non-Fatal Injury,Pedestrian Collisions,Driver,35 to 39,None,,West,"Automobile, Station Wagon",Turning Left,Failed to Yield Right of Way,Unknown,,,,,,,Yes,,Yes,,,,,,,Yes,,,,129,Agincourt North,129,Agincourt North (129),D42,637639.679606155,4851863.63080219
4481,80229388,,1/28/2015 5:00:00 AM,1450,MIDLAND AVE,SILVER STAR BLVD,,Major Arterial,Scarborough,43.80704,-79.288791,At Intersection,Traffic Signal,Clear,Daylight,Dry,Non-Fatal Injury,Pedestrian Collisions,Pedestrian,40 to 44,Major,,East,,,,,Vehicle turns left while ped crosses with ROW at inter.,Crossing with right of way,Unknown,,,,Yes,,Yes,,,,,,,Yes,,,,129,Agincourt North,129,Agincourt North (129),D42,637639.679606155,4851863.63080219
4482,80000064,,2/5/2015 5:00:00 AM,1701,750 DANFORTH RD,,,Major Arterial,Scarborough,43.720404,-79.257442,,No Control,Clear,"Daylight, artificial",Wet,Fatal,Pedestrian Collisions,Driver,40 to 44,None,,West,"Automobile, Station Wagon",Going Ahead,Driving Properly,Unknown,,,,,,,Yes,,Yes,,,,,,,Yes,,,,124,Kennedy Park,124,Kennedy Park (124),D41,640363.719610742,4842293.98821469
4483,80000091,,2/5/2015 5:00:00 AM,1701,750 DANFORTH RD,,,Major Arterial,Scarborough,43.720404,-79.257442,,No Control,Clear,"Daylight, artificial",Wet,Fatal,Pedestrian Collisions,Pedestrian,85 to 89,Fatal,4,North,,,,,Pedestrian hit at mid-block,"Crossing, no Traffic Control",Unknown,,,,Yes,,Yes,,,,,,,Yes,,,,124,Kennedy Park,124,Kennedy Park (124),D41,640363.719610742,4842293.98821469
4484,80230528,,2/9/2015 5:00:00 AM,617,JONES AVE,HAZELWOOD AVE,,Minor Arterial,Toronto and East York,43.679061,-79.339809,At Intersection,Pedestrian Crossover,Clear,"Dark, artificial",Wet,Non-Fatal Injury,Pedestrian Collisions,Driver,50 to 54,None,,North,"Automobile, Station Wagon",Going Ahead,Failed to Yield Right of Way,Normal,,,,,,,Yes,,Yes,,,,,Yes,,Yes,,,,69,Blake-Jones,69,Blake-Jones (69),D55,633820.898714006,4837566.05851802
4485,80230529,,2/9/2015 5:00:00 AM,617,JONES AVE,HAZELWOOD AVE,,Minor Arterial,Toronto and East York,43.679061,-79.339809,At Intersection,Pedestrian Crossover,Clear,"Dark, artificial",Wet,Non-Fatal Injury,Pedestrian Collisions,Passenger,55 to 59,None,,,,,,,,,,,,,Yes,,Yes,,,,,Yes,,Yes,,,,69,Blake-Jones,69,Blake-Jones (69),D55,633820.898714006,4837566.05851802
4486,80230530,,2/9/2015 5:00:00 AM,617,JONES AVE,HAZELWOOD AVE,,Minor Arterial,Toronto and East York,43.679061,-79.339809,At Intersection,Pedestrian Crossover,Clear,"Dark, artificial",Wet,Non-Fatal Injury,Pedestrian Collisions,Pedestrian,20 to 24,Major,,East,,,,,Pedestrian hit a PXO/ped. Mid-block signal,"Crossing, Pedestrian Crossover",Normal,,,,Yes,,Yes,,,,,Yes,,Yes,,,,69,Blake-Jones,69,Blake-Jones (69),D55,633820.898714006,4837566.05851802
4487,8000403,,2/16/2015 5:00:00 AM,644,KENNEDY RD,MCNICOLL AVE,,Major Arterial,Scarborough,43.812129,-79.301936,At Intersection,Traffic Signal,Clear,Dawn,Dry,Fatal,Pedestrian Collisions,Driver,35 to 39,None,,North,"Automobile, Station Wagon",Going Ahead,Disobeyed Traffic Control,Normal,,,,,,,Yes,,Yes,,,,,,,Yes,Yes,,,130,Milliken,130,Milliken (130),D42,636570.76166793,4852407.06467248
4488,80000072,,2/16/2015 5:00:00 AM,644,KENNEDY RD,MCNICOLL AVE,,Major Arterial,Scarborough,43.812129,-79.301936,At Intersection,Traffic Signal,Clear,Dawn,Dry,Fatal,Pedestrian Collisions,Pedestrian,65 to 69,Fatal,6,East,,,,,Vehicle is going straight thru inter.while ped cross with ROW,Crossing with right of way,Unknown,,,,Yes,,Yes,,,,,,,Yes,Yes,,,130,Milliken,130,Milliken (130),D42,636570.76166793,4852407.06467248
4489,80557289,,2/16/2015 5:00:00 AM,1410,2609 EGLINTON AVE W,,,Major Arterial,Etobicoke York,43.69015,-79.475055,Non Intersection,No Control,Clear,Daylight,Dry,Non-Fatal Injury,Pedestrian Collisions,Driver,50 to 54,None,,East,"Automobile, Station Wagon",Going Ahead,Driving Properly,Normal,,,,,,,Yes,,Yes,,,,,Yes,,,,,,110,Keelesdale-Eglinton West,110,Keelesdale-Eglinton West (110),D12,622896.547858369,4838588.31718603
4490,80557290,,2/16/2015 5:00:00 AM,1410,2609 EGLINTON AVE W,,,Major Arterial,Etobicoke York,43.69015,-79.475055,Non Intersection,No Control,Clear,Daylight,Dry,Non-Fatal Injury,Pedestrian Collisions,Passenger,50 to 54,None,,,,,,,,,,,,,Yes,,Yes,,,,,Yes,,,,,,110,Keelesdale-Eglinton West,110,Keelesdale-Eglinton West (110),D12,622896.547858369,4838588.31718603
4491,80557291,,2/16/2015 5:00:00 AM,1410,2609 EGLINTON AVE W,,,Major Arterial,Etobicoke York,43.69015,-79.475055,Non Intersection,No Control,Clear,Daylight,Dry,Non-Fatal Injury,Pedestrian Collisions,Passenger,25 to 29,None,,,,,,,,,,,,,Yes,,Yes,,,,,Yes,,,,,,110,Keelesdale-Eglinton West,110,Keelesdale-Eglinton West (110),D12,622896.547858369,4838588.31718603
4492,80557292,,2/16/2015 5:00:00 AM,1410,2609 EGLINTON AVE W,,,Major Arterial,Etobicoke York,43.69015,-79.475055,Non Intersection,No Control,Clear,Daylight,Dry,Non-Fatal Injury,Pedestrian Collisions,Passenger,20 to 24,None,,,,,,,,,,,,,Yes,,Yes,,,,,Yes,,,,,,110,Keelesdale-Eglinton West,110,Keelesdale-Eglinton West (110),D12,622896.547858369,4838588.31718603
4493,80557293,,2/16/2015 5:00:00 AM,1410,2609 EGLINTON AVE W,,,Major Arterial,Etobicoke York,43.69015,-79.475055,Non Intersection,No Control,Clear,Daylight,Dry,Non-Fatal Injury,Pedestrian Collisions,Passenger,25 to 29,None,,,,,,,,,,,,,Yes,,Yes,,,,,Yes,,,,,,110,Keelesdale-Eglinton West,110,Keelesdale-Eglinton West (110),D12,622896.547858369,4838588.31718603