OBJECTID,INDEX,ACCNUM,DATE,TIME,STREET1,STREET2,OFFSET,ROAD_CLASS,DISTRICT,LATITUDE,LONGITUDE,ACCLOC,TRAFFCTL,VISIBILITY,LIGHT,RDSFCOND,ACCLASS,IMPACTYPE,INVTYPE,INVAGE,INJURY,FATAL_NO,INITDIR,VEHTYPE,MANOEUVER,DRIVACT,DRIVCOND,PEDTYPE,PEDACT,PEDCOND,CYCLISTYPE,CYCACT,CYCCOND,PEDESTRIAN,CYCLIST,AUTOMOBILE,MOTORCYCLE,TRUCK,TRSN_CITY_VEH,EMERG_VEH,PASSENGER,SPEEDING,AG_DRIV,REDLIGHT,ALCOHOL,DISABILITY,HOOD_158,NEIGHBOURHOOD_158,HOOD_140,NEIGHBOURHOOD_140,DIVISION,x,y
4666,80250178,,9/11/2015 4:00:00 AM,2139,DUPONT ST,WALMER RD,24 m West of,Major Arterial,Toronto and East York,43.674601,-79.408252,Non Intersection,No Control,Rain,"Dark, artificial",Wet,Non-Fatal Injury,Pedestrian Collisions,Pedestrian,60 to 64,Major,,South,,,,,Pedestrian hit at mid-block,"Crossing, no Traffic Control",Unknown,,,,Yes,,Yes,,,,,Yes,,,,,,95,Annex,95,Annex (95),D14,628313.450238265,4836962.56088862
4667,80250267,,9/12/2015 4:00:00 AM,1930,BAY MILLS BLVD,SHEPPARD AVE E,,Major Arterial,Scarborough,43.779551,-79.304385,At Intersection,Traffic Signal,Rain,"Dawn, artificial",Wet,Non-Fatal Injury,Pedestrian Collisions,Driver,20 to 24,None,,South,"Automobile, Station Wagon",Turning Left,Failed to Yield Right of Way,Inattentive,,,,,,,Yes,,Yes,,,,,Yes,,Yes,,,,118,Tam O'Shanter-Sullivan,118,Tam O'Shanter-Sullivan (118),D42,636447.924084757,4848784.71970567
4668,80250268,,9/12/2015 4:00:00 AM,1930,BAY MILLS BLVD,SHEPPARD AVE E,,Major Arterial,Scarborough,43.779551,-79.304385,At Intersection,Traffic Signal,Rain,"Dawn, artificial",Wet,Non-Fatal Injury,Pedestrian Collisions,Passenger,25 to 29,None,,,,,,,,,,,,,Yes,,Yes,,,,,Yes,,Yes,,,,118,Tam O'Shanter-Sullivan,118,Tam O'Shanter-Sullivan (118),D42,636447.924084757,4848784.71970567
4669,80250269,,9/12/2015 4:00:00 AM,1930,BAY MILLS BLVD,SHEPPARD AVE E,,Major Arterial,Scarborough,43.779551,-79.304385,At Intersection,Traffic Signal,Rain,"Dawn, artificial",Wet,Non-Fatal Injury,Pedestrian Collisions,Passenger,20 to 24,None,,,,,,,,,,,,,Yes,,Yes,,,,,Yes,,Yes,,,,118,Tam O'Shanter-Sullivan,118,Tam O'Shanter-Sullivan (118),D42,636447.924084757,4848784.71970567
4670,80250270,,9/12/2015 4:00:00 AM,1930,BAY MILLS BLVD,SHEPPARD AVE E,,Major Arterial,Scarborough,43.779551,-79.304385,At Intersection,Traffic Signal,Rain,"Dawn, artificial",Wet,Non-Fatal Injury,Pedestrian Collisions,Pedestrian,15 to 19,Major,,Unknown,,,,,Vehicle turns left while ped crosses with ROW at inter.,Crossing with right of way,Normal,,,,Yes,,Yes,,,,,Yes,,Yes,,,,118,Tam O'Shanter-Sullivan,118,Tam O'Shanter-Sullivan (118),D42,636447.924084757,4848784.71970567
4671,80250653,,9/16/2015 4:00:00 AM,1940,KENNEDY RD,PERTHSHIRE ST,,Major Arterial,Scarborough,43.808901,-79.300456,Intersection Related,No Control,Clear,"Dark, artificial",Dry,Non-Fatal Injury,Pedestrian Collisions,Driver,20 to 24,None,,South,"Automobile, Station Wagon",Going Ahead,Driving Properly,Normal,,,,,,,Yes,,Yes,,,,,,,,,,,130,Milliken,130,Milliken (130),D42,636697.159665566,4852050.98706946
4672,80250654,,9/16/2015 4:00:00 AM,1940,KENNEDY RD,PERTHSHIRE ST,,Major Arterial,Scarborough,43.808901,-79.300456,Intersection Related,No Control,Clear,"Dark, artificial",Dry,Non-Fatal Injury,Pedestrian Collisions,Pedestrian,80 to 84,Major,,Unknown,,,,,Vehicle is going straight thru inter.while ped cross without ROW,"Crossing, no Traffic Control",Normal,,,,Yes,,Yes,,,,,,,,,,,130,Milliken,130,Milliken (130),D42,636697.159665566,4852050.98706946
4673,80250655,,9/16/2015 4:00:00 AM,1940,KENNEDY RD,PERTHSHIRE ST,,Major Arterial,Scarborough,43.808901,-79.300456,Intersection Related,No Control,Clear,"Dark, artificial",Dry,Non-Fatal Injury,Pedestrian Collisions,Pedestrian,70 to 74,Minimal,,Unknown,,,,,Vehicle is going straight thru inter.while ped cross without ROW,"Crossing, no Traffic Control",Normal,,,,Yes,,Yes,,,,,,,,,,,130,Milliken,130,Milliken (130),D42,636697.159665566,4852050.98706946
4674,80250754,,9/17/2015 4:00:00 AM,2210,NEILSON RD,FINCH AVE E,26 m South o,Minor Arterial,Scarborough,43.816256,-79.227596,Non Intersection,No Control,Clear,"Dark, artificial",Dry,Non-Fatal Injury,Pedestrian Collisions,Driver,unknown,None,,North,"Automobile, Station Wagon",Changing Lanes,Improper Lane Change,Unknown,,,,,,,Yes,,Yes,,,,,,,,,,,145,Malvern West,132,Malvern (132),D42,642539.976945663,4852990.83407148
4675,80250755,,9/17/2015 4:00:00 AM,2210,NEILSON RD,FINCH AVE E,26 m South o,Minor Arterial,Scarborough,43.816256,-79.227596,Non Intersection,No Control,Clear,"Dark, artificial",Dry,Non-Fatal Injury,Pedestrian Collisions,Pedestrian,40 to 44,Major,,East,,,,,Pedestrian hit at mid-block,"Crossing, no Traffic Control",Inattentive,,,,Yes,,Yes,,,,,,,,,,,145,Malvern West,132,Malvern (132),D42,642539.976945663,4852990.83407148
4676,80251172,,9/22/2015 4:00:00 AM,1751,QUEEN ST E,BERKELEY ST,2 m West of,Major Arterial,Toronto and East York,43.655329,-79.365749,Intersection Related,No Control,Clear,Daylight,Dry,Fatal,Pedestrian Collisions,Driver,30 to 34,None,,West,"Automobile, Station Wagon",Going Ahead,Driving Properly,Normal,,,,,,,Yes,,Yes,,,,,,,,,,,73,Moss Park,73,Moss Park (73),D51,631781.887106278,4834888.77378585
4677,80251173,,9/22/2015 4:00:00 AM,1751,QUEEN ST E,BERKELEY ST,2 m West of,Major Arterial,Toronto and East York,43.655329,-79.365749,Intersection Related,No Control,Clear,Daylight,Dry,Fatal,Pedestrian Collisions,Pedestrian,90 to 94,Fatal,52,South,,,,,Vehicle is going straight thru inter.while ped cross without ROW,Crossing without right of way,Normal,,,,Yes,,Yes,,,,,,,,,,,73,Moss Park,73,Moss Park (73),D51,631781.887106278,4834888.77378585
4678,80489686,,9/24/2015 4:00:00 AM,636,THE QUEENSWAY,GLENDALE AVE,57 m East of,Major Arterial,Toronto and East York,43.639189,-79.450557,At Intersection,No Control,Clear,"Dark, artificial",Dry,Fatal,Pedestrian Collisions,Driver,55 to 59,None,,East,"Automobile, Station Wagon",Going Ahead,Driving Properly,Normal,,,,,,,Yes,,Yes,,,,,,,,,,,87,High Park-Swansea,87,High Park-Swansea (87),D11,624976.583005254,4832965.02363357
4679,80489687,,9/24/2015 4:00:00 AM,636,THE QUEENSWAY,GLENDALE AVE,57 m East of,Major Arterial,Toronto and East York,43.639189,-79.450557,At Intersection,No Control,Clear,"Dark, artificial",Dry,Fatal,Pedestrian Collisions,Pedestrian,75 to 79,Fatal,51,North,,,,,Pedestrian hit at mid-block,"Crossing, no Traffic Control",Normal,,,,Yes,,Yes,,,,,,,,,,,87,High Park-Swansea,87,High Park-Swansea (87),D11,624976.583005254,4832965.02363357
4680,80631972,,9/25/2015 4:00:00 AM,1943,HUMBERSIDE AVE,KEELE ST,,Major Arterial,Toronto and East York,43.661589,-79.462917,At Intersection,Traffic Signal,Clear,"Dark, artificial",Dry,Non-Fatal Injury,Pedestrian Collisions,Driver,30 to 34,None,,East,"Automobile, Station Wagon",Turning Left,Failed to Yield Right of Way,Inattentive,,,,,,,Yes,,Yes,,,,,Yes,,Yes,,,,88,High Park North,88,High Park North (88),D11,623933.548566994,4835434.29656949
4681,80631973,,9/25/2015 4:00:00 AM,1943,HUMBERSIDE AVE,KEELE ST,,Major Arterial,Toronto and East York,43.661589,-79.462917,At Intersection,Traffic Signal,Clear,"Dark, artificial",Dry,Non-Fatal Injury,Pedestrian Collisions,Pedestrian,80 to 84,Major,,West,,,,,Vehicle turns left while ped crosses with ROW at inter.,Crossing with right of way,Normal,,,,Yes,,Yes,,,,,Yes,,Yes,,,,88,High Park North,88,High Park North (88),D11,623933.548566994,4835434.29656949
4682,80631974,,9/25/2015 4:00:00 AM,1943,HUMBERSIDE AVE,KEELE ST,,Major Arterial,Toronto and East York,43.661589,-79.462917,At Intersection,Traffic Signal,Clear,"Dark, artificial",Dry,Non-Fatal Injury,Pedestrian Collisions,Passenger,65 to 69,None,,,,,,,,,,,,,Yes,,Yes,,,,,Yes,,Yes,,,,88,High Park North,88,High Park North (88),D11,623933.548566994,4835434.29656949
4683,80251725,,9/28/2015 4:00:00 AM,1755,OSSINGTON AVE,DEWSON ST,42 m South o,Minor Arterial,Toronto and East York,43.656546,-79.423526,Non Intersection,No Control,Clear,Daylight,Dry,Non-Fatal Injury,Pedestrian Collisions,Driver,40 to 44,None,,South,"Automobile, Station Wagon",Going Ahead,Driving Properly,Normal,,,,,,,Yes,,Yes,,,,,,,,,,,80,Palmerston-Little Italy,80,Palmerston-Little Italy (80),D14,627120.279872154,4834933.79912115
4684,80251726,,9/28/2015 4:00:00 AM,1755,OSSINGTON AVE,DEWSON ST,42 m South o,Minor Arterial,Toronto and East York,43.656546,-79.423526,Non Intersection,No Control,Clear,Daylight,Dry,Non-Fatal Injury,Pedestrian Collisions,Pedestrian,5 to 9,Major,,East,,,,,Pedestrian hit at mid-block,Running onto Roadway,Inattentive,,,,Yes,,Yes,,,,,,,,,,,80,Palmerston-Little Italy,80,Palmerston-Little Italy (80),D14,627120.279872154,4834933.79912115
4685,80252015,,10/1/2015 4:00:00 AM,1702,DURIE ST,COLBECK ST,2 m North of,Collector,Toronto and East York,43.654135,-79.480563,At Intersection,Stop Sign,Clear,Daylight,Dry,Non-Fatal Injury,Pedestrian Collisions,Driver,25 to 29,None,,West,Pick Up Truck,Turning Left,Failed to Yield Right of Way,Normal,,,,,,,Yes,,Yes,,,,,,,Yes,,,,89,Runnymede-Bloor West Village,89,Runnymede-Bloor West Village (89),D11,622525.915219852,4834580.22591752
4686,80252016,,10/1/2015 4:00:00 AM,1702,DURIE ST,COLBECK ST,2 m North of,Collector,Toronto and East York,43.654135,-79.480563,At Intersection,Stop Sign,Clear,Daylight,Dry,Non-Fatal Injury,Pedestrian Collisions,Pedestrian,75 to 79,Major,,North,,,,,Vehicle turns left while ped crosses with ROW at inter.,Crossing with right of way,Normal,,,,Yes,,Yes,,,,,,,Yes,,,,89,Runnymede-Bloor West Village,89,Runnymede-Bloor West Village (89),D11,622525.915219852,4834580.22591752
4687,80252335,,10/6/2015 4:00:00 AM,753,DAVISVILLE AVE,MOUNT PLEASANT RD,64 m West of,Minor Arterial,Toronto and East York,43.700125,-79.387805,Intersection Related,No Control,Clear,Daylight,Dry,Non-Fatal Injury,Pedestrian Collisions,Driver,25 to 29,None,,East,"Automobile, Station Wagon",Overtaking,Improper Passing,Normal,,,,,,,Yes,,Yes,,,,,,,Yes,,,,174,South Eglinton-Davisville,104,Mount Pleasant West (104),D53,629906.623139173,4839829.18556373
4688,80252336,,10/6/2015 4:00:00 AM,753,DAVISVILLE AVE,MOUNT PLEASANT RD,64 m West of,Minor Arterial,Toronto and East York,43.700125,-79.387805,Intersection Related,No Control,Clear,Daylight,Dry,Non-Fatal Injury,Pedestrian Collisions,Pedestrian,45 to 49,Major,,North,,,,,Pedestrian hit at mid-block,Running onto Roadway,Normal,,,,Yes,,Yes,,,,,,,Yes,,,,174,South Eglinton-Davisville,104,Mount Pleasant West (104),D53,629906.623139173,4839829.18556373
4689,80252342,,10/6/2015 4:00:00 AM,810,COXWELL AVE,EARL HAIG AVE,,Minor Arterial,Toronto and East York,43.681132,-79.322696,Intersection Related,Pedestrian Crossover,Clear,Daylight,Dry,Non-Fatal Injury,Pedestrian Collisions,Driver,35 to 39,None,,South,"Automobile, Station Wagon",Going Ahead,Failed to Yield Right of Way,Inattentive,,,,,,,Yes,,Yes,,,,,,,Yes,,,,64,Woodbine Corridor,64,Woodbine Corridor (64),D55,635195.668353448,4837823.82567773
4690,80252343,,10/6/2015 4:00:00 AM,810,COXWELL AVE,EARL HAIG AVE,,Minor Arterial,Toronto and East York,43.681132,-79.322696,Intersection Related,Pedestrian Crossover,Clear,Daylight,Dry,Non-Fatal Injury,Pedestrian Collisions,Pedestrian,10 to 14,Major,,East,,,,,Pedestrian hit a PXO/ped. Mid-block signal,"Crossing, Pedestrian Crossover",Normal,,,,Yes,,Yes,,,,,,,Yes,,,,64,Woodbine Corridor,64,Woodbine Corridor (64),D55,635195.668353448,4837823.82567773
4691,80252558,,10/8/2015 4:00:00 AM,2227,EGLINTON AVE W,MENIN RD,16 m West of,Major Arterial,North York,43.699633,-79.43188,Intersection Related,No Control,Rain,"Dark, artificial",Wet,Non-Fatal Injury,Pedestrian Collisions,Driver,35 to 39,None,,West,Municipal Transit Bus (TTC),Going Ahead,Speed too Fast For Condition,Normal,,,,,,,Yes,,,,,Yes,,,Yes,Yes,,,,106,Humewood-Cedarvale,106,Humewood-Cedarvale (106),D13,626356.169878916,4839706.42687475
4692,80252559,,10/8/2015 4:00:00 AM,2227,EGLINTON AVE W,MENIN RD,16 m West of,Major Arterial,North York,43.699633,-79.43188,Intersection Related,No Control,Rain,"Dark, artificial",Wet,Non-Fatal Injury,Pedestrian Collisions,Pedestrian,85 to 89,Major,,Unknown,,,,,Pedestrian involved in a collision with transit vehicle anywhere along roadway,"Crossing, no Traffic Control",Normal,,,,Yes,,,,,Yes,,,Yes,Yes,,,,106,Humewood-Cedarvale,106,Humewood-Cedarvale (106),D13,626356.169878916,4839706.42687475
4693,80252568,,10/9/2015 4:00:00 AM,15,1244 LAWRENCE,,,Major Arterial,North York,43.741103,-79.319248,At/Near Private Drive,No Control,Rain,"Dark, artificial",Wet,Non-Fatal Injury,Pedestrian Collisions,Driver,20 to 24,Minimal,,West,"Automobile, Station Wagon",Going Ahead,Exceeding Speed Limit,Inattentive,,,,,,,Yes,,Yes,,,,,Yes,Yes,Yes,,,,43,Victoria Village,43,Victoria Village (43),D33,635338.534476094,4844490.09336798
4694,80252569,,10/9/2015 4:00:00 AM,15,1244 LAWRENCE,,,Major Arterial,North York,43.741103,-79.319248,At/Near Private Drive,No Control,Rain,"Dark, artificial",Wet,Non-Fatal Injury,Pedestrian Collisions,Driver,40 to 44,None,,South,"Automobile, Station Wagon",Turning Right,Failed to Yield Right of Way,Inattentive,,,,,,,Yes,,Yes,,,,,Yes,Yes,Yes,,,,43,Victoria Village,43,Victoria Village (43),D33,635338.534476094,4844490.09336798
4695,80252570,,10/9/2015 4:00:00 AM,15,1244 LAWRENCE,,,Major Arterial,North York,43.741103,-79.319248,At/Near Private Drive,No Control,Rain,"Dark, artificial",Wet,Non-Fatal Injury,Pedestrian Collisions,Driver,15 to 19,None,,West,"Automobile, Station Wagon",Going Ahead,Exceeding Speed Limit,Inattentive,,,,,,,Yes,,Yes,,,,,Yes,Yes,Yes,,,,43,Victoria Village,43,Victoria Village (43),D33,635338.534476094,4844490.09336798
4696,80252571,,10/9/2015 4:00:00 AM,15,1244 LAWRENCE,,,Major Arterial,North York,43.741103,-79.319248,At/Near Private Drive,No Control,Rain,"Dark, artificial",Wet,Non-Fatal Injury,Pedestrian Collisions,Passenger,20 to 24,Minimal,,,,,,,,,,,,,Yes,,Yes,,,,,Yes,Yes,Yes,,,,43,Victoria Village,43,Victoria Village (43),D33,635338.534476094,4844490.09336798
4697,80252572,,10/9/2015 4:00:00 AM,15,1244 LAWRENCE,,,Major Arterial,North York,43.741103,-79.319248,At/Near Private Drive,No Control,Rain,"Dark, artificial",Wet,Non-Fatal Injury,Pedestrian Collisions,Passenger,15 to 19,Minor,,,,,,,,,,,,,Yes,,Yes,,,,,Yes,Yes,Yes,,,,43,Victoria Village,43,Victoria Village (43),D33,635338.534476094,4844490.09336798
4698,80252573,,10/9/2015 4:00:00 AM,15,1244 LAWRENCE,,,Major Arterial,North York,43.741103,-79.319248,At/Near Private Drive,No Control,Rain,"Dark, artificial",Wet,Non-Fatal Injury,Pedestrian Collisions,Passenger,15 to 19,Minimal,,,,,,,,,,,,,Yes,,Yes,,,,,Yes,Yes,Yes,,,,43,Victoria Village,43,Victoria Village (43),D33,635338.534476094,4844490.09336798
4699,80252574,,10/9/2015 4:00:00 AM,15,1244 LAWRENCE,,,Major Arterial,North York,43.741103,-79.319248,At/Near Private Drive,No Control,Rain,"Dark, artificial",Wet,Non-Fatal Injury,Pedestrian Collisions,Pedestrian,50 to 54,Major,,Unknown,,,,,Pedestrian hit on sidewalk or shoulder,On Sidewalk or Shoulder,Unknown,,,,Yes,,Yes,,,,,Yes,Yes,Yes,,,,43,Victoria Village,43,Victoria Village (43),D33,635338.534476094,4844490.09336798
4700,80197054,,10/10/2015 4:00:00 AM,1919,ISLINGTON AVE,DEERFOOT RD,,Major Arterial,Etobicoke York,43.685214,-79.541393,,No Control,Clear,Dark,Dry,Fatal,Pedestrian Collisions,Driver,20 to 24,None,,North,"Automobile, Station Wagon",Going Ahead,Exceeding Speed Limit,Inattentive,,,,,,,Yes,,Yes,,,,,,Yes,Yes,,,,7,Willowridge-Martingrove-Richview,7,Willowridge-Martingrove-Richview (7),D23,617559.914028344,4837943.93454972
4701,80197061,,10/10/2015 4:00:00 AM,1919,ISLINGTON AVE,DEERFOOT RD,,Major Arterial,Etobicoke York,43.685214,-79.541393,,No Control,Clear,Dark,Dry,Fatal,Pedestrian Collisions,Driver,55 to 59,None,,South,"Automobile, Station Wagon",Going Ahead,Driving Properly,Normal,,,,,,,Yes,,Yes,,,,,,Yes,Yes,,,,7,Willowridge-Martingrove-Richview,7,Willowridge-Martingrove-Richview (7),D23,617559.914028344,4837943.93454972
4702,80197062,,10/10/2015 4:00:00 AM,1919,ISLINGTON AVE,DEERFOOT RD,,Major Arterial,Etobicoke York,43.685214,-79.541393,,No Control,Clear,Dark,Dry,Fatal,Pedestrian Collisions,Pedestrian,20 to 24,Fatal,50,Unknown,,,,,Vehicle is going straight thru inter.while ped cross without ROW,"Crossing, no Traffic Control",Inattentive,,,,Yes,,Yes,,,,,,Yes,Yes,,,,7,Willowridge-Martingrove-Richview,7,Willowridge-Martingrove-Richview (7),D23,617559.914028344,4837943.93454972
4703,80631981,,10/16/2015 4:00:00 AM,1627,KING ST W,ED MIRVISH WAY,35 m East of,Major Arterial,Toronto and East York,43.647013,-79.387485,Non Intersection,No Control,Clear,Daylight,Dry,Non-Fatal Injury,Pedestrian Collisions,Driver,20 to 24,None,,West,"Automobile, Station Wagon",Going Ahead,Driving Properly,Normal,,,,,,,Yes,,Yes,,,,,,,,,,,164,Wellington Place,77,Waterfront Communities-The Island (77),D52,630047.079389276,4833930.88151206
4704,80631982,,10/16/2015 4:00:00 AM,1627,KING ST W,ED MIRVISH WAY,35 m East of,Major Arterial,Toronto and East York,43.647013,-79.387485,Non Intersection,No Control,Clear,Daylight,Dry,Non-Fatal Injury,Pedestrian Collisions,Pedestrian,65 to 69,Major,,North,,,,,Pedestrian hit at mid-block,"Crossing, no Traffic Control",Inattentive,,,,Yes,,Yes,,,,,,,,,,,164,Wellington Place,77,Waterfront Communities-The Island (77),D52,630047.079389276,4833930.88151206
4705,80253523,,10/19/2015 4:00:00 AM,845,PELICAN GT,FINCH AVE W,5 m South of,Major Arterial,Etobicoke York,43.756339,-79.522502,At Intersection,No Control,Clear,Daylight,Dry,Non-Fatal Injury,Pedestrian Collisions,Driver,unknown,None,,East,"Automobile, Station Wagon",Turning Right,Failed to Yield Right of Way,Unknown,,,,,,,Yes,,Yes,,,,,,,Yes,,,,25,Glenfield-Jane Heights,25,Glenfield-Jane Heights (25),D31,618941.671068343,4845870.31568047
4706,80253524,,10/19/2015 4:00:00 AM,845,PELICAN GT,FINCH AVE W,5 m South of,Major Arterial,Etobicoke York,43.756339,-79.522502,At Intersection,No Control,Clear,Daylight,Dry,Non-Fatal Injury,Pedestrian Collisions,Pedestrian,65 to 69,Major,,West,,,,,Vehicle turns right while ped crosses with ROW at inter.,Crossing with right of way,Normal,,,,Yes,,Yes,,,,,,,Yes,,,,25,Glenfield-Jane Heights,25,Glenfield-Jane Heights (25),D31,618941.671068343,4845870.31568047
4707,80253634,,10/20/2015 4:00:00 AM,923,1245 DUPONT ST,,25 m West of,Major Arterial,Toronto and East York,43.668135,-79.441852,Non Intersection,No Control,Clear,Daylight,Dry,Non-Fatal Injury,Pedestrian Collisions,Driver,20 to 24,None,,East,"Automobile, Station Wagon",Changing Lanes,Improper Lane Change,Unknown,,,,,,,Yes,,Yes,,,,,Yes,,,,,,171,Junction-Wallace Emerson,93,Dovercourt-Wallace Emerson-Junction (93),D11,625618.361400946,4836192.99766876
4708,80253635,,10/20/2015 4:00:00 AM,923,1245 DUPONT ST,,25 m West of,Major Arterial,Toronto and East York,43.668135,-79.441852,Non Intersection,No Control,Clear,Daylight,Dry,Non-Fatal Injury,Pedestrian Collisions,Driver,55 to 59,None,,East,"Automobile, Station Wagon",Going Ahead,Driving Properly,Normal,,,,,,,Yes,,Yes,,,,,Yes,,,,,,171,Junction-Wallace Emerson,93,Dovercourt-Wallace Emerson-Junction (93),D11,625618.361400946,4836192.99766876
4709,80253636,,10/20/2015 4:00:00 AM,923,1245 DUPONT ST,,25 m West of,Major Arterial,Toronto and East York,43.668135,-79.441852,Non Intersection,No Control,Clear,Daylight,Dry,Non-Fatal Injury,Pedestrian Collisions,Passenger,55 to 59,None,,,,,,,,,,,,,Yes,,Yes,,,,,Yes,,,,,,171,Junction-Wallace Emerson,93,Dovercourt-Wallace Emerson-Junction (93),D11,625618.361400946,4836192.99766876
4710,80253637,,10/20/2015 4:00:00 AM,923,1245 DUPONT ST,,25 m West of,Major Arterial,Toronto and East York,43.668135,-79.441852,Non Intersection,No Control,Clear,Daylight,Dry,Non-Fatal Injury,Pedestrian Collisions,Pedestrian,40 to 44,Major,,Unknown,,,,,Pedestrian hit at mid-block,Other,Normal,,,,Yes,,Yes,,,,,Yes,,,,,,171,Junction-Wallace Emerson,93,Dovercourt-Wallace Emerson-Junction (93),D11,625618.361400946,4836192.99766876
4711,80253825,,10/22/2015 4:00:00 AM,945,VAN HORNE AVE,TAVERLY RD,14 m East of,Collector,North York,43.788794,-79.331577,Intersection Related,Stop Sign,Clear,Daylight,Dry,Non-Fatal Injury,Pedestrian Collisions,Driver,50 to 54,None,,South,"Automobile, Station Wagon",Turning Left,Driving Properly,Normal,,,,,,,Yes,,Yes,,,,,,,,,,,46,Pleasant View,46,Pleasant View (46),D33,634239.042084504,4849766.84112586
4712,80253826,,10/22/2015 4:00:00 AM,945,VAN HORNE AVE,TAVERLY RD,14 m East of,Collector,North York,43.788794,-79.331577,Intersection Related,Stop Sign,Clear,Daylight,Dry,Non-Fatal Injury,Pedestrian Collisions,Pedestrian,85 to 89,Major,,North,,,,,Pedestrian hit at mid-block,"Crossing, no Traffic Control",Inattentive,,,,Yes,,Yes,,,,,,,,,,,46,Pleasant View,46,Pleasant View (46),D33,634239.042084504,4849766.84112586
4713,80491047,,10/23/2015 4:00:00 AM,1437,KEELE ST,DONALD AVE,,Major Arterial,Etobicoke York,43.684897,-79.472804,Intersection Related,Traffic Signal,Clear,Daylight,Dry,Fatal,Pedestrian Collisions,Driver,40 to 44,None,,West,"Automobile, Station Wagon",Turning Left,Improper Turn,Inattentive,,,,,,,Yes,,Yes,,,,,,,,,,,110,Keelesdale-Eglinton West,110,Keelesdale-Eglinton West (110),D12,623088.703179832,4838008.23879526
4714,80491048,,10/23/2015 4:00:00 AM,1437,KEELE ST,DONALD AVE,,Major Arterial,Etobicoke York,43.684897,-79.472804,Intersection Related,Traffic Signal,Clear,Daylight,Dry,Fatal,Pedestrian Collisions,Pedestrian,75 to 79,Fatal,53,East,,,,,Vehicle turns left while ped crosses with ROW at inter.,Crossing with right of way,Normal,,,,Yes,,Yes,,,,,,,,,,,110,Keelesdale-Eglinton West,110,Keelesdale-Eglinton West (110),D12,623088.703179832,4838008.23879526
4715,80631983,,10/23/2015 4:00:00 AM,1841,DUNDAS ST W,WATSON AVE,33 m East of,Major Arterial,Toronto and East York,43.665644,-79.491969,Non Intersection,No Control,Clear,"Dark, artificial",Dry,Non-Fatal Injury,Pedestrian Collisions,Driver,65 to 69,None,,West,"Automobile, Station Wagon",Going Ahead,Driving Properly,Normal,,,,,,,Yes,,Yes,,,,,Yes,,,,,,89,Runnymede-Bloor West Village,89,Runnymede-Bloor West Village (89),D11,621582.906748268,4835841.67164375
4716,80631984,,10/23/2015 4:00:00 AM,1841,DUNDAS ST W,WATSON AVE,33 m East of,Major Arterial,Toronto and East York,43.665644,-79.491969,Non Intersection,No Control,Clear,"Dark, artificial",Dry,Non-Fatal Injury,Pedestrian Collisions,Pedestrian,50 to 54,Major,,North,,,,,Pedestrian hit at mid-block,Crossing without right of way,Had Been Drinking,,,,Yes,,Yes,,,,,Yes,,,,,,89,Runnymede-Bloor West Village,89,Runnymede-Bloor West Village (89),D11,621582.906748268,4835841.67164375
4717,80631985,,10/23/2015 4:00:00 AM,1841,DUNDAS ST W,WATSON AVE,33 m East of,Major Arterial,Toronto and East York,43.665644,-79.491969,Non Intersection,No Control,Clear,"Dark, artificial",Dry,Non-Fatal Injury,Pedestrian Collisions,Passenger,55 to 59,None,,,,,,,,,,,,,Yes,,Yes,,,,,Yes,,,,,,89,Runnymede-Bloor West Village,89,Runnymede-Bloor West Village (89),D11,621582.906748268,4835841.67164375
4718,80631986,,10/23/2015 4:00:00 AM,1841,DUNDAS ST W,WATSON AVE,33 m East of,Major Arterial,Toronto and East York,43.665644,-79.491969,Non Intersection,No Control,Clear,"Dark, artificial",Dry,Non-Fatal Injury,Pedestrian Collisions,Passenger,25 to 29,None,,,,,,,,,,,,,Yes,,Yes,,,,,Yes,,,,,,89,Runnymede-Bloor West Village,89,Runnymede-Bloor West Village (89),D11,621582.906748268,4835841.67164375
4719,80253969,,10/23/2015 4:00:00 AM,1909,MORNINGSIDE AVE,SEWELLS RD,,Minor Arterial,Scarborough,43.81626,-79.211139,At Intersection,Traffic Signal,Clear,"Dark, artificial",Dry,Non-Fatal Injury,Pedestrian Collisions,Driver,60 to 64,None,,South,"Automobile, Station Wagon",Going Ahead,Driving Properly,Normal,,,,,,,Yes,,Yes,,,,,,,,,,,146,Malvern East,132,Malvern (132),D42,643863.484962615,4853019.7652827
4720,80253970,,10/23/2015 4:00:00 AM,1909,MORNINGSIDE AVE,SEWELLS RD,,Minor Arterial,Scarborough,43.81626,-79.211139,At Intersection,Traffic Signal,Clear,"Dark, artificial",Dry,Non-Fatal Injury,Pedestrian Collisions,Pedestrian,30 to 34,Major,,West,,,,,Vehicle is going straight thru inter.while ped cross without ROW,Running onto Roadway,Inattentive,,,,Yes,,Yes,,,,,,,,,,,146,Malvern East,132,Malvern (132),D42,643863.484962615,4853019.7652827