OBJECTID,INDEX,ACCNUM,DATE,TIME,STREET1,STREET2,OFFSET,ROAD_CLASS,DISTRICT,LATITUDE,LONGITUDE,ACCLOC,TRAFFCTL,VISIBILITY,LIGHT,RDSFCOND,ACCLASS,IMPACTYPE,INVTYPE,INVAGE,INJURY,FATAL_NO,INITDIR,VEHTYPE,MANOEUVER,DRIVACT,DRIVCOND,PEDTYPE,PEDACT,PEDCOND,CYCLISTYPE,CYCACT,CYCCOND,PEDESTRIAN,CYCLIST,AUTOMOBILE,MOTORCYCLE,TRUCK,TRSN_CITY_VEH,EMERG_VEH,PASSENGER,SPEEDING,AG_DRIV,REDLIGHT,ALCOHOL,DISABILITY,HOOD_158,NEIGHBOURHOOD_158,HOOD_140,NEIGHBOURHOOD_140,DIVISION,x,y
5452,80875874,,8/6/2017 4:00:00 AM,1125,KEELE ST,ANNETTE ST,7 m South of,Major Arterial,Toronto and East York,43.663581,-79.463763,Intersection Related,Traffic Signal,Clear,Daylight,Dry,Non-Fatal Injury,Pedestrian Collisions,Passenger,50 to 54,None,,,,,,,,,,,,,Yes,,Yes,,,,,Yes,,Yes,Yes,,,90,Junction Area,90,Junction Area (90),D11,623861.239328328,4835654.2709598
5453,80875875,,8/6/2017 4:00:00 AM,1125,KEELE ST,ANNETTE ST,7 m South of,Major Arterial,Toronto and East York,43.663581,-79.463763,Intersection Related,Traffic Signal,Clear,Daylight,Dry,Non-Fatal Injury,Pedestrian Collisions,Passenger,5 to 9,None,,,,,,,,,,,,,Yes,,Yes,,,,,Yes,,Yes,Yes,,,90,Junction Area,90,Junction Area (90),D11,623861.239328328,4835654.2709598
5454,80875876,,8/6/2017 4:00:00 AM,1125,KEELE ST,ANNETTE ST,7 m South of,Major Arterial,Toronto and East York,43.663581,-79.463763,Intersection Related,Traffic Signal,Clear,Daylight,Dry,Non-Fatal Injury,Pedestrian Collisions,Passenger,10 to 14,None,,,,,,,,,,,,,Yes,,Yes,,,,,Yes,,Yes,Yes,,,90,Junction Area,90,Junction Area (90),D11,623861.239328328,4835654.2709598
5455,80875877,,8/6/2017 4:00:00 AM,1125,KEELE ST,ANNETTE ST,7 m South of,Major Arterial,Toronto and East York,43.663581,-79.463763,Intersection Related,Traffic Signal,Clear,Daylight,Dry,Non-Fatal Injury,Pedestrian Collisions,Pedestrian,60 to 64,Major,,Unknown,,,,,Vehicle is going straight thru inter.while ped cross with ROW,Walking on Roadway Against Traffic,Normal,,,,Yes,,Yes,,,,,Yes,,Yes,Yes,,,90,Junction Area,90,Junction Area (90),D11,623861.239328328,4835654.2709598
5456,80780345,,8/8/2017 4:00:00 AM,801,MILLIKEN BLVD,FINCH  AVE E,,Major Arterial,Scarborough,43.801741,-79.294254,At Intersection,Traffic Signal,Clear,Daylight,Dry,Non-Fatal Injury,Pedestrian Collisions,Driver,50 to 54,None,,South,Pick Up Truck,Turning Left,Failed to Yield Right of Way,Normal,,,,,,,Yes,,Yes,,,,,,,Yes,,,,148,East L'Amoreaux,117,L'Amoreaux (117),D42,637212.394901349,4851266.01872854
5457,80780346,,8/8/2017 4:00:00 AM,801,MILLIKEN BLVD,FINCH  AVE E,,Major Arterial,Scarborough,43.801741,-79.294254,At Intersection,Traffic Signal,Clear,Daylight,Dry,Non-Fatal Injury,Pedestrian Collisions,Pedestrian,75 to 79,Major,,North,,,,,Vehicle turns left while ped crosses with ROW at inter.,Crossing with right of way,Normal,,,,Yes,,Yes,,,,,,,Yes,,,,148,East L'Amoreaux,117,L'Amoreaux (117),D42,637212.394901349,4851266.01872854
5458,80757205,,8/15/2017 4:00:00 AM,407,DUNDAS ST E,SHERBOURNE ST,38 m East of,Major Arterial,Toronto and East York,43.658351,-79.370532,Non Intersection,No Control,Rain,"Dark, artificial",Wet,Fatal,Pedestrian Collisions,Pedestrian,45 to 49,Fatal,35,Unknown,,,,,Pedestrian hit at mid-block,Other,Medical or Physical Disability,,,,Yes,,Yes,,,,,,,,,,,73,Moss Park,73,Moss Park (73),D51,631389.602621415,4835216.82172219
5459,80780913,,8/15/2017 4:00:00 AM,407,DUNDAS ST E,SHERBOURNE ST,38 m East of,Major Arterial,Toronto and East York,43.658351,-79.370532,Non Intersection,No Control,Rain,"Dark, artificial",Wet,Fatal,Pedestrian Collisions,Driver,unknown,None,,East,"Automobile, Station Wagon",Going Ahead,Other,Unknown,,,,,,,Yes,,Yes,,,,,,,,,,,73,Moss Park,73,Moss Park (73),D51,631389.602621415,4835216.82172219
5460,80780958,,8/17/2017 4:00:00 AM,2215,DUFFERIN ST,CARTWRIGHT  AVE,,Major Arterial,North York,43.723784,-79.456859,At Intersection,No Control,Rain,"Dark, artificial",Wet,Non-Fatal Injury,Pedestrian Collisions,Driver,40 to 44,None,,South,"Automobile, Station Wagon",Going Ahead,Driving Properly,Normal,,,,,,,Yes,,Yes,,,,,,,,,,,31,Yorkdale-Glen Park,31,Yorkdale-Glen Park (31),D32,624293.456970746,4842350.96940089
5461,80780959,,8/17/2017 4:00:00 AM,2215,DUFFERIN ST,CARTWRIGHT  AVE,,Major Arterial,North York,43.723784,-79.456859,At Intersection,No Control,Rain,"Dark, artificial",Wet,Non-Fatal Injury,Pedestrian Collisions,Pedestrian,15 to 19,Major,,West,,,,,Vehicle is going straight thru inter.while ped cross without ROW,"Crossing, no Traffic Control",Inattentive,,,,Yes,,Yes,,,,,,,,,,,31,Yorkdale-Glen Park,31,Yorkdale-Glen Park (31),D32,624293.456970746,4842350.96940089
5462,80781061,,8/18/2017 4:00:00 AM,1622,MIDLAND AVE,EGLINTON AVE E,25 m South o,Major Arterial,Scarborough,43.734458,-79.258067,Intersection Related,No Control,Clear,Daylight,Dry,Non-Fatal Injury,Pedestrian Collisions,Driver,65 to 69,None,,South,"Automobile, Station Wagon",Going Ahead,Driving Properly,Normal,,,,,,,Yes,,Yes,,,,,,,,,,,124,Kennedy Park,124,Kennedy Park (124),D41,640280.562389039,4843853.83483432
5463,80781062,,8/18/2017 4:00:00 AM,1622,MIDLAND AVE,EGLINTON AVE E,25 m South o,Major Arterial,Scarborough,43.734458,-79.258067,Intersection Related,No Control,Clear,Daylight,Dry,Non-Fatal Injury,Pedestrian Collisions,Pedestrian,25 to 29,Major,,West,,,,,Pedestrian hit at mid-block,"Crossing, no Traffic Control",Inattentive,,,,Yes,,Yes,,,,,,,,,,,124,Kennedy Park,124,Kennedy Park (124),D41,640280.562389039,4843853.83483432
5464,80918743,,8/18/2017 4:00:00 AM,2305,FINCH  AVE W,DUNCANWOODS  DR,10 m West of,Major Arterial,Etobicoke York,43.748725,-79.55759,At Intersection,Traffic Signal,Clear,"Dark, artificial",Dry,Non-Fatal Injury,Pedestrian Collisions,Pedestrian,25 to 29,Major,,North,,,,,Vehicle is going straight thru inter.while ped cross without ROW,Crossing without right of way,Inattentive,,,,Yes,,Yes,,,,,Yes,,,,,,22,Humbermede,22,Humbermede (22),D31,616131.719234109,4844974.88168004
5465,80918744,,8/18/2017 4:00:00 AM,2305,FINCH  AVE W,DUNCANWOODS  DR,10 m West of,Major Arterial,Etobicoke York,43.748725,-79.55759,At Intersection,Traffic Signal,Clear,"Dark, artificial",Dry,Non-Fatal Injury,Pedestrian Collisions,Passenger,55 to 59,None,,,,,,,,,,,,,Yes,,Yes,,,,,Yes,,,,,,22,Humbermede,22,Humbermede (22),D31,616131.719234109,4844974.88168004
5466,80918745,,8/18/2017 4:00:00 AM,2305,FINCH  AVE W,DUNCANWOODS  DR,10 m West of,Major Arterial,Etobicoke York,43.748725,-79.55759,At Intersection,Traffic Signal,Clear,"Dark, artificial",Dry,Non-Fatal Injury,Pedestrian Collisions,Driver,35 to 39,None,,West,"Automobile, Station Wagon",Going Ahead,Driving Properly,Normal,,,,,,,Yes,,Yes,,,,,Yes,,,,,,22,Humbermede,22,Humbermede (22),D31,616131.719234109,4844974.88168004
5467,80781249,,8/23/2017 4:00:00 AM,2218,KING ST W,STRACHAN AVE,,Major Arterial,Toronto and East York,43.64197,-79.411929,At Intersection,Traffic Signal,Clear,"Dark, artificial",Dry,Non-Fatal Injury,Pedestrian Collisions,Driver,45 to 49,None,,West,"Automobile, Station Wagon",Turning Left,Failed to Yield Right of Way,Inattentive,,,,,,,Yes,,Yes,,,,,,,Yes,,,,162,West Queen West,82,Niagara (82),D14,628086.401890073,4833332.77686364
5468,80781250,,8/23/2017 4:00:00 AM,2218,KING ST W,STRACHAN AVE,,Major Arterial,Toronto and East York,43.64197,-79.411929,At Intersection,Traffic Signal,Clear,"Dark, artificial",Dry,Non-Fatal Injury,Pedestrian Collisions,Pedestrian,30 to 34,Major,,West,,,,,Vehicle turns left while ped crosses with ROW at inter.,Crossing with right of way,Had Been Drinking,,,,Yes,,Yes,,,,,,,Yes,,,,162,West Queen West,82,Niagara (82),D14,628086.401890073,4833332.77686364
5469,80780914,,8/24/2017 4:00:00 AM,2325,VICTORIA PARK AVE,CLINTWOOD GT,,Major Arterial,North York,43.748763,-79.312076,At Intersection,No Control,Clear,"Dark, artificial",Dry,Fatal,Pedestrian Collisions,Driver,40 to 44,None,,North,"Automobile, Station Wagon",Going Ahead,Driving Properly,Normal,,,,,,,Yes,,Yes,,,,,,,,,,,119,Wexford/Maryvale,119,Wexford/Maryvale (119),D41,635898.713980053,4845352.59271609
5470,80780915,,8/24/2017 4:00:00 AM,2325,VICTORIA PARK AVE,CLINTWOOD GT,,Major Arterial,North York,43.748763,-79.312076,At Intersection,No Control,Clear,"Dark, artificial",Dry,Fatal,Pedestrian Collisions,Pedestrian,55 to 59,Fatal,36,Unknown,"Automobile, Station Wagon",,,,Vehicle is going straight thru inter.while ped cross without ROW,"Crossing, no Traffic Control",Unknown,,,,Yes,,Yes,,,,,,,,,,,119,Wexford/Maryvale,119,Wexford/Maryvale (119),D41,635898.713980053,4845352.59271609
5471,80781642,,8/25/2017 4:00:00 AM,1130,DUNDAS ST W,GLADSTONE AVE,60 m East of,Minor Arterial,Toronto and East York,43.649501,-79.428958,Non Intersection,No Control,Clear,Dark,Dry,Fatal,Pedestrian Collisions,Pedestrian,30 to 34,Fatal,39,North,,,,,Pedestrian hit at mid-block,Running onto Roadway,Had Been Drinking,,,,Yes,,Yes,,,,,,,,,,,84,Little Portugal,84,Little Portugal (84),D14,626697.075221297,4834143.05240435
5472,80781643,,8/25/2017 4:00:00 AM,1130,DUNDAS ST W,GLADSTONE AVE,60 m East of,Minor Arterial,Toronto and East York,43.649501,-79.428958,Non Intersection,No Control,Clear,Dark,Dry,Fatal,Pedestrian Collisions,Driver,65 to 69,None,,East,"Automobile, Station Wagon",Going Ahead,Driving Properly,Normal,,,,,,,Yes,,Yes,,,,,,,,,,,84,Little Portugal,84,Little Portugal (84),D14,626697.075221297,4834143.05240435
5473,80942886,,8/27/2017 4:00:00 AM,1105,LESWYN  RD,CALEDONIA  RD,8 m East of,Minor Arterial,North York,43.715659,-79.467586,Intersection Related,Stop Sign,Clear,Daylight,Dry,Non-Fatal Injury,Pedestrian Collisions,Pedestrian,25 to 29,Major,,Unknown,,,,,Unknown,Other,Normal,,,,Yes,,Yes,,,,,,,,,,,31,Yorkdale-Glen Park,31,Yorkdale-Glen Park (31),D32,623446.119778017,4841432.54100879
5474,80942887,,8/27/2017 4:00:00 AM,1105,LESWYN  RD,CALEDONIA  RD,8 m East of,Minor Arterial,North York,43.715659,-79.467586,Intersection Related,Stop Sign,Clear,Daylight,Dry,Non-Fatal Injury,Pedestrian Collisions,Driver,unknown,None,,West,"Automobile, Station Wagon",Going Ahead,Other,Unknown,,,,,,,Yes,,Yes,,,,,,,,,,,31,Yorkdale-Glen Park,31,Yorkdale-Glen Park (31),D32,623446.119778017,4841432.54100879
5475,80781220,,8/27/2017 4:00:00 AM,2054,6065 STEELES AVE E,,,Major Arterial,Scarborough,43.83705,-79.249019,Non Intersection,No Control,Clear,Dark,Dry,Fatal,Pedestrian Collisions,Driver,45 to 49,None,,West,"Automobile, Station Wagon",Going Ahead,Driving Properly,Normal,,,,,,,Yes,,Yes,,,,,,,Yes,,,,144,Morningside Heights,131,Rouge (131),D42,640768.190316537,4855263.66463133
5476,80781221,,8/27/2017 4:00:00 AM,2054,6065 STEELES AVE E,,,Major Arterial,Scarborough,43.83705,-79.249019,Non Intersection,No Control,Clear,Dark,Dry,Fatal,Pedestrian Collisions,Pedestrian,75 to 79,Fatal,38,North,,,,,Pedestrian hit at mid-block,Running onto Roadway,Inattentive,,,,Yes,,Yes,,,,,,,Yes,,,,144,Morningside Heights,131,Rouge (131),D42,640768.190316537,4855263.66463133
5477,80787897,,8/28/2017 4:00:00 AM,849,5450 DUNDAS ST W,,5 m South of,Major Arterial,Etobicoke York,43.632731,-79.543445,At/Near Private Drive,No Control,Clear,Daylight,Dry,Non-Fatal Injury,Pedestrian Collisions,Driver,30 to 34,None,,South,"Automobile, Station Wagon",Turning Left,Driving Properly,Inattentive,,,,,,,Yes,,Yes,,,,,,,,,,,159,Etobicoke City Centre,14,Islington-City Centre West (14),D22,617496.847668425,4832112.11563924
5478,80787898,,8/28/2017 4:00:00 AM,849,5450 DUNDAS ST W,,5 m South of,Major Arterial,Etobicoke York,43.632731,-79.543445,At/Near Private Drive,No Control,Clear,Daylight,Dry,Non-Fatal Injury,Pedestrian Collisions,Pedestrian,25 to 29,Major,,,,,,,Pedestrian hit at mid-block,"Crossing, no Traffic Control",Other,,,,Yes,,Yes,,,,,,,,,,,159,Etobicoke City Centre,14,Islington-City Centre West (14),D22,617496.847668425,4832112.11563924
5479,80781998,,9/5/2017 4:00:00 AM,1735,MILLWOOD RD,YONGE  ST,297 m East o,Local,Toronto and East York,43.6999,-79.393703,Non Intersection,No Control,Clear,Daylight,Dry,Non-Fatal Injury,Pedestrian Collisions,Driver,35 to 39,None,,East,"Automobile, Station Wagon",Going Ahead,Driving Properly,Normal,,,,,,,Yes,,Yes,,,,,Yes,,,,,,174,South Eglinton-Davisville,104,Mount Pleasant West (104),D53,629431.856509978,4839794.97168579
5480,80781999,,9/5/2017 4:00:00 AM,1735,MILLWOOD RD,YONGE  ST,297 m East o,Local,Toronto and East York,43.6999,-79.393703,Non Intersection,No Control,Clear,Daylight,Dry,Non-Fatal Injury,Pedestrian Collisions,Passenger,40 to 44,None,,,,,,,,,,,,,Yes,,Yes,,,,,Yes,,,,,,174,South Eglinton-Davisville,104,Mount Pleasant West (104),D53,629431.856509978,4839794.97168579
5481,80782000,,9/5/2017 4:00:00 AM,1735,MILLWOOD RD,YONGE  ST,297 m East o,Local,Toronto and East York,43.6999,-79.393703,Non Intersection,No Control,Clear,Daylight,Dry,Non-Fatal Injury,Pedestrian Collisions,Passenger,0 to 4,None,,,,,,,,,,,,,Yes,,Yes,,,,,Yes,,,,,,174,South Eglinton-Davisville,104,Mount Pleasant West (104),D53,629431.856509978,4839794.97168579
5482,80782001,,9/5/2017 4:00:00 AM,1735,MILLWOOD RD,YONGE  ST,297 m East o,Local,Toronto and East York,43.6999,-79.393703,Non Intersection,No Control,Clear,Daylight,Dry,Non-Fatal Injury,Pedestrian Collisions,Pedestrian,5 to 9,Major,,North,,,,,Pedestrian hit at mid-block,"Crossing, no Traffic Control",Inattentive,,,,Yes,,Yes,,,,,Yes,,,,,,174,South Eglinton-Davisville,104,Mount Pleasant West (104),D53,629431.856509978,4839794.97168579
5483,80781641,,9/5/2017 4:00:00 AM,1832,CODSELL AVE,MAXWELL ST,,Local,North York,43.756312,-79.446689,At Intersection,Stop Sign,Clear,Daylight,Dry,Fatal,Pedestrian Collisions,Pedestrian,70 to 74,Fatal,40,South,,,,,Vehicle is going straight thru inter.while ped cross with ROW,Crossing with right of way,Unknown,,,,Yes,,Yes,,,,,,,Yes,,,,34,Bathurst Manor,34,Bathurst Manor (34),D32,625044.88210849,4845978.9806792
5484,80782621,,9/5/2017 4:00:00 AM,1832,CODSELL AVE,MAXWELL ST,,Local,North York,43.756312,-79.446689,At Intersection,Stop Sign,Clear,Daylight,Dry,Fatal,Pedestrian Collisions,Driver,70 to 74,None,,West,"Automobile, Station Wagon",Going Ahead,Failed to Yield Right of Way,Unknown,,,,,,,Yes,,Yes,,,,,,,Yes,,,,34,Bathurst Manor,34,Bathurst Manor (34),D32,625044.88210849,4845978.9806792
5485,80781908,,9/6/2017 4:00:00 AM,2217,JARVIS ST,DUNDAS ST E,45 m South o,Major Arterial,Toronto and East York,43.656638,-79.374393,Non Intersection,No Control,Clear,"Dark, artificial",Dry,Non-Fatal Injury,Pedestrian Collisions,Driver,50 to 54,None,,South,"Automobile, Station Wagon",Going Ahead,Driving Properly,Normal,,,,,,,Yes,,Yes,,,,,,,,,,,73,Moss Park,73,Moss Park (73),D51,631082.000977561,4835020.46348672
5486,80781909,,9/6/2017 4:00:00 AM,2217,JARVIS ST,DUNDAS ST E,45 m South o,Major Arterial,Toronto and East York,43.656638,-79.374393,Non Intersection,No Control,Clear,"Dark, artificial",Dry,Non-Fatal Injury,Pedestrian Collisions,Pedestrian,25 to 29,Major,,West,,,,,Pedestrian hit at mid-block,"Crossing, no Traffic Control",Had Been Drinking,,,,Yes,,Yes,,,,,,,,,,,73,Moss Park,73,Moss Park (73),D51,631082.000977561,4835020.46348672
5487,80782620,,9/20/2017 4:00:00 AM,1953,BROADVIEW AVE,NEALON AVE,,Minor Arterial,Toronto and East York,43.682852,-79.357181,At Intersection,No Control,Clear,Dark,Dry,Fatal,Pedestrian Collisions,Pedestrian,85 to 89,Fatal,42,West,,,,,Vehicle is going straight thru inter.while ped cross without ROW,"Crossing, no Traffic Control",Inattentive,,,,Yes,,Yes,,,,,,,,,,,57,Broadview North,57,Broadview North (57),D55,632412.260845277,4837959.21833204
5488,80783195,,9/20/2017 4:00:00 AM,1953,BROADVIEW AVE,NEALON AVE,,Minor Arterial,Toronto and East York,43.682852,-79.357181,At Intersection,No Control,Clear,Dark,Dry,Fatal,Pedestrian Collisions,Driver,50 to 54,None,,North,"Automobile, Station Wagon",Going Ahead,Driving Properly,Unknown,,,,,,,Yes,,Yes,,,,,,,,,,,57,Broadview North,57,Broadview North (57),D55,632412.260845277,4837959.21833204
5489,80792418,,9/24/2017 4:00:00 AM,0,YONGE ST,CENTRE AVE,80 m South o,Major Arterial,North York,43.790942,-79.418277,Non Intersection,No Control,Clear,"Dark, artificial",Dry,Non-Fatal Injury,Pedestrian Collisions,Driver,25 to 29,None,,North,"Automobile, Station Wagon",Going Ahead,Lost control,Inattentive,,,,,,,Yes,,Yes,,,,,,,Yes,,,,50,Newtonbrook East,50,Newtonbrook East (50),D32,627258.655280202,4849868.45738272
5490,80792419,,9/24/2017 4:00:00 AM,0,YONGE ST,CENTRE AVE,80 m South o,Major Arterial,North York,43.790942,-79.418277,Non Intersection,No Control,Clear,"Dark, artificial",Dry,Non-Fatal Injury,Pedestrian Collisions,Pedestrian,30 to 34,Major,,Unknown,,,,,Pedestrian hit on sidewalk or shoulder,On Sidewalk or Shoulder,Normal,,,,Yes,,Yes,,,,,,,Yes,,,,50,Newtonbrook East,50,Newtonbrook East (50),D32,627258.655280202,4849868.45738272
5491,80792420,,9/24/2017 4:00:00 AM,0,YONGE ST,CENTRE AVE,80 m South o,Major Arterial,North York,43.790942,-79.418277,Non Intersection,No Control,Clear,"Dark, artificial",Dry,Non-Fatal Injury,Pedestrian Collisions,Pedestrian,30 to 34,Major,,Unknown,,,,,Pedestrian hit on sidewalk or shoulder,On Sidewalk or Shoulder,Normal,,,,Yes,,Yes,,,,,,,Yes,,,,50,Newtonbrook East,50,Newtonbrook East (50),D32,627258.655280202,4849868.45738272
5492,80899643,,9/25/2017 4:00:00 AM,1652,EGLINTON  AVE W,CHILTERN HILL RD,10 m West of,Major Arterial,North York,43.700457,-79.427722,Intersection Related,Stop Sign,Clear,Daylight,Dry,Non-Fatal Injury,Pedestrian Collisions,Pedestrian,50 to 54,Major,,South,,,,,Vehicle turns left while ped crosses without ROW at inter.,Crossing without right of way,Normal,,,,Yes,,Yes,,,,,,,,,,,106,Humewood-Cedarvale,106,Humewood-Cedarvale (106),D13,626689.481386226,4839804.2887568
5493,80899644,,9/25/2017 4:00:00 AM,1652,EGLINTON  AVE W,CHILTERN HILL RD,10 m West of,Major Arterial,North York,43.700457,-79.427722,Intersection Related,Stop Sign,Clear,Daylight,Dry,Non-Fatal Injury,Pedestrian Collisions,Driver,25 to 29,None,,North,"Automobile, Station Wagon",Turning Left,Driving Properly,Normal,,,,,,,Yes,,Yes,,,,,,,,,,,106,Humewood-Cedarvale,106,Humewood-Cedarvale (106),D13,626689.481386226,4839804.2887568
5494,80783528,,9/25/2017 4:00:00 AM,2330,4673 JANE ST,,6 m North of,Major Arterial,Etobicoke York,43.770049,-79.520641,Non Intersection,No Control,Clear,"Dark, artificial",Dry,Non-Fatal Injury,Pedestrian Collisions,Driver,55 to 59,None,,North,"Automobile, Station Wagon",Going Ahead,Driving Properly,Normal,,,,,,,Yes,,Yes,,,,,,Yes,Yes,,,,24,Black Creek,24,Black Creek (24),D31,619064.286738401,4847395.68843507
5495,80783529,,9/25/2017 4:00:00 AM,2330,4673 JANE ST,,6 m North of,Major Arterial,Etobicoke York,43.770049,-79.520641,Non Intersection,No Control,Clear,"Dark, artificial",Dry,Non-Fatal Injury,Pedestrian Collisions,Pedestrian,25 to 29,Major,,East,,,,,Pedestrian hit at mid-block,"Crossing, no Traffic Control",Had Been Drinking,,,,Yes,,Yes,,,,,,Yes,Yes,,,,24,Black Creek,24,Black Creek (24),D31,619064.286738401,4847395.68843507
5496,80783196,,9/27/2017 4:00:00 AM,2125,WARDEN AVE,CONTINENTAL PL,,Major Arterial,Scarborough,43.763491,-79.301257,At Intersection,No Control,Clear,Dark,Dry,Fatal,Pedestrian Collisions,Driver,unknown,None,,South,"Automobile, Station Wagon",Unknown,Other,Unknown,,,,,,,Yes,,Yes,,,,,,Yes,Yes,,,,119,Wexford/Maryvale,119,Wexford/Maryvale (119),D41,636736.23575046,4847006.16825521
5497,80783197,,9/27/2017 4:00:00 AM,2125,WARDEN AVE,CONTINENTAL PL,,Major Arterial,Scarborough,43.763491,-79.301257,At Intersection,No Control,Clear,Dark,Dry,Fatal,Pedestrian Collisions,Pedestrian,30 to 34,Fatal,43,East,,,,,Vehicle is going straight thru inter.while ped cross without ROW,"Crossing, no Traffic Control",Unknown,,,,Yes,,Yes,,,,,,Yes,Yes,,,,119,Wexford/Maryvale,119,Wexford/Maryvale (119),D41,636736.23575046,4847006.16825521
5498,80783198,,9/27/2017 4:00:00 AM,2125,WARDEN AVE,CONTINENTAL PL,,Major Arterial,Scarborough,43.763491,-79.301257,At Intersection,No Control,Clear,Dark,Dry,Fatal,Pedestrian Collisions,Pedestrian,5 to 9,Fatal,44,East,,,,,Vehicle is going straight thru inter.while ped cross without ROW,"Crossing, no Traffic Control",Unknown,,,,Yes,,Yes,,,,,,Yes,Yes,,,,119,Wexford/Maryvale,119,Wexford/Maryvale (119),D41,636736.23575046,4847006.16825521
5499,80783199,,9/27/2017 4:00:00 AM,2125,WARDEN AVE,CONTINENTAL PL,,Major Arterial,Scarborough,43.763491,-79.301257,At Intersection,No Control,Clear,Dark,Dry,Fatal,Pedestrian Collisions,Driver,35 to 39,None,,North,"Automobile, Station Wagon",Going Ahead,Driving Properly,Unknown,,,,,,,Yes,,Yes,,,,,,Yes,Yes,,,,119,Wexford/Maryvale,119,Wexford/Maryvale (119),D41,636736.23575046,4847006.16825521
5500,80784505,,9/28/2017 4:00:00 AM,1630,BIRCHMOUNT RD,ZENITH DR,,Minor Arterial,Scarborough,43.711009,-79.269771,Intersection Related,No Control,Clear,Daylight,Dry,Fatal,Pedestrian Collisions,Driver,45 to 49,None,,South,Delivery Van,Going Ahead,Lost control,"Ability Impaired, Alcohol Over .08",,,,,,,Yes,,Yes,,,,,Yes,,Yes,,Yes,,120,Clairlea-Birchmount,120,Clairlea-Birchmount (120),D41,639392.384865761,4841229.72871241
5501,80784506,,9/28/2017 4:00:00 AM,1630,BIRCHMOUNT RD,ZENITH DR,,Minor Arterial,Scarborough,43.711009,-79.269771,Intersection Related,No Control,Clear,Daylight,Dry,Fatal,Pedestrian Collisions,Passenger,40 to 44,Minor,,,,,,,,,,,,,Yes,,Yes,,,,,Yes,,Yes,,Yes,,120,Clairlea-Birchmount,120,Clairlea-Birchmount (120),D41,639392.384865761,4841229.72871241
5502,80784507,,9/28/2017 4:00:00 AM,1630,BIRCHMOUNT RD,ZENITH DR,,Minor Arterial,Scarborough,43.711009,-79.269771,Intersection Related,No Control,Clear,Daylight,Dry,Fatal,Pedestrian Collisions,Pedestrian,55 to 59,Fatal,45,Unknown,,,,,Pedestrian hit on sidewalk or shoulder,On Sidewalk or Shoulder,Normal,,,,Yes,,Yes,,,,,Yes,,Yes,,Yes,,120,Clairlea-Birchmount,120,Clairlea-Birchmount (120),D41,639392.384865761,4841229.72871241
5503,80784509,,9/28/2017 4:00:00 AM,1630,BIRCHMOUNT RD,ZENITH DR,,Minor Arterial,Scarborough,43.711009,-79.269771,Intersection Related,No Control,Clear,Daylight,Dry,Fatal,Pedestrian Collisions,Driver,50 to 54,Minor,,West,"Automobile, Station Wagon",Turning Left,Driving Properly,Normal,,,,,,,Yes,,Yes,,,,,Yes,,Yes,,Yes,,120,Clairlea-Birchmount,120,Clairlea-Birchmount (120),D41,639392.384865761,4841229.72871241
5504,80783203,,9/28/2017 4:00:00 AM,2135,4322 MCCOWAN RD,,30 m South o,Major Arterial,Scarborough,43.829547,-79.274997,Non Intersection,No Control,Clear,"Dark, artificial",Dry,Fatal,Pedestrian Collisions,Pedestrian,70 to 74,Fatal,46,West,,,,,Pedestrian hit at mid-block,"Crossing, no Traffic Control",Normal,,,,Yes,,Yes,,,,,,,,,,,130,Milliken,130,Milliken (130),D42,638697.076361935,4854386.44000257
5505,80783692,,9/28/2017 4:00:00 AM,2135,4322 MCCOWAN RD,,30 m South o,Major Arterial,Scarborough,43.829547,-79.274997,Non Intersection,No Control,Clear,"Dark, artificial",Dry,Fatal,Pedestrian Collisions,Driver,30 to 34,None,,South,"Automobile, Station Wagon",Going Ahead,Driving Properly,Normal,,,,,,,Yes,,Yes,,,,,,,,,,,130,Milliken,130,Milliken (130),D42,638697.076361935,4854386.44000257
5506,80783652,,9/29/2017 4:00:00 AM,2325,YONGE ST,ORCHARD VIEW BLVD,21 m North o,Major Arterial,North York,43.708125,-79.398631,Non Intersection,Traffic Signal,Rain,Dark,Wet,Non-Fatal Injury,Pedestrian Collisions,Driver,25 to 29,None,,North,"Automobile, Station Wagon",Going Ahead,Driving Properly,Normal,,,,,,,Yes,,Yes,,,,,,,,,,,173,North Toronto,104,Mount Pleasant West (104),D53,629017.12001457,4840700.79191849
5507,80783653,,9/29/2017 4:00:00 AM,2325,YONGE ST,ORCHARD VIEW BLVD,21 m North o,Major Arterial,North York,43.708125,-79.398631,Non Intersection,Traffic Signal,Rain,Dark,Wet,Non-Fatal Injury,Pedestrian Collisions,Pedestrian,25 to 29,Major,,West,,,,,Pedestrian hit at mid-block,"Crossing, no Traffic Control","Ability Impaired, Alcohol",,,,Yes,,Yes,,,,,,,,,,,173,North Toronto,104,Mount Pleasant West (104),D53,629017.12001457,4840700.79191849
5508,80784063,,10/2/2017 4:00:00 AM,645,WHITMORE AVE,DUFFERIN ST,,Major Arterial,North York,43.697844,-79.451099,At Intersection,Traffic Signal,Clear,Daylight,Dry,Non-Fatal Injury,Pedestrian Collisions,Driver,35 to 39,None,,North,"Automobile, Station Wagon",Going Ahead,Driving Properly,Normal,,,,,,,Yes,,Yes,,,,,,Yes,Yes,,,,108,Briar Hill-Belgravia,108,Briar Hill-Belgravia (108),D13,624811.236548767,4839478.62337287
5509,80784064,,10/2/2017 4:00:00 AM,645,WHITMORE AVE,DUFFERIN ST,,Major Arterial,North York,43.697844,-79.451099,At Intersection,Traffic Signal,Clear,Daylight,Dry,Non-Fatal Injury,Pedestrian Collisions,Pedestrian,35 to 39,Major,,East,,,,,Vehicle is going straight thru inter.while ped cross without ROW,Crossing marked crosswalk without ROW,Inattentive,,,,Yes,,Yes,,,,,,Yes,Yes,,,,108,Briar Hill-Belgravia,108,Briar Hill-Belgravia (108),D13,624811.236548767,4839478.62337287