OBJECTID,INDEX,ACCNUM,DATE,TIME,STREET1,STREET2,OFFSET,ROAD_CLASS,DISTRICT,LATITUDE,LONGITUDE,ACCLOC,TRAFFCTL,VISIBILITY,LIGHT,RDSFCOND,ACCLASS,IMPACTYPE,INVTYPE,INVAGE,INJURY,FATAL_NO,INITDIR,VEHTYPE,MANOEUVER,DRIVACT,DRIVCOND,PEDTYPE,PEDACT,PEDCOND,CYCLISTYPE,CYCACT,CYCCOND,PEDESTRIAN,CYCLIST,AUTOMOBILE,MOTORCYCLE,TRUCK,TRSN_CITY_VEH,EMERG_VEH,PASSENGER,SPEEDING,AG_DRIV,REDLIGHT,ALCOHOL,DISABILITY,HOOD_158,NEIGHBOURHOOD_158,HOOD_140,NEIGHBOURHOOD_140,DIVISION,x,y
6018,80974186,,10/29/2018 4:00:00 AM,535,ST CLAIR AVE W,OLD WESTON RD,,Major Arterial,Etobicoke York,43.673464,-79.463008,At Intersection,Traffic Signal,Clear,"Dark, artificial",Dry,Non-Fatal Injury,Pedestrian Collisions,Pedestrian,30 to 34,Major,,North,,,,,Vehicle is going straight thru inter.while ped cross without ROW,Crossing without right of way,Normal,,,,Yes,,Yes,,,,,,,Yes,,,,91,Weston-Pelham Park,91,Weston-Pellam Park (91),D11,623901.776757537,4836753.03632329
6019,80974940,,10/31/2018 4:00:00 AM,609,CARLAW AVE,LAKE SHORE BLVD E,,Major Arterial,Toronto and East York,43.654887,-79.337398,At Intersection,Traffic Signal,Rain,"Dark, artificial",Wet,Non-Fatal Injury,Pedestrian Collisions,Driver,30 to 34,Major,,North,"Automobile, Station Wagon",Turning Left,Failed to Yield Right of Way,Normal,,,,,,,Yes,,Yes,,,,,,,Yes,,,,70,South Riverdale,70,South Riverdale (70),D55,634069.049633108,4834885.10165894
6020,80974941,,10/31/2018 4:00:00 AM,609,CARLAW AVE,LAKE SHORE BLVD E,,Major Arterial,Toronto and East York,43.654887,-79.337398,At Intersection,Traffic Signal,Rain,"Dark, artificial",Wet,Non-Fatal Injury,Pedestrian Collisions,Pedestrian,20 to 24,Minor,,North,,,,,Vehicle turns left while ped crosses with ROW at inter.,Crossing with right of way,Normal,,,,Yes,,Yes,,,,,,,Yes,,,,70,South Riverdale,70,South Riverdale (70),D55,634069.049633108,4834885.10165894
6021,80974067,,10/31/2018 4:00:00 AM,727,DUNDAS ST E,SHERBOURNE ST,17 m West of,Major Arterial,Scarborough,43.658221,-79.37099,Intersection Related,No Control,Rain,Dark,Wet,Non-Fatal Injury,Pedestrian Collisions,Driver,40 to 44,None,,West,"Automobile, Station Wagon",Going Ahead,Driving Properly,Normal,,,,,,,Yes,,Yes,,,,,,,Yes,,,,73,Moss Park,73,Moss Park (73),D51,631352.955579804,4835201.65832779
6022,80974068,,10/31/2018 4:00:00 AM,727,DUNDAS ST E,SHERBOURNE ST,17 m West of,Major Arterial,Scarborough,43.658221,-79.37099,Intersection Related,No Control,Rain,Dark,Wet,Non-Fatal Injury,Pedestrian Collisions,Pedestrian,35 to 39,Major,,South,,,,,Pedestrian hit at mid-block,Running onto Roadway,Inattentive,,,,Yes,,Yes,,,,,,,Yes,,,,73,Moss Park,73,Moss Park (73),D51,631352.955579804,4835201.65832779
6023,81142728,,11/1/2018 4:00:00 AM,1835,DANFORTH AVE,WESTLAKE AVE,,Major Arterial,Toronto and East York,43.687472,-79.304965,At Intersection,Traffic Signal,Rain,"Dark, artificial",Wet,Non-Fatal Injury,Pedestrian Collisions,Driver,75 to 79,Major,,South,"Automobile, Station Wagon",Turning Left,Improper Turn,Normal,,,,,,,Yes,,Yes,,,,,Yes,,,,,,62,East End-Danforth,62,East End-Danforth (62),D55,636610.463878346,4838557.02778528
6024,81142729,,11/1/2018 4:00:00 AM,1835,DANFORTH AVE,WESTLAKE AVE,,Major Arterial,Toronto and East York,43.687472,-79.304965,At Intersection,Traffic Signal,Rain,"Dark, artificial",Wet,Non-Fatal Injury,Pedestrian Collisions,Passenger,70 to 74,Major,,,,,,,,,,,,,Yes,,Yes,,,,,Yes,,,,,,62,East End-Danforth,62,East End-Danforth (62),D55,636610.463878346,4838557.02778528
6025,81142730,,11/1/2018 4:00:00 AM,1835,DANFORTH AVE,WESTLAKE AVE,,Major Arterial,Toronto and East York,43.687472,-79.304965,At Intersection,Traffic Signal,Rain,"Dark, artificial",Wet,Non-Fatal Injury,Pedestrian Collisions,Pedestrian,30 to 34,Minimal,,North,,,,,Vehicle turns left while ped crosses with ROW at inter.,Crossing with right of way,Normal,,,,Yes,,Yes,,,,,Yes,,,,,,62,East End-Danforth,62,East End-Danforth (62),D55,636610.463878346,4838557.02778528
6026,80975008,,11/1/2018 4:00:00 AM,2043,KIPLING  AVE,ANNABELLE  DR,,Major Arterial,Etobicoke York,43.750846,-79.58575,At Intersection,Traffic Signal,Clear,Dark,Dry,Fatal,Pedestrian Collisions,Pedestrian,90 to 94,Fatal,59,West,,,,,Vehicle is going straight thru inter.while ped cross without ROW,Crossing without right of way,Normal,,,,Yes,,Yes,,,,,,,,,,,2,Mount Olive-Silverstone-Jamestown,2,Mount Olive-Silverstone-Jamestown (2),D23,613860.456568812,4845171.3577043
6027,80975445,,11/1/2018 4:00:00 AM,2043,KIPLING  AVE,ANNABELLE  DR,,Major Arterial,Etobicoke York,43.750846,-79.58575,At Intersection,Traffic Signal,Clear,Dark,Dry,Fatal,Pedestrian Collisions,Driver,70 to 74,None,,South,"Automobile, Station Wagon",Going Ahead,Driving Properly,Normal,,,,,,,Yes,,Yes,,,,,,,,,,,2,Mount Olive-Silverstone-Jamestown,2,Mount Olive-Silverstone-Jamestown (2),D23,613860.456568812,4845171.3577043
6028,81456761,,11/1/2018 4:00:00 AM,2222,ALBION RD,HUMBERLINE DR,1 m South of,Major Arterial,Etobicoke York,43.746806,-79.621974,At Intersection,Traffic Signal,Rain,Dark,Wet,Non-Fatal Injury,Pedestrian Collisions,Driver,50 to 54,None,,West,"Automobile, Station Wagon",Turning Left,Driving Properly,Unknown,,,,,,,Yes,,Yes,,,,,,,,,,,1,West Humber-Clairville,1,West Humber-Clairville (1),D23,610951.528962476,4844673.50543038
6029,81456762,,11/1/2018 4:00:00 AM,2222,ALBION RD,HUMBERLINE DR,1 m South of,Major Arterial,Etobicoke York,43.746806,-79.621974,At Intersection,Traffic Signal,Rain,Dark,Wet,Non-Fatal Injury,Pedestrian Collisions,Pedestrian,30 to 34,Major,,West,,,,,Vehicle turns left while ped crosses without ROW at inter.,Other,Other,,,,Yes,,Yes,,,,,,,,,,,1,West Humber-Clairville,1,West Humber-Clairville (1),D23,610951.528962476,4844673.50543038
6030,80974776,,11/5/2018 5:00:00 AM,912,BIRCHMOUNT RD,ALLANFORD RD,,Major Arterial,Scarborough,43.774165,-79.295017,At Intersection,Traffic Signal,Rain,Daylight,Wet,Non-Fatal Injury,Pedestrian Collisions,Driver,30 to 34,None,,West,"Automobile, Station Wagon",Turning Left,Improper Turn,Normal,,,,,,,Yes,,Yes,,,,,,,,,,,118,Tam O'Shanter-Sullivan,118,Tam O'Shanter-Sullivan (118),D42,637214.104295556,4848202.00340118
6031,80974777,,11/5/2018 5:00:00 AM,912,BIRCHMOUNT RD,ALLANFORD RD,,Major Arterial,Scarborough,43.774165,-79.295017,At Intersection,Traffic Signal,Rain,Daylight,Wet,Non-Fatal Injury,Pedestrian Collisions,Pedestrian,75 to 79,Major,,East,,,,,Vehicle turns left while ped crosses with ROW at inter.,Crossing with right of way,Normal,,,,Yes,,Yes,,,,,,,,,,,118,Tam O'Shanter-Sullivan,118,Tam O'Shanter-Sullivan (118),D42,637214.104295556,4848202.00340118
6032,80974754,,11/5/2018 5:00:00 AM,1855,DUFFERIN ST,WINGOLD AVE,15 m South o,Major Arterial,North York,43.703753,-79.452434,Intersection Related,No Control,Clear,"Dark, artificial",Wet,Non-Fatal Injury,Pedestrian Collisions,Driver,70 to 74,None,,South,"Automobile, Station Wagon",Going Ahead,Driving Properly,Normal,,,,,,,Yes,,Yes,,,,,,,,,,,31,Yorkdale-Glen Park,31,Yorkdale-Glen Park (31),D13,624691.410783906,4840132.8908929
6033,80974755,,11/5/2018 5:00:00 AM,1855,DUFFERIN ST,WINGOLD AVE,15 m South o,Major Arterial,North York,43.703753,-79.452434,Intersection Related,No Control,Clear,"Dark, artificial",Wet,Non-Fatal Injury,Pedestrian Collisions,Pedestrian,65 to 69,Major,,West,,,,,Pedestrian hit at mid-block,"Crossing, no Traffic Control",Inattentive,,,,Yes,,Yes,,,,,,,,,,,31,Yorkdale-Glen Park,31,Yorkdale-Glen Park (31),D13,624691.410783906,4840132.8908929
6034,80974778,,11/7/2018 5:00:00 AM,1850,MIDDLEFIELD RD,ARBOR LOW GT,20 m North o,Minor Arterial,Scarborough,43.811759,-79.258502,Intersection Related,No Control,Clear,"Dark, artificial",Dry,Non-Fatal Injury,Pedestrian Collisions,Driver,80 to 84,None,,North,"Automobile, Station Wagon",Going Ahead,Driving Properly,Normal,,,,,,,Yes,,Yes,,,,,,,,,,,130,Milliken,130,Milliken (130),D42,640064.945461625,4852438.58259939
6035,80974779,,11/7/2018 5:00:00 AM,1850,MIDDLEFIELD RD,ARBOR LOW GT,20 m North o,Minor Arterial,Scarborough,43.811759,-79.258502,Intersection Related,No Control,Clear,"Dark, artificial",Dry,Non-Fatal Injury,Pedestrian Collisions,Pedestrian,65 to 69,Major,,East,,,,,Pedestrian hit at mid-block,"Crossing, no Traffic Control",Inattentive,,,,Yes,,Yes,,,,,,,,,,,130,Milliken,130,Milliken (130),D42,640064.945461625,4852438.58259939
6036,80975220,,11/8/2018 5:00:00 AM,1400,LA ROSE AVE,ROYAL YORK RD,,Minor Arterial,Etobicoke York,43.684085,-79.52737,At Intersection,Traffic Signal,Clear,"Daylight, artificial",Dry,Non-Fatal Injury,Pedestrian Collisions,Driver,30 to 34,None,,West,Delivery Van,Turning Left,Failed to Yield Right of Way,Normal,,,,,,,Yes,,Yes,,,,,,,Yes,,,,8,Humber Heights-Westmount,8,Humber Heights-Westmount (8),D23,618692.366516568,4837838.51708737
6037,80975221,,11/8/2018 5:00:00 AM,1400,LA ROSE AVE,ROYAL YORK RD,,Minor Arterial,Etobicoke York,43.684085,-79.52737,At Intersection,Traffic Signal,Clear,"Daylight, artificial",Dry,Non-Fatal Injury,Pedestrian Collisions,Pedestrian,65 to 69,Major,,West,,,,,Vehicle turns left while ped crosses with ROW at inter.,Crossing with right of way,Normal,,,,Yes,,Yes,,,,,,,Yes,,,,8,Humber Heights-Westmount,8,Humber Heights-Westmount (8),D23,618692.366516568,4837838.51708737
6038,80974440,,11/9/2018 5:00:00 AM,650,ELLESMERE RD,BIRCHMOUNT RD,,Major Arterial,Scarborough,43.763205,-79.291911,Non Intersection,No Control,Clear,"Dawn, artificial",Dry,Fatal,Pedestrian Collisions,Driver,unknown,None,,West,Municipal Transit Bus (TTC),,,,,,,,,,Yes,,Yes,,,Yes,,,,,,,,119,Wexford/Maryvale,119,Wexford/Maryvale (119),D41,637489.183027334,4846989.87817651
6039,80975004,,11/9/2018 5:00:00 AM,650,ELLESMERE RD,BIRCHMOUNT RD,,Major Arterial,Scarborough,43.763205,-79.291911,Non Intersection,No Control,Clear,"Dawn, artificial",Dry,Fatal,Pedestrian Collisions,Pedestrian,30 to 34,Major,,Unknown,,,,,Pedestrian hit on sidewalk or shoulder,On Sidewalk or Shoulder,Normal,,,,Yes,,Yes,,,Yes,,,,,,,,119,Wexford/Maryvale,119,Wexford/Maryvale (119),D41,637489.183027334,4846989.87817651
6040,80975005,,11/9/2018 5:00:00 AM,650,ELLESMERE RD,BIRCHMOUNT RD,,Major Arterial,Scarborough,43.763205,-79.291911,Non Intersection,No Control,Clear,"Dawn, artificial",Dry,Fatal,Pedestrian Collisions,Driver,45 to 49,Minor,,West,"Automobile, Station Wagon",Going Ahead,Lost control,Unknown,,,,,,,Yes,,Yes,,,Yes,,,,,,,,119,Wexford/Maryvale,119,Wexford/Maryvale (119),D41,637489.183027334,4846989.87817651
6041,80975006,,11/9/2018 5:00:00 AM,650,ELLESMERE RD,BIRCHMOUNT RD,,Major Arterial,Scarborough,43.763205,-79.291911,Non Intersection,No Control,Clear,"Dawn, artificial",Dry,Fatal,Pedestrian Collisions,Pedestrian,55 to 59,Fatal,58,Unknown,,,,,Pedestrian hit on sidewalk or shoulder,On Sidewalk or Shoulder,Unknown,,,,Yes,,Yes,,,Yes,,,,,,,,119,Wexford/Maryvale,119,Wexford/Maryvale (119),D41,637489.183027334,4846989.87817651
6042,80975330,,11/11/2018 5:00:00 AM,1420,235 POPLAR RD,,30 m North o,Collector,Scarborough,43.765837,-79.191051,Intersection Related,No Control,Clear,"Daylight, artificial",Dry,Non-Fatal Injury,Pedestrian Collisions,Driver,unknown,None,,North,"Automobile, Station Wagon",Going Ahead,Exceeding Speed Limit,Unknown,,,,,,,Yes,,Yes,,,,,,Yes,Yes,,,,136,West Hill,136,West Hill (136),D43,645601.418921926,4847454.60740759
6043,80975331,,11/11/2018 5:00:00 AM,1420,235 POPLAR RD,,30 m North o,Collector,Scarborough,43.765837,-79.191051,Intersection Related,No Control,Clear,"Daylight, artificial",Dry,Non-Fatal Injury,Pedestrian Collisions,Pedestrian,10 to 14,Major,,West,,,,,Pedestrian hit at mid-block,"Crossing, no Traffic Control",Normal,,,,Yes,,Yes,,,,,,Yes,Yes,,,,136,West Hill,136,West Hill (136),D43,645601.418921926,4847454.60740759
6044,80975191,,11/12/2018 5:00:00 AM,1754,WESTON RD,LAWRENCE AVE W,,Major Arterial,Etobicoke York,43.700087,-79.516155,At Intersection,Traffic Signal,Clear,Dark,Dry,Non-Fatal Injury,Pedestrian Collisions,Driver,75 to 79,None,,North,Pick Up Truck,Turning Left,Failed to Yield Right of Way,Inattentive,,,,,,,Yes,,Yes,,,,,,,Yes,,,,113,Weston,113,Weston (113),D12,619564.488838463,4839631.86691579
6045,80975192,,11/12/2018 5:00:00 AM,1754,WESTON RD,LAWRENCE AVE W,,Major Arterial,Etobicoke York,43.700087,-79.516155,At Intersection,Traffic Signal,Clear,Dark,Dry,Non-Fatal Injury,Pedestrian Collisions,Pedestrian,55 to 59,Major,,South,,,,,Vehicle turns left while ped crosses with ROW at inter.,Crossing with right of way,Normal,,,,Yes,,Yes,,,,,,,Yes,,,,113,Weston,113,Weston (113),D12,619564.488838463,4839631.86691579
6046,80975007,,11/12/2018 5:00:00 AM,1822,ELLESMERE  RD,NEILSON  RD,,Major Arterial,Scarborough,43.783148,-79.202258,Non Intersection,No Control,Clear,"Dark, artificial",Dry,Fatal,Pedestrian Collisions,Driver,75 to 79,None,,East,"Automobile, Station Wagon",Going Ahead,Driving Properly,Normal,,,,,,,Yes,,Yes,,,,,,,,,,,135,Morningside,135,Morningside (135),D43,644657.612782044,4849357.62215189
6047,80975010,,11/12/2018 5:00:00 AM,1822,ELLESMERE  RD,NEILSON  RD,,Major Arterial,Scarborough,43.783148,-79.202258,Non Intersection,No Control,Clear,"Dark, artificial",Dry,Fatal,Pedestrian Collisions,Pedestrian,50 to 54,Fatal,60,Unknown,,,,,Pedestrian hit at mid-block,Other,Unknown,,,,Yes,,Yes,,,,,,,,,,,135,Morningside,135,Morningside (135),D43,644657.612782044,4849357.62215189
6048,80975225,,11/14/2018 5:00:00 AM,827,KEELE ST,FOUR WINDS DR,,Major Arterial,North York,43.765643,-79.491611,At Intersection,Traffic Signal,Clear,Daylight,Dry,Non-Fatal Injury,Pedestrian Collisions,Driver,20 to 24,Minimal,,North,"Automobile, Station Wagon",Turning Left,Failed to Yield Right of Way,Normal,,,,,,,Yes,,Yes,,,,,,,Yes,Yes,,,27,York University Heights,27,York University Heights (27),D31,621409.66006672,4846948.48711575
6049,80975226,,11/14/2018 5:00:00 AM,827,KEELE ST,FOUR WINDS DR,,Major Arterial,North York,43.765643,-79.491611,At Intersection,Traffic Signal,Clear,Daylight,Dry,Non-Fatal Injury,Pedestrian Collisions,Driver,30 to 34,None,,South,Pick Up Truck,Going Ahead,Disobeyed Traffic Control,Normal,,,,,,,Yes,,Yes,,,,,,,Yes,Yes,,,27,York University Heights,27,York University Heights (27),D31,621409.66006672,4846948.48711575
6050,80975227,,11/14/2018 5:00:00 AM,827,KEELE ST,FOUR WINDS DR,,Major Arterial,North York,43.765643,-79.491611,At Intersection,Traffic Signal,Clear,Daylight,Dry,Non-Fatal Injury,Pedestrian Collisions,Pedestrian,50 to 54,Major,,Unknown,,,,,Pedestrian hit on sidewalk or shoulder,On Sidewalk or Shoulder,Normal,,,,Yes,,Yes,,,,,,,Yes,Yes,,,27,York University Heights,27,York University Heights (27),D31,621409.66006672,4846948.48711575
6051,80975228,,11/14/2018 5:00:00 AM,827,KEELE ST,FOUR WINDS DR,,Major Arterial,North York,43.765643,-79.491611,At Intersection,Traffic Signal,Clear,Daylight,Dry,Non-Fatal Injury,Pedestrian Collisions,Pedestrian,10 to 14,Major,,Unknown,,,,,Pedestrian hit on sidewalk or shoulder,On Sidewalk or Shoulder,Normal,,,,Yes,,Yes,,,,,,,Yes,Yes,,,27,York University Heights,27,York University Heights (27),D31,621409.66006672,4846948.48711575
6052,80975670,,11/14/2018 5:00:00 AM,1107,YORK MILLS RD,SCARSDALE RD,,Major Arterial,North York,43.753421,-79.357456,At Intersection,Traffic Signal,Clear,Daylight,Dry,Non-Fatal Injury,Pedestrian Collisions,Truck Driver,45 to 49,None,,North,"Truck - Closed (Blazer, etc)",Turning Right,Failed to Yield Right of Way,Inattentive,,,,,,,Yes,,,,Yes,,,,,Yes,,,,42,Banbury-Don Mills,42,Banbury-Don Mills (42),D33,632234.767267952,4845796.48251283
6053,80975671,,11/14/2018 5:00:00 AM,1107,YORK MILLS RD,SCARSDALE RD,,Major Arterial,North York,43.753421,-79.357456,At Intersection,Traffic Signal,Clear,Daylight,Dry,Non-Fatal Injury,Pedestrian Collisions,Pedestrian,45 to 49,Major,,North,,,,,Vehicle turns right while ped crosses with ROW at inter.,Crossing with right of way,Medical or Physical Disability,,,,Yes,,,,Yes,,,,,Yes,,,,42,Banbury-Don Mills,42,Banbury-Don Mills (42),D33,632234.767267952,4845796.48251283
6054,80975743,,11/16/2018 5:00:00 AM,1011,BRUCEWOOD CRES,COVINGTON RD,4 m South of,Collector,North York,43.720133,-79.433635,At Intersection,Stop Sign,Snow,Daylight,Slush,Non-Fatal Injury,Pedestrian Collisions,Driver,25 to 29,None,,South,Pick Up Truck,Turning Left,Improper Turn,Unknown,,,,,,,Yes,,Yes,,,,,,,,,,,32,Englemount-Lawrence,32,Englemount-Lawrence (32),D32,626171.732162356,4841980.56684019
6055,80975744,,11/16/2018 5:00:00 AM,1011,BRUCEWOOD CRES,COVINGTON RD,4 m South of,Collector,North York,43.720133,-79.433635,At Intersection,Stop Sign,Snow,Daylight,Slush,Non-Fatal Injury,Pedestrian Collisions,Pedestrian,25 to 29,Major,,South,,,,,Vehicle turns left while ped crosses with ROW at inter.,Crossing with right of way,Normal,,,,Yes,,Yes,,,,,,,,,,,32,Englemount-Lawrence,32,Englemount-Lawrence (32),D32,626171.732162356,4841980.56684019
6056,81127590,,11/16/2018 5:00:00 AM,2016,STEELES AVE E,BAYVIEW AVE,,Major Arterial,North York,43.803198,-79.39619,At Intersection,Traffic Signal,Snow,"Dark, artificial",Wet,Non-Fatal Injury,Pedestrian Collisions,Driver,20 to 24,None,,South,"Automobile, Station Wagon",Turning Left,Failed to Yield Right of Way,Normal,,,,,,,Yes,,Yes,,,,,,,Yes,,,,49,Bayview Woods-Steeles,49,Bayview Woods-Steeles (49),D33,629009.318411502,4851263.8738437
6057,81127591,,11/16/2018 5:00:00 AM,2016,STEELES AVE E,BAYVIEW AVE,,Major Arterial,North York,43.803198,-79.39619,At Intersection,Traffic Signal,Snow,"Dark, artificial",Wet,Non-Fatal Injury,Pedestrian Collisions,Pedestrian,15 to 19,Major,,South,,,,,Vehicle turns left while ped crosses with ROW at inter.,Crossing with right of way,Normal,,,,Yes,,Yes,,,,,,,Yes,,,,49,Bayview Woods-Steeles,49,Bayview Woods-Steeles (49),D33,629009.318411502,4851263.8738437
6058,80975531,,11/19/2018 5:00:00 AM,617,MCCOWAN RD,ALTON TOWERS CRCL,,Major Arterial,Scarborough,43.822432,-79.273952,At Intersection,Traffic Signal,Clear,Dark,Dry,Non-Fatal Injury,Pedestrian Collisions,Driver,60 to 64,None,,East,"Automobile, Station Wagon",Turning Left,Failed to Yield Right of Way,Inattentive,,,,,,,Yes,,Yes,,,,,Yes,,Yes,,,,130,Milliken,130,Milliken (130),D42,638797.589417116,4853597.95456341
6059,80975532,,11/19/2018 5:00:00 AM,617,MCCOWAN RD,ALTON TOWERS CRCL,,Major Arterial,Scarborough,43.822432,-79.273952,At Intersection,Traffic Signal,Clear,Dark,Dry,Non-Fatal Injury,Pedestrian Collisions,Passenger,20 to 24,None,,,,,,,,,,,,,Yes,,Yes,,,,,Yes,,Yes,,,,130,Milliken,130,Milliken (130),D42,638797.589417116,4853597.95456341
6060,80975533,,11/19/2018 5:00:00 AM,617,MCCOWAN RD,ALTON TOWERS CRCL,,Major Arterial,Scarborough,43.822432,-79.273952,At Intersection,Traffic Signal,Clear,Dark,Dry,Non-Fatal Injury,Pedestrian Collisions,Pedestrian,30 to 34,Major,,West,,,,,Vehicle turns left while ped crosses with ROW at inter.,Crossing with right of way,Normal,,,,Yes,,Yes,,,,,Yes,,Yes,,,,130,Milliken,130,Milliken (130),D42,638797.589417116,4853597.95456341
6061,80975912,,11/19/2018 5:00:00 AM,847,WALPOLE AVE,GLENSIDE AVE,9 m West of,Collector,Toronto and East York,43.674464,-79.327205,At Intersection,Stop Sign,Clear,Daylight,Dry,Non-Fatal Injury,Pedestrian Collisions,Driver,60 to 64,None,,North,"Automobile, Station Wagon",Turning Left,Driving Properly,Normal,,,,,,,Yes,,Yes,,,,,,,,,,,65,Greenwood-Coxwell,65,Greenwood-Coxwell (65),D55,634847.16167332,4837075.91218319
6062,80975913,,11/19/2018 5:00:00 AM,847,WALPOLE AVE,GLENSIDE AVE,9 m West of,Collector,Toronto and East York,43.674464,-79.327205,At Intersection,Stop Sign,Clear,Daylight,Dry,Non-Fatal Injury,Pedestrian Collisions,Pedestrian,0 to 4,Major,,North,,,,,Vehicle turns left while ped crosses without ROW at inter.,Running onto Roadway,Inattentive,,,,Yes,,Yes,,,,,,,,,,,65,Greenwood-Coxwell,65,Greenwood-Coxwell (65),D55,634847.16167332,4837075.91218319
6063,81241076,,11/19/2018 5:00:00 AM,1837,ST CLAIR AVE W,WINONA DR,,Major Arterial,Etobicoke York,43.680205,-79.43246,At Intersection,Traffic Controller,Clear,"Dark, artificial",Dry,Non-Fatal Injury,Pedestrian Collisions,Driver,65 to 69,None,,East,"Automobile, Station Wagon",Going Ahead,Driving Properly,Normal,,,,,,,Yes,,Yes,,,,,,,,,,,94,Wychwood,94,Wychwood (94),D13,626350.221788096,4837547.79762049
6064,81241077,,11/19/2018 5:00:00 AM,1837,ST CLAIR AVE W,WINONA DR,,Major Arterial,Etobicoke York,43.680205,-79.43246,At Intersection,Traffic Controller,Clear,"Dark, artificial",Dry,Non-Fatal Injury,Pedestrian Collisions,Pedestrian,45 to 49,Major,,North,,,,,Vehicle is going straight thru inter.while ped cross without ROW,Crossing without right of way,Normal,,,,Yes,,Yes,,,,,,,,,,,94,Wychwood,94,Wychwood (94),D13,626350.221788096,4837547.79762049
6065,81335156,,11/20/2018 5:00:00 AM,130,MCCOWAN RD,LAWRENCE AVE E,50 m South o,Major Arterial,Scarborough,43.75495,-79.245265,Non Intersection,No Control,Clear,"Dark, artificial",Dry,Non-Fatal Injury,Pedestrian Collisions,Driver,20 to 24,None,,South,"Automobile, Station Wagon",Going Ahead,Other,Unknown,,,,,,,Yes,,Yes,,,,,,,,,,,157,Bendale South,127,Bendale (127),D43,641263.328800501,4846151.53732427
6066,81335157,,11/20/2018 5:00:00 AM,130,MCCOWAN RD,LAWRENCE AVE E,50 m South o,Major Arterial,Scarborough,43.75495,-79.245265,Non Intersection,No Control,Clear,"Dark, artificial",Dry,Non-Fatal Injury,Pedestrian Collisions,Pedestrian,20 to 24,Major,,West,,,,,Pedestrian hit at mid-block,"Crossing, no Traffic Control",Inattentive,,,,Yes,,Yes,,,,,,,,,,,157,Bendale South,127,Bendale (127),D43,641263.328800501,4846151.53732427
6067,80976179,,11/20/2018 5:00:00 AM,1606,DUFFERIN ST,STEEPROCK DR,52 m North o,Major Arterial,North York,43.761832,-79.465358,Non Intersection,No Control,Clear,"Dusk, artificial",Dry,Non-Fatal Injury,Pedestrian Collisions,Driver,60 to 64,None,,South,"Automobile, Station Wagon",Going Ahead,Driving Properly,Normal,,,,,,,Yes,,Yes,,,,,,,,,,,34,Bathurst Manor,34,Bathurst Manor (34),D32,623530.614797772,4846564.04277177
6068,80976180,,11/20/2018 5:00:00 AM,1606,DUFFERIN ST,STEEPROCK DR,52 m North o,Major Arterial,North York,43.761832,-79.465358,Non Intersection,No Control,Clear,"Dusk, artificial",Dry,Non-Fatal Injury,Pedestrian Collisions,Pedestrian,20 to 24,Major,,East,,,,,Pedestrian hit at mid-block,"Crossing, no Traffic Control",Inattentive,,,,Yes,,Yes,,,,,,,,,,,34,Bathurst Manor,34,Bathurst Manor (34),D32,623530.614797772,4846564.04277177
6069,80975009,,11/20/2018 5:00:00 AM,1804,665 LAWRENCE AVE W,,,Major Arterial,North York,43.715853,-79.444942,At Intersection,Traffic Signal,Clear,"Dark, artificial",Dry,Fatal,Pedestrian Collisions,Driver,50 to 54,Minor,,West,Municipal Transit Bus (TTC),Turning Left,Driving Properly,Inattentive,,,,,,,Yes,,,,,Yes,,,,,,,,31,Yorkdale-Glen Park,31,Yorkdale-Glen Park (31),D13,625269.856231882,4841488.06109546
6070,80975446,,11/20/2018 5:00:00 AM,1804,665 LAWRENCE AVE W,,,Major Arterial,North York,43.715853,-79.444942,At Intersection,Traffic Signal,Clear,"Dark, artificial",Dry,Fatal,Pedestrian Collisions,Pedestrian,55 to 59,Fatal,61,West,,,,,Pedestrian involved in a collision with transit vehicle anywhere along roadway,Crossing marked crosswalk without ROW,Inattentive,,,,Yes,,,,,Yes,,,,,,,,31,Yorkdale-Glen Park,31,Yorkdale-Glen Park (31),D13,625269.856231882,4841488.06109546
6071,80975527,,11/21/2018 5:00:00 AM,1952,DANFORTH RD,KENNEDY RD,,Minor Arterial,Scarborough,43.714774,-79.260837,At Intersection,Traffic Signal,Clear,Dark,Wet,Non-Fatal Injury,Pedestrian Collisions,Driver,unknown,None,,North,"Automobile, Station Wagon",Turning Left,Improper Turn,Inattentive,,,,,,,Yes,,Yes,,,,,,,,,,,120,Clairlea-Birchmount,120,Clairlea-Birchmount (120),D41,640103.369120705,4841662.94977575
6072,80975528,,11/21/2018 5:00:00 AM,1952,DANFORTH RD,KENNEDY RD,,Minor Arterial,Scarborough,43.714774,-79.260837,At Intersection,Traffic Signal,Clear,Dark,Wet,Non-Fatal Injury,Pedestrian Collisions,Pedestrian,20 to 24,Major,,Unknown,,,,,Vehicle turns left while ped crosses with ROW at inter.,Crossing with right of way,Normal,,,,Yes,,Yes,,,,,,,,,,,120,Clairlea-Birchmount,120,Clairlea-Birchmount (120),D41,640103.369120705,4841662.94977575
6073,80976238,,11/23/2018 5:00:00 AM,1739,DUNDALK DR,GLAMORGAN AVE,30 m South o,Collector,Scarborough,43.767878,-79.285014,Non Intersection,No Control,Clear,Daylight,Dry,Non-Fatal Injury,Pedestrian Collisions,Driver,unknown,None,,North,Pick Up Truck,Going Ahead,Other,Unknown,,,,,,,Yes,,Yes,,,,,,,,,,,126,Dorset Park,126,Dorset Park (126),D41,638033.600380205,4847520.36107944