OBJECTID,INDEX,ACCNUM,DATE,TIME,STREET1,STREET2,OFFSET,ROAD_CLASS,DISTRICT,LATITUDE,LONGITUDE,ACCLOC,TRAFFCTL,VISIBILITY,LIGHT,RDSFCOND,ACCLASS,IMPACTYPE,INVTYPE,INVAGE,INJURY,FATAL_NO,INITDIR,VEHTYPE,MANOEUVER,DRIVACT,DRIVCOND,PEDTYPE,PEDACT,PEDCOND,CYCLISTYPE,CYCACT,CYCCOND,PEDESTRIAN,CYCLIST,AUTOMOBILE,MOTORCYCLE,TRUCK,TRSN_CITY_VEH,EMERG_VEH,PASSENGER,SPEEDING,AG_DRIV,REDLIGHT,ALCOHOL,DISABILITY,HOOD_158,NEIGHBOURHOOD_158,HOOD_140,NEIGHBOURHOOD_140,DIVISION,x,y
6527,81340413,,12/28/2019 5:00:00 AM,1514,GERRARD ST W,BAY ST,,Major Arterial,Toronto and East York,43.658438,-79.384853,At Intersection,Traffic Signal,Clear,Daylight,Dry,Non-Fatal Injury,Pedestrian Collisions,Driver,50 to 54,None,,South,"Automobile, Station Wagon",Going Ahead,Disobeyed Traffic Control,Inattentive,,,,,,,Yes,,Yes,,,,,,,Yes,Yes,,,170,Yonge-Bay Corridor,76,Bay Street Corridor (76),D52,630234.650882147,4835203.90581523
6528,81340414,,12/28/2019 5:00:00 AM,1514,GERRARD ST W,BAY ST,,Major Arterial,Toronto and East York,43.658438,-79.384853,At Intersection,Traffic Signal,Clear,Daylight,Dry,Non-Fatal Injury,Pedestrian Collisions,Driver,25 to 29,None,,West,"Automobile, Station Wagon",Going Ahead,Driving Properly,Normal,,,,,,,Yes,,Yes,,,,,,,Yes,Yes,,,170,Yonge-Bay Corridor,76,Bay Street Corridor (76),D52,630234.650882147,4835203.90581523
6529,81340415,,12/28/2019 5:00:00 AM,1514,GERRARD ST W,BAY ST,,Major Arterial,Toronto and East York,43.658438,-79.384853,At Intersection,Traffic Signal,Clear,Daylight,Dry,Non-Fatal Injury,Pedestrian Collisions,Pedestrian,25 to 29,Major,,Unknown,,,,,Pedestrian hit on sidewalk or shoulder,On Sidewalk or Shoulder,Normal,,,,Yes,,Yes,,,,,,,Yes,Yes,,,170,Yonge-Bay Corridor,76,Bay Street Corridor (76),D52,630234.650882147,4835203.90581523
6530,81462415,,12/28/2019 5:00:00 AM,1740,MARTIN GROVE RD,DIXON RD,,Major Arterial,Etobicoke York,43.691519,-79.570796,At Intersection,Traffic Signal,Clear,Dark,Dry,Non-Fatal Injury,Pedestrian Collisions,Driver,20 to 24,None,,North,"Automobile, Station Wagon",Turning Left,Driving Properly,Normal,,,,,,,Yes,,Yes,,,,,Yes,,,,,,1,West Humber-Clairville,1,West Humber-Clairville (1),D23,615178.023696099,4838602.93065438
6531,81462416,,12/28/2019 5:00:00 AM,1740,MARTIN GROVE RD,DIXON RD,,Major Arterial,Etobicoke York,43.691519,-79.570796,At Intersection,Traffic Signal,Clear,Dark,Dry,Non-Fatal Injury,Pedestrian Collisions,Passenger,15 to 19,None,,,,,,,,,,,,,Yes,,Yes,,,,,Yes,,,,,,1,West Humber-Clairville,1,West Humber-Clairville (1),D23,615178.023696099,4838602.93065438
6532,81462417,,12/28/2019 5:00:00 AM,1740,MARTIN GROVE RD,DIXON RD,,Major Arterial,Etobicoke York,43.691519,-79.570796,At Intersection,Traffic Signal,Clear,Dark,Dry,Non-Fatal Injury,Pedestrian Collisions,Pedestrian,50 to 54,Major,,Unknown,,,,,Vehicle turns left while ped crosses without ROW at inter.,Crossing without right of way,Inattentive,,,,Yes,,Yes,,,,,Yes,,,,,,1,West Humber-Clairville,1,West Humber-Clairville (1),D23,615178.023696099,4838602.93065438
6533,81421983,25301,1/4/2020 5:00:00 AM,1850,EGLINTON AVE E,BAYVIEW AVE,9 m North of,Major Arterial,North York,43.710967,-79.377116,Intersection Related,Traffic Signal,Rain,Dark,Wet,Non-Fatal Injury,Pedestrian Collisions,Driver,75 to 79,None,,North,"Automobile, Station Wagon",Going Ahead,Driving Properly,Normal,,,,,,,Yes,,Yes,,,,,,,,,,,56,Leaside-Bennington,56,Leaside-Bennington (56),D53,630744.351818685,4841050.1465508
6534,81421984,25301,1/4/2020 5:00:00 AM,1850,EGLINTON AVE E,BAYVIEW AVE,9 m North of,Major Arterial,North York,43.710967,-79.377116,Intersection Related,Traffic Signal,Rain,Dark,Wet,Non-Fatal Injury,Pedestrian Collisions,Pedestrian,65 to 69,Major,,East,,,,,Pedestrian hit at mid-block,"Crossing, no Traffic Control",Medical or Physical Disability,,,,Yes,,Yes,,,,,,,,,,,56,Leaside-Bennington,56,Leaside-Bennington (56),D53,630744.351818685,4841050.1465508
6535,81340229,26294,1/4/2020 5:00:00 AM,2214,256 JARVIS ST,,GERRARD ST E,Major Arterial,Toronto and East York,43.659568,-79.37556,Non Intersection,No Control,Clear,"Dark, artificial",Dry,Fatal,Pedestrian Collisions,Pedestrian,65 to 69,Fatal,1,East,,,,,Pedestrian hit at mid-block,"Crossing, no Traffic Control",Unknown,,,,Yes,,Yes,,,,,,,,,,,168,Downtown Yonge East,75,Church-Yonge Corridor (75),D51,630981.52708573,4835344.03590636
6536,81341764,26294,1/4/2020 5:00:00 AM,2214,256 JARVIS ST,,GERRARD ST E,Major Arterial,Toronto and East York,43.659568,-79.37556,Non Intersection,No Control,Clear,"Dark, artificial",Dry,Fatal,Pedestrian Collisions,Driver,20 to 24,None,,North,"Automobile, Station Wagon",Going Ahead,Driving Properly,Unknown,,,,,,,Yes,,Yes,,,,,,,,,,,168,Downtown Yonge East,75,Church-Yonge Corridor (75),D51,630981.52708573,4835344.03590636
6537,81421849,37330,1/6/2020 5:00:00 AM,1555,DUNDAS ST W,SHERIDAN AVE,6 m South of,Minor Arterial,Toronto and East York,43.649699,-79.43365,At Intersection,Traffic Signal,Clear,"Dawn, artificial",Dry,Non-Fatal Injury,Pedestrian Collisions,Driver,50 to 54,None,,West,"Automobile, Station Wagon",Going Ahead,Failed to Yield Right of Way,Normal,,,,,,,Yes,,Yes,,,,,,,Yes,,,,84,Little Portugal,84,Little Portugal (84),D11,626318.26894585,4834157.89018834
6538,81421850,37330,1/6/2020 5:00:00 AM,1555,DUNDAS ST W,SHERIDAN AVE,6 m South of,Minor Arterial,Toronto and East York,43.649699,-79.43365,At Intersection,Traffic Signal,Clear,"Dawn, artificial",Dry,Non-Fatal Injury,Pedestrian Collisions,Pedestrian,75 to 79,Major,,North,,,,,Vehicle is going straight thru inter.while ped cross with ROW,Crossing with right of way,Normal,,,,Yes,,Yes,,,,,,,Yes,,,,84,Little Portugal,84,Little Portugal (84),D11,626318.26894585,4834157.89018834
6539,81418593,66893,1/10/2020 5:00:00 AM,1721,CRUIKSHANK AVE,CARLAW AVE,,Collector,Toronto and East York,43.680693,-79.348178,At Intersection,Stop Sign,Rain,"Dark, artificial",Wet,Non-Fatal Injury,Pedestrian Collisions,Driver,55 to 59,None,,West,"Automobile, Station Wagon",Turning Left,Failed to Yield Right of Way,Inattentive,,,,,,,Yes,,Yes,,,,,,,Yes,,,,67,Playter Estates-Danforth,67,Playter Estates-Danforth (67),D55,633142.692069286,4837733.845303
6540,81418594,66893,1/10/2020 5:00:00 AM,1721,CRUIKSHANK AVE,CARLAW AVE,,Collector,Toronto and East York,43.680693,-79.348178,At Intersection,Stop Sign,Rain,"Dark, artificial",Wet,Non-Fatal Injury,Pedestrian Collisions,Pedestrian,40 to 44,Major,,North,,,,,Vehicle turns left while ped crosses with ROW at inter.,Crossing with right of way,Normal,,,,Yes,,Yes,,,,,,,Yes,,,,67,Playter Estates-Danforth,67,Playter Estates-Danforth (67),D55,633142.692069286,4837733.845303
6541,81421062,73153,1/11/2020 5:00:00 AM,1625,FORT YORK BLVD,DAN LECKIE WAY,,Local,Toronto and East York,43.639331,-79.39796,At Intersection,Traffic Signal,Rain,Dark,Wet,Non-Fatal Injury,Pedestrian Collisions,Driver,unknown,None,,East,"Automobile, Station Wagon",Making U Turn,Improper Turn,Unknown,,,,,,,Yes,,Yes,,,,,,,,,,,165,Harbourfront-CityPlace,77,Waterfront Communities-The Island (77),D14,629218.745210272,4833061.3345615
6542,81421063,73153,1/11/2020 5:00:00 AM,1625,FORT YORK BLVD,DAN LECKIE WAY,,Local,Toronto and East York,43.639331,-79.39796,At Intersection,Traffic Signal,Rain,Dark,Wet,Non-Fatal Injury,Pedestrian Collisions,Pedestrian,25 to 29,Major,,South,,,,,Vehicle turns left while ped crosses with ROW at inter.,Crossing with right of way,Normal,,,,Yes,,Yes,,,,,,,,,,,165,Harbourfront-CityPlace,77,Waterfront Communities-The Island (77),D14,629218.745210272,4833061.3345615
6543,81418475,74293,1/11/2020 5:00:00 AM,1938,WESTON RD,DORA SPENCER RD,,Minor Arterial,Etobicoke York,43.691981,-79.502734,At Intersection,No Control,Rain,"Dark, artificial",Wet,Non-Fatal Injury,Pedestrian Collisions,Driver,40 to 44,None,,North,"Automobile, Station Wagon",Turning Left,Failed to Yield Right of Way,Normal,,,,,,,Yes,,Yes,,,,,,,Yes,,,,115,Mount Dennis,115,Mount Dennis (115),D12,620662.184435024,4838751.02661225
6544,81418476,74293,1/11/2020 5:00:00 AM,1938,WESTON RD,DORA SPENCER RD,,Minor Arterial,Etobicoke York,43.691981,-79.502734,At Intersection,No Control,Rain,"Dark, artificial",Wet,Non-Fatal Injury,Pedestrian Collisions,Pedestrian,70 to 74,Major,,South,,,,,Vehicle turns left while ped crosses without ROW at inter.,Crossing without right of way,Had Been Drinking,,,,Yes,,Yes,,,,,,,Yes,,,,115,Mount Dennis,115,Mount Dennis (115),D12,620662.184435024,4838751.02661225
6545,81423697,75272,1/11/2020 5:00:00 AM,2257,ST CLAIR AVE W,GLENHOLME AVE,,Major Arterial,Etobicoke York,43.678935,-79.438586,At Intersection,Traffic Signal,Rain,"Dark, artificial",Wet,Non-Fatal Injury,Pedestrian Collisions,Driver,20 to 24,None,,West,"Automobile, Station Wagon",Going Ahead,Driving Properly,Normal,,,,,,,Yes,,Yes,,,,,Yes,,,,,,92,Corso Italia-Davenport,92,Corso Italia-Davenport (92),D13,625859.091476435,4837397.43290104
6546,81423698,75272,1/11/2020 5:00:00 AM,2257,ST CLAIR AVE W,GLENHOLME AVE,,Major Arterial,Etobicoke York,43.678935,-79.438586,At Intersection,Traffic Signal,Rain,"Dark, artificial",Wet,Non-Fatal Injury,Pedestrian Collisions,Passenger,15 to 19,None,,,,,,,,,,,,,Yes,,Yes,,,,,Yes,,,,,,92,Corso Italia-Davenport,92,Corso Italia-Davenport (92),D13,625859.091476435,4837397.43290104
6547,81423699,75272,1/11/2020 5:00:00 AM,2257,ST CLAIR AVE W,GLENHOLME AVE,,Major Arterial,Etobicoke York,43.678935,-79.438586,At Intersection,Traffic Signal,Rain,"Dark, artificial",Wet,Non-Fatal Injury,Pedestrian Collisions,Passenger,15 to 19,None,,,,,,,,,,,,,Yes,,Yes,,,,,Yes,,,,,,92,Corso Italia-Davenport,92,Corso Italia-Davenport (92),D13,625859.091476435,4837397.43290104
6548,81423700,75272,1/11/2020 5:00:00 AM,2257,ST CLAIR AVE W,GLENHOLME AVE,,Major Arterial,Etobicoke York,43.678935,-79.438586,At Intersection,Traffic Signal,Rain,"Dark, artificial",Wet,Non-Fatal Injury,Pedestrian Collisions,Passenger,10 to 14,None,,,,,,,,,,,,,Yes,,Yes,,,,,Yes,,,,,,92,Corso Italia-Davenport,92,Corso Italia-Davenport (92),D13,625859.091476435,4837397.43290104
6549,81423701,75272,1/11/2020 5:00:00 AM,2257,ST CLAIR AVE W,GLENHOLME AVE,,Major Arterial,Etobicoke York,43.678935,-79.438586,At Intersection,Traffic Signal,Rain,"Dark, artificial",Wet,Non-Fatal Injury,Pedestrian Collisions,Pedestrian,55 to 59,Major,,North,,,,,Vehicle is going straight thru inter.while ped cross without ROW,Crossing without right of way,Normal,,,,Yes,,Yes,,,,,Yes,,,,,,92,Corso Italia-Davenport,92,Corso Italia-Davenport (92),D13,625859.091476435,4837397.43290104
6550,81421898,76304,1/12/2020 5:00:00 AM,330,FRONT ST W,JOHN ST,17 m West of,Minor Arterial,Toronto and East York,43.643897,-79.388675,Intersection Related,No Control,Rain,"Dark, artificial",Wet,Non-Fatal Injury,Pedestrian Collisions,Driver,30 to 34,Minor,,West,"Automobile, Station Wagon",Going Ahead,Driving Properly,Normal,,,,,,,Yes,,Yes,,,,,,,,,,,165,Harbourfront-CityPlace,77,Waterfront Communities-The Island (77),D52,629957.825671189,4833582.94508571
6551,81421899,76304,1/12/2020 5:00:00 AM,330,FRONT ST W,JOHN ST,17 m West of,Minor Arterial,Toronto and East York,43.643897,-79.388675,Intersection Related,No Control,Rain,"Dark, artificial",Wet,Non-Fatal Injury,Pedestrian Collisions,Pedestrian,20 to 24,Major,,North,,,,,Pedestrian hit at mid-block,"Crossing, no Traffic Control",Had Been Drinking,,,,Yes,,Yes,,,,,,,,,,,165,Harbourfront-CityPlace,77,Waterfront Communities-The Island (77),D52,629957.825671189,4833582.94508571
6552,81484619,95001,1/14/2020 5:00:00 AM,1812,MCLEVIN AVE,TAPSCOTT RD,,Minor Arterial,Scarborough,43.80511,-79.22665,At Intersection,Traffic Signal,Rain,Dark,Wet,Non-Fatal Injury,Pedestrian Collisions,Driver,25 to 29,None,,North,"Automobile, Station Wagon",Turning Left,Failed to Yield Right of Way,Normal,,,,,,,Yes,,Yes,,,,,,,Yes,,,,145,Malvern West,132,Malvern (132),D42,642642.590269921,4851754.51862868
6553,81484620,95001,1/14/2020 5:00:00 AM,1812,MCLEVIN AVE,TAPSCOTT RD,,Minor Arterial,Scarborough,43.80511,-79.22665,At Intersection,Traffic Signal,Rain,Dark,Wet,Non-Fatal Injury,Pedestrian Collisions,Pedestrian,30 to 34,Major,,South,,,,,Vehicle turns left while ped crosses with ROW at inter.,Crossing with right of way,Normal,,,,Yes,,Yes,,,,,,,Yes,,,,145,Malvern West,132,Malvern (132),D42,642642.590269921,4851754.51862868
6554,81418772,105298,1/16/2020 5:00:00 AM,540,DANZIG ST,MORNINGSIDE AVE,,Minor Arterial,Scarborough,43.764796,-79.184848,At Intersection,Traffic Signal,Rain,"Dark, artificial",Wet,Non-Fatal Injury,Pedestrian Collisions,Driver,60 to 64,None,,East,Pick Up Truck,Turning Left,Failed to Yield Right of Way,Normal,,,,,,,Yes,,Yes,,,,,,,Yes,,,,136,West Hill,136,West Hill (136),D43,646103.236229999,4847349.91412601
6555,81418773,105298,1/16/2020 5:00:00 AM,540,DANZIG ST,MORNINGSIDE AVE,,Minor Arterial,Scarborough,43.764796,-79.184848,At Intersection,Traffic Signal,Rain,"Dark, artificial",Wet,Non-Fatal Injury,Pedestrian Collisions,Pedestrian,65 to 69,Major,,West,,,,,Vehicle turns left while ped crosses with ROW at inter.,Crossing with right of way,Normal,,,,Yes,,Yes,,,,,,,Yes,,,,136,West Hill,136,West Hill (136),D43,646103.236229999,4847349.91412601
6556,81418687,136270,1/20/2020 5:00:00 AM,1658,ISLINGTON AVE,BROMLEY CRES,,Major Arterial,Etobicoke York,43.662558,-79.531223,Intersection Related,No Control,Clear,Daylight,Loose Snow,Non-Fatal Injury,Pedestrian Collisions,Driver,45 to 49,None,,North,Municipal Transit Bus (TTC),Going Ahead,Driving Properly,Normal,,,,,,,Yes,,,,,Yes,,,,,,,,9,Edenbridge-Humber Valley,9,Edenbridge-Humber Valley (9),D22,618424.149014773,4835442.15366438
6557,81418688,136270,1/20/2020 5:00:00 AM,1658,ISLINGTON AVE,BROMLEY CRES,,Major Arterial,Etobicoke York,43.662558,-79.531223,Intersection Related,No Control,Clear,Daylight,Loose Snow,Non-Fatal Injury,Pedestrian Collisions,Pedestrian,15 to 19,Major,,Unknown,,,,,Pedestrian involved in a collision with transit vehicle anywhere along roadway,Crossing without right of way,Inattentive,,,,Yes,,,,,Yes,,,,,,,,9,Edenbridge-Humber Valley,9,Edenbridge-Humber Valley (9),D22,618424.149014773,4835442.15366438
6558,81341763,139578,1/21/2020 5:00:00 AM,701,ALNESS ST,SUPERTEST RD,,Minor Arterial,North York,43.776736,-79.474407,At Intersection,Traffic Signal,Clear,"Dark, artificial",Dry,Fatal,Pedestrian Collisions,Truck Driver,50 to 54,None,,East,Truck-Tractor,Turning Right,Failed to Yield Right of Way,Inattentive,,,,,,,Yes,,,,Yes,,,,,Yes,,,,27,York University Heights,27,York University Heights (27),D32,622771.715271789,4848205.8982962
6559,81341765,139578,1/21/2020 5:00:00 AM,701,ALNESS ST,SUPERTEST RD,,Minor Arterial,North York,43.776736,-79.474407,At Intersection,Traffic Signal,Clear,"Dark, artificial",Dry,Fatal,Pedestrian Collisions,Pedestrian,25 to 29,Fatal,2,Unknown,,,,,Vehicle turns right while ped crosses with ROW at inter.,Crossing with right of way,Unknown,,,,Yes,,,,Yes,,,,,Yes,,,,27,York University Heights,27,York University Heights (27),D32,622771.715271789,4848205.8982962
6560,81423543,180484,1/26/2020 5:00:00 AM,1932,KINGSTON RD,WEST HILL DR,15 m East of,Major Arterial,Scarborough,43.774241,-79.18172,Intersection Related,No Control,Rain,"Dark, artificial",Wet,Non-Fatal Injury,Pedestrian Collisions,Driver,55 to 59,None,,East,"Automobile, Station Wagon",Going Ahead,Driving Properly,Normal,,,,,,,Yes,,Yes,,,,,Yes,,,,,,136,West Hill,136,West Hill (136),D43,646331.978289197,4848404.4542402
6561,81423544,180484,1/26/2020 5:00:00 AM,1932,KINGSTON RD,WEST HILL DR,15 m East of,Major Arterial,Scarborough,43.774241,-79.18172,Intersection Related,No Control,Rain,"Dark, artificial",Wet,Non-Fatal Injury,Pedestrian Collisions,Passenger,50 to 54,None,,,,,,,,,,,,,Yes,,Yes,,,,,Yes,,,,,,136,West Hill,136,West Hill (136),D43,646331.978289197,4848404.4542402
6562,81423545,180484,1/26/2020 5:00:00 AM,1932,KINGSTON RD,WEST HILL DR,15 m East of,Major Arterial,Scarborough,43.774241,-79.18172,Intersection Related,No Control,Rain,"Dark, artificial",Wet,Non-Fatal Injury,Pedestrian Collisions,Pedestrian,75 to 79,Major,,South,,,,,Pedestrian hit at mid-block,"Crossing, no Traffic Control",Normal,,,,Yes,,Yes,,,,,Yes,,,,,,136,West Hill,136,West Hill (136),D43,646331.978289197,4848404.4542402
6563,81419335,187607,1/27/2020 5:00:00 AM,1817,MORNINGSIDE AVE,401 C E MORNINGSIDE AVE S RAMP,61 m North o,Major Arterial,Scarborough,43.795348,-79.196597,Non Intersection,No Control,Clear,"Dark, artificial",Dry,Non-Fatal Injury,Pedestrian Collisions,Driver,50 to 54,None,,South,"Automobile, Station Wagon",Going Ahead,Driving Properly,Normal,,,,,,,Yes,,Yes,,,,,,,,,,,134,Highland Creek,134,Highland Creek (134),D43,645083.614674521,4850722.53675453
6564,81419336,187607,1/27/2020 5:00:00 AM,1817,MORNINGSIDE AVE,401 C E MORNINGSIDE AVE S RAMP,61 m North o,Major Arterial,Scarborough,43.795348,-79.196597,Non Intersection,No Control,Clear,"Dark, artificial",Dry,Non-Fatal Injury,Pedestrian Collisions,Pedestrian,35 to 39,Major,,North,,,,,Pedestrian hit at mid-block,"Crossing, no Traffic Control",Inattentive,,,,Yes,,Yes,,,,,,,,,,,134,Highland Creek,134,Highland Creek (134),D43,645083.614674521,4850722.53675453
6565,81341766,188526,1/27/2020 5:00:00 AM,2030,3775 DUNDAS ST W,,,Major Arterial,Etobicoke York,43.665305,-79.49982,Non Intersection,No Control,Clear,"Dark, artificial",Dry,Fatal,Pedestrian Collisions,Pedestrian,75 to 79,Fatal,3,South,,,,,Pedestrian hit at mid-block,"Crossing, no Traffic Control",Normal,,,,Yes,,Yes,,,,,,,,,,,114,Lambton Baby Point,114,Lambton Baby Point (114),D11,620950.606151105,4835792.54559354
6566,81341767,188526,1/27/2020 5:00:00 AM,2030,3775 DUNDAS ST W,,,Major Arterial,Etobicoke York,43.665305,-79.49982,Non Intersection,No Control,Clear,"Dark, artificial",Dry,Fatal,Pedestrian Collisions,Driver,40 to 44,None,,East,"Automobile, Station Wagon",Going Ahead,Driving Properly,Normal,,,,,,,Yes,,Yes,,,,,,,,,,,114,Lambton Baby Point,114,Lambton Baby Point (114),D11,620950.606151105,4835792.54559354
6567,81341768,202070,1/29/2020 5:00:00 AM,1634,LAWRENCE AVE E,DON MILLS RD,,Major Arterial,North York,43.736853,-79.344562,Non Intersection,No Control,Clear,Daylight,Dry,Fatal,Pedestrian Collisions,Pedestrian,60 to 64,Fatal,4,North,,,,,Pedestrian hit at mid-block,"Crossing, no Traffic Control",Normal,,,,Yes,,Yes,,,,,,,,,,,42,Banbury-Don Mills,42,Banbury-Don Mills (42),D33,633309.595413655,4843977.02543974
6568,81341769,202070,1/29/2020 5:00:00 AM,1634,LAWRENCE AVE E,DON MILLS RD,,Major Arterial,North York,43.736853,-79.344562,Non Intersection,No Control,Clear,Daylight,Dry,Fatal,Pedestrian Collisions,Driver,25 to 29,Minimal,,West,"Automobile, Station Wagon",Going Ahead,Driving Properly,Inattentive,,,,,,,Yes,,Yes,,,,,,,,,,,42,Banbury-Don Mills,42,Banbury-Don Mills (42),D33,633309.595413655,4843977.02543974
6569,81423586,212688,1/31/2020 5:00:00 AM,415,SHEPPARD AVE W,WILLIAM R ALLEN RD,,Major Arterial,North York,43.750178,-79.463344,At Intersection,Traffic Signal,Clear,"Dark, artificial",Dry,Non-Fatal Injury,Pedestrian Collisions,Truck Driver,25 to 29,None,,East,Truck - Tank,Turning Right,Driving Properly,Normal,,,,,,,Yes,,,,Yes,,,,,,,,,155,Downsview,26,Downsview-Roding-CFB (26),D32,623716.746174198,4845272.69946069
6570,81423587,212688,1/31/2020 5:00:00 AM,415,SHEPPARD AVE W,WILLIAM R ALLEN RD,,Major Arterial,North York,43.750178,-79.463344,At Intersection,Traffic Signal,Clear,"Dark, artificial",Dry,Non-Fatal Injury,Pedestrian Collisions,Pedestrian,35 to 39,Major,,South,,,,,Other / Undefined,Other,"Ability Impaired, Drugs",,,,Yes,,,,Yes,,,,,,,,,155,Downsview,26,Downsview-Roding-CFB (26),D32,623716.746174198,4845272.69946069
6571,81484947,214205,1/31/2020 5:00:00 AM,1014,DANFORTH AVE,PAPE AVE,9 m South of,Major Arterial,Toronto and East York,43.678881,-79.344806,At Intersection,Traffic Signal,Clear,Daylight,Dry,Non-Fatal Injury,Pedestrian Collisions,Driver,40 to 44,None,,East,"Automobile, Station Wagon",Slowing or Stopping,Failed to Yield Right of Way,Normal,,,,,,,Yes,,Yes,,,,,Yes,,Yes,,,,69,Blake-Jones,69,Blake-Jones (69),D55,633418.506425968,4837538.0165878
6572,81484948,214205,1/31/2020 5:00:00 AM,1014,DANFORTH AVE,PAPE AVE,9 m South of,Major Arterial,Toronto and East York,43.678881,-79.344806,At Intersection,Traffic Signal,Clear,Daylight,Dry,Non-Fatal Injury,Pedestrian Collisions,Passenger,40 to 44,None,,,,,,,,,,,,,Yes,,Yes,,,,,Yes,,Yes,,,,69,Blake-Jones,69,Blake-Jones (69),D55,633418.506425968,4837538.0165878
6573,81484949,214205,1/31/2020 5:00:00 AM,1014,DANFORTH AVE,PAPE AVE,9 m South of,Major Arterial,Toronto and East York,43.678881,-79.344806,At Intersection,Traffic Signal,Clear,Daylight,Dry,Non-Fatal Injury,Pedestrian Collisions,Passenger,65 to 69,None,,,,,,,,,,,,,Yes,,Yes,,,,,Yes,,Yes,,,,69,Blake-Jones,69,Blake-Jones (69),D55,633418.506425968,4837538.0165878
6574,81484950,214205,1/31/2020 5:00:00 AM,1014,DANFORTH AVE,PAPE AVE,9 m South of,Major Arterial,Toronto and East York,43.678881,-79.344806,At Intersection,Traffic Signal,Clear,Daylight,Dry,Non-Fatal Injury,Pedestrian Collisions,Passenger,0 to 4,None,,,,,,,,,,,,,Yes,,Yes,,,,,Yes,,Yes,,,,69,Blake-Jones,69,Blake-Jones (69),D55,633418.506425968,4837538.0165878
6575,81484951,214205,1/31/2020 5:00:00 AM,1014,DANFORTH AVE,PAPE AVE,9 m South of,Major Arterial,Toronto and East York,43.678881,-79.344806,At Intersection,Traffic Signal,Clear,Daylight,Dry,Non-Fatal Injury,Pedestrian Collisions,Pedestrian,85 to 89,Major,,North,,,,,Vehicle is going straight thru inter.while ped cross with ROW,Crossing with right of way,Normal,,,,Yes,,Yes,,,,,Yes,,Yes,,,,69,Blake-Jones,69,Blake-Jones (69),D55,633418.506425968,4837538.0165878
6576,81421640,220239,2/1/2020 5:00:00 AM,231,YONGE ST,KING ST W,,Major Arterial,Toronto and East York,43.649077,-79.377879,At Intersection,Traffic Signal,Clear,"Dark, artificial",Dry,Non-Fatal Injury,Pedestrian Collisions,Driver,35 to 39,Minimal,,South,"Automobile, Station Wagon",Going Ahead,Driving Properly,Inattentive,,,,,,,Yes,,Yes,,,,,,,,,,,168,Downtown Yonge East,75,Church-Yonge Corridor (75),D51,630817.317408433,4834175.21358925
6577,81421641,220239,2/1/2020 5:00:00 AM,231,YONGE ST,KING ST W,,Major Arterial,Toronto and East York,43.649077,-79.377879,At Intersection,Traffic Signal,Clear,"Dark, artificial",Dry,Non-Fatal Injury,Pedestrian Collisions,Pedestrian,20 to 24,Major,,West,,,,,Vehicle is going straight thru inter.while ped cross without ROW,Crossing without right of way,"Ability Impaired, Alcohol",,,,Yes,,Yes,,,,,,,,,,,168,Downtown Yonge East,75,Church-Yonge Corridor (75),D51,630817.317408433,4834175.21358925
6578,81423226,270261,2/7/2020 5:00:00 AM,1915,JANE ST,BEVERLY HILLS DR,,Major Arterial,Etobicoke York,43.719008,-79.508113,At Intersection,Traffic Signal,Clear,"Dark, artificial",Wet,Non-Fatal Injury,Pedestrian Collisions,Driver,50 to 54,None,,South,"Automobile, Station Wagon",Going Ahead,Driving Properly,Normal,,,,,,,Yes,,Yes,,,,,,,,,,,154,Oakdale-Beverley Heights,26,Downsview-Roding-CFB (26),D31,620174.679313735,4841744.93490308
6579,81423227,270261,2/7/2020 5:00:00 AM,1915,JANE ST,BEVERLY HILLS DR,,Major Arterial,Etobicoke York,43.719008,-79.508113,At Intersection,Traffic Signal,Clear,"Dark, artificial",Wet,Non-Fatal Injury,Pedestrian Collisions,Pedestrian,50 to 54,Major,,West,,,,,Vehicle is going straight thru inter.while ped cross without ROW,Crossing without right of way,Normal,,,,Yes,,Yes,,,,,,,,,,,154,Oakdale-Beverley Heights,26,Downsview-Roding-CFB (26),D31,620174.679313735,4841744.93490308
6580,81487437,296685,2/11/2020 5:00:00 AM,1355,BATHURST ST,STORMONT AVE,2 m  of,Major Arterial,North York,43.718352,-79.429553,At Intersection,No Control,Clear,Daylight,Dry,Non-Fatal Injury,Pedestrian Collisions,Driver,55 to 59,None,,North,Passenger Van,Going Ahead,Driving Properly,Normal,,,,,,,Yes,,Yes,,,,,,,,,,,39,Bedford Park-Nortown,39,Bedford Park-Nortown (39),D53,626504.291008472,4841788.98378853
6581,81487438,296685,2/11/2020 5:00:00 AM,1355,BATHURST ST,STORMONT AVE,2 m  of,Major Arterial,North York,43.718352,-79.429553,At Intersection,No Control,Clear,Daylight,Dry,Non-Fatal Injury,Pedestrian Collisions,Pedestrian,10 to 14,Major,,East,,,,,Vehicle is going straight thru inter.while ped cross without ROW,"Crossing, no Traffic Control",Normal,,,,Yes,,Yes,,,,,,,,,,,39,Bedford Park-Nortown,39,Bedford Park-Nortown (39),D53,626504.291008472,4841788.98378853