OBJECTID,INDEX,ACCNUM,DATE,TIME,STREET1,STREET2,OFFSET,ROAD_CLASS,DISTRICT,LATITUDE,LONGITUDE,ACCLOC,TRAFFCTL,VISIBILITY,LIGHT,RDSFCOND,ACCLASS,IMPACTYPE,INVTYPE,INVAGE,INJURY,FATAL_NO,INITDIR,VEHTYPE,MANOEUVER,DRIVACT,DRIVCOND,PEDTYPE,PEDACT,PEDCOND,CYCLISTYPE,CYCACT,CYCCOND,PEDESTRIAN,CYCLIST,AUTOMOBILE,MOTORCYCLE,TRUCK,TRSN_CITY_VEH,EMERG_VEH,PASSENGER,SPEEDING,AG_DRIV,REDLIGHT,ALCOHOL,DISABILITY,HOOD_158,NEIGHBOURHOOD_158,HOOD_140,NEIGHBOURHOOD_140,DIVISION,x,y
6803,81503009,2266275,11/30/2020 5:00:00 AM,1829,WARDEN AVE,SHEPPARD AVE E,5 m East of,Major Arterial,Scarborough,43.778659,-79.307864,At Intersection,Traffic Signal,Rain,"Dark, artificial",Wet,Non-Fatal Injury,Pedestrian Collisions,Pedestrian,25 to 29,Major,,South,,,,,Vehicle turns left while ped crosses with ROW at inter.,Crossing with right of way,Normal,,,,Yes,,Yes,,,,,,,Yes,,,,118,Tam O'Shanter-Sullivan,118,Tam O'Shanter-Sullivan (118),D42,636169.987264639,4848679.92097762
6804,81504680,2266447,11/30/2020 5:00:00 AM,1901,VAN HORNE AVE,VICTORIA PARK AVE,,Major Arterial,North York,43.789179,-79.329547,At Intersection,Traffic Signal,Rain,"Dark, artificial",Wet,Non-Fatal Injury,Pedestrian Collisions,Driver,20 to 24,None,,West,"Automobile, Station Wagon",Turning Left,Improper Turn,Inattentive,,,,,,,Yes,,Yes,,,,,,,,,,,147,L'Amoreaux West,117,L'Amoreaux (117),D42,634401.5118314,4849812.89564166
6805,81504681,2266447,11/30/2020 5:00:00 AM,1901,VAN HORNE AVE,VICTORIA PARK AVE,,Major Arterial,North York,43.789179,-79.329547,At Intersection,Traffic Signal,Rain,"Dark, artificial",Wet,Non-Fatal Injury,Pedestrian Collisions,Pedestrian,30 to 34,Major,,East,,,,,Vehicle turns left while ped crosses with ROW at inter.,Crossing with right of way,Normal,,,,Yes,,Yes,,,,,,,,,,,147,L'Amoreaux West,117,L'Amoreaux (117),D42,634401.5118314,4849812.89564166
6806,81432713,2298555,12/5/2020 5:00:00 AM,1716,2255 MARKHAM RD,,,Major Arterial,Scarborough,43.809523,-79.243236,Non Intersection,No Control,Clear,"Dusk, artificial",Dry,Fatal,Pedestrian Collisions,Pedestrian,35 to 39,Fatal,35,East,,,,,Pedestrian hit at mid-block,"Crossing, no Traffic Control",Inattentive,,,,Yes,,,,Yes,,,,,,,,,145,Malvern West,132,Malvern (132),D42,641298.043938618,4852216.19562946
6807,81432717,2298555,12/5/2020 5:00:00 AM,1716,2255 MARKHAM RD,,,Major Arterial,Scarborough,43.809523,-79.243236,Non Intersection,No Control,Clear,"Dusk, artificial",Dry,Fatal,Pedestrian Collisions,Truck Driver,45 to 49,None,,North,"Truck - Closed (Blazer, etc)",Going Ahead,Driving Properly,Inattentive,,,,,,,Yes,,,,Yes,,,,,,,,,145,Malvern West,132,Malvern (132),D42,641298.043938618,4852216.19562946
6808,81599283,2314333,12/8/2020 5:00:00 AM,856,STEELES AVE E,PUTNAM GT,,Major Arterial,Scarborough,43.822402,-79.312221,At Intersection,Traffic Signal,Clear,Daylight,Dry,Non-Fatal Injury,Pedestrian Collisions,Driver,50 to 54,None,,South,"Automobile, Station Wagon",Turning Left,Failed to Yield Right of Way,Inattentive,,,,,,,Yes,,Yes,,,,,,,Yes,,,,116,Steeles,116,Steeles (116),D42,635720.280846155,4853531.12291467
6809,81599284,2314333,12/8/2020 5:00:00 AM,856,STEELES AVE E,PUTNAM GT,,Major Arterial,Scarborough,43.822402,-79.312221,At Intersection,Traffic Signal,Clear,Daylight,Dry,Non-Fatal Injury,Pedestrian Collisions,Pedestrian,55 to 59,Major,,South,,,,,Vehicle turns left while ped crosses with ROW at inter.,Crossing with right of way,Normal,,,,Yes,,Yes,,,,,,,Yes,,,,116,Steeles,116,Steeles (116),D42,635720.280846155,4853531.12291467
6810,81504388,2317800,12/8/2020 5:00:00 AM,1803,MCCOWAN RD,LAWRENCE  AVE E,,Major Arterial,Scarborough,43.755477,-79.245387,At Intersection,Traffic Signal,Clear,"Dark, artificial",Dry,Non-Fatal Injury,Pedestrian Collisions,Driver,45 to 49,None,,North,"Automobile, Station Wagon",Going Ahead,Disobeyed Traffic Control,Inattentive,,,,,,,Yes,,Yes,,,,,,Yes,Yes,Yes,,,157,Bendale South,127,Bendale (127),D43,641252.267174368,4846209.86068106
6811,81504389,2317800,12/8/2020 5:00:00 AM,1803,MCCOWAN RD,LAWRENCE  AVE E,,Major Arterial,Scarborough,43.755477,-79.245387,At Intersection,Traffic Signal,Clear,"Dark, artificial",Dry,Non-Fatal Injury,Pedestrian Collisions,Pedestrian,30 to 34,Major,,West,,,,,Vehicle is going straight thru inter.while ped cross with ROW,Crossing with right of way,Normal,,,,Yes,,Yes,,,,,,Yes,Yes,Yes,,,157,Bendale South,127,Bendale (127),D43,641252.267174368,4846209.86068106
6812,81507090,2343661,12/12/2020 5:00:00 AM,1811,BURNHAMTHORPE RD,RENFORTH DR,4 m East of,Major Arterial,Etobicoke York,43.643267,-79.572444,At Intersection,Traffic Signal,Clear,"Dusk, artificial",Dry,Non-Fatal Injury,Pedestrian Collisions,Driver,40 to 44,None,,South,Pick Up Truck,Turning Left,Failed to Yield Right of Way,Normal,,,,,,,Yes,,Yes,,,,,Yes,,Yes,,,,13,Etobicoke West Mall,13,Etobicoke West Mall (13),D22,615137.424756346,4833241.63361096
6813,81507091,2343661,12/12/2020 5:00:00 AM,1811,BURNHAMTHORPE RD,RENFORTH DR,4 m East of,Major Arterial,Etobicoke York,43.643267,-79.572444,At Intersection,Traffic Signal,Clear,"Dusk, artificial",Dry,Non-Fatal Injury,Pedestrian Collisions,Pedestrian,65 to 69,Major,,North,,,,,Vehicle turns left while ped crosses with ROW at inter.,Crossing with right of way,Normal,,,,Yes,,Yes,,,,,Yes,,Yes,,,,13,Etobicoke West Mall,13,Etobicoke West Mall (13),D22,615137.424756346,4833241.63361096
6814,81507092,2343661,12/12/2020 5:00:00 AM,1811,BURNHAMTHORPE RD,RENFORTH DR,4 m East of,Major Arterial,Etobicoke York,43.643267,-79.572444,At Intersection,Traffic Signal,Clear,"Dusk, artificial",Dry,Non-Fatal Injury,Pedestrian Collisions,Passenger,80 to 84,None,,,,,,,,,,,,,Yes,,Yes,,,,,Yes,,Yes,,,,13,Etobicoke West Mall,13,Etobicoke West Mall (13),D22,615137.424756346,4833241.63361096
6815,81507093,2343661,12/12/2020 5:00:00 AM,1811,BURNHAMTHORPE RD,RENFORTH DR,4 m East of,Major Arterial,Etobicoke York,43.643267,-79.572444,At Intersection,Traffic Signal,Clear,"Dusk, artificial",Dry,Non-Fatal Injury,Pedestrian Collisions,Passenger,70 to 74,None,,,,,,,,,,,,,Yes,,Yes,,,,,Yes,,Yes,,,,13,Etobicoke West Mall,13,Etobicoke West Mall (13),D22,615137.424756346,4833241.63361096
6816,81507094,2343661,12/12/2020 5:00:00 AM,1811,BURNHAMTHORPE RD,RENFORTH DR,4 m East of,Major Arterial,Etobicoke York,43.643267,-79.572444,At Intersection,Traffic Signal,Clear,"Dusk, artificial",Dry,Non-Fatal Injury,Pedestrian Collisions,Passenger,5 to 9,None,,,,,,,,,,,,,Yes,,Yes,,,,,Yes,,Yes,,,,13,Etobicoke West Mall,13,Etobicoke West Mall (13),D22,615137.424756346,4833241.63361096
6817,81507095,2343661,12/12/2020 5:00:00 AM,1811,BURNHAMTHORPE RD,RENFORTH DR,4 m East of,Major Arterial,Etobicoke York,43.643267,-79.572444,At Intersection,Traffic Signal,Clear,"Dusk, artificial",Dry,Non-Fatal Injury,Pedestrian Collisions,Passenger,35 to 39,None,,,,,,,,,,,,,Yes,,Yes,,,,,Yes,,Yes,,,,13,Etobicoke West Mall,13,Etobicoke West Mall (13),D22,615137.424756346,4833241.63361096
6818,81432754,2372537,12/17/2020 5:00:00 AM,1141,LAWRENCE AVE E,HOWDEN RD,,Major Arterial,Scarborough,43.746749,-79.287921,At Intersection,Traffic Signal,Clear,Daylight,Dry,Fatal,Pedestrian Collisions,Truck Driver,50 to 54,None,,South,Truck-Tractor,Turning Right,Failed to Yield Right of Way,Normal,,,,,,,Yes,,,,Yes,,,,,Yes,,,,119,Wexford/Maryvale,119,Wexford/Maryvale (119),D41,637848.134547884,4845168.82104666
6819,81432757,2372537,12/17/2020 5:00:00 AM,1141,LAWRENCE AVE E,HOWDEN RD,,Major Arterial,Scarborough,43.746749,-79.287921,At Intersection,Traffic Signal,Clear,Daylight,Dry,Fatal,Pedestrian Collisions,Pedestrian,40 to 44,Fatal,37,North,,,,,Vehicle turns right while ped crosses with ROW at inter.,Crossing with right of way,Normal,,,,Yes,,,,Yes,,,,,Yes,,,,119,Wexford/Maryvale,119,Wexford/Maryvale (119),D41,637848.134547884,4845168.82104666
6820,81432755,2374044,12/17/2020 5:00:00 AM,1550,168 CLONMORE DR,,,Minor Arterial,Scarborough,43.690203,-79.277072,Non Intersection,No Control,Clear,Daylight,Dry,Fatal,Pedestrian Collisions,Pedestrian,30 to 34,Fatal,38,Unknown,,,,,Pedestrian hit at mid-block,Playing or Working on Highway,Normal,,,,Yes,,Yes,,,,,,,Yes,,,,122,Birchcliffe-Cliffside,122,Birchcliffe-Cliffside (122),D41,638852.210450695,4838906.67293555
6821,81432756,2374044,12/17/2020 5:00:00 AM,1550,168 CLONMORE DR,,,Minor Arterial,Scarborough,43.690203,-79.277072,Non Intersection,No Control,Clear,Daylight,Dry,Fatal,Pedestrian Collisions,Driver,20 to 24,None,,West,"Automobile, Station Wagon",Going Ahead,Failed to Yield Right of Way,Inattentive,,,,,,,Yes,,Yes,,,,,,,Yes,,,,122,Birchcliffe-Cliffside,122,Birchcliffe-Cliffside (122),D41,638852.210450695,4838906.67293555
6822,81504434,2400863,12/21/2020 5:00:00 AM,2035,ISABELLA ST,HUNTLEY ST,4 m North of,Collector,Toronto and East York,43.669074,-79.378078,Intersection Related,Stop Sign,Rain,Dark,Wet,Non-Fatal Injury,Pedestrian Collisions,Driver,unknown,None,,South,"Automobile, Station Wagon",Turning Left,Failed to Yield Right of Way,Unknown,,,,,,,Yes,,Yes,,,,,,,Yes,,,,74,North St.James Town,74,North St.James Town (74),D51,630757.853886319,4836395.83234006
6823,81504435,2400863,12/21/2020 5:00:00 AM,2035,ISABELLA ST,HUNTLEY ST,4 m North of,Collector,Toronto and East York,43.669074,-79.378078,Intersection Related,Stop Sign,Rain,Dark,Wet,Non-Fatal Injury,Pedestrian Collisions,Pedestrian,unknown,Major,,East,,,,,Vehicle turns left while ped crosses with ROW at inter.,Crossing with right of way,Normal,,,,Yes,,Yes,,,,,,,Yes,,,,74,North St.James Town,74,North St.James Town (74),D51,630757.853886319,4836395.83234006
6824,81509300,2449891,12/30/2020 5:00:00 AM,1700,DUNDAS ST E,OSKENONTON  LANE,54 m East of,Major Arterial,Toronto and East York,43.658408,-79.370212,Non Intersection,No Control,Rain,"Dark, artificial",Wet,Non-Fatal Injury,Pedestrian Collisions,Driver,40 to 44,None,,East,"Automobile, Station Wagon",Going Ahead,Driving Properly,Normal,,,,,,,Yes,,Yes,,,,,,,,,,,73,Moss Park,73,Moss Park (73),D51,631415.281248565,4835223.6591178
6825,81509301,2449891,12/30/2020 5:00:00 AM,1700,DUNDAS ST E,OSKENONTON  LANE,54 m East of,Major Arterial,Toronto and East York,43.658408,-79.370212,Non Intersection,No Control,Rain,"Dark, artificial",Wet,Non-Fatal Injury,Pedestrian Collisions,Pedestrian,70 to 74,Major,,South,,,,,Pedestrian hit at mid-block,"Crossing, no Traffic Control",Inattentive,,,,Yes,,Yes,,,,,,,,,,,73,Moss Park,73,Moss Park (73),D51,631415.281248565,4835223.6591178
6826,81432824,2450003,12/30/2020 5:00:00 AM,1721,KENNEDY RD,SHEPPARD AVE E,,Major Arterial,Scarborough,43.783213,-79.288211,Intersection Related,Traffic Signal,Rain,"Dark, artificial",Wet,Fatal,Pedestrian Collisions,Driver,35 to 39,None,,North,"Automobile, Station Wagon",Going Ahead,Other,Unknown,,,,,,,Yes,,Yes,,,,,,,,,,,128,Agincourt South-Malvern West,128,Agincourt South-Malvern West (128),D42,637741.066869327,4849218.2275201
6827,81432825,2450003,12/30/2020 5:00:00 AM,1721,KENNEDY RD,SHEPPARD AVE E,,Major Arterial,Scarborough,43.783213,-79.288211,Intersection Related,Traffic Signal,Rain,"Dark, artificial",Wet,Fatal,Pedestrian Collisions,Pedestrian,55 to 59,Fatal,40,Unknown,,,,,Vehicle is going straight thru inter.while ped cross without ROW,Crossing marked crosswalk without ROW,Unknown,,,,Yes,,Yes,,,,,,,,,,,128,Agincourt South-Malvern West,128,Agincourt South-Malvern West (128),D42,637741.066869327,4849218.2275201
6828,81512829,1000041217,1/7/2021 5:00:00 AM,1610,1582 KING ST W,,103 m West o,Major Arterial,Toronto and East York,43.638014,-79.444782,Non Intersection,No Control,Clear,Daylight,Dry,Non-Fatal Injury,Pedestrian Collisions,Driver,50 to 54,None,,West,"Bus (Other) (Go Bus, Gray Coa",Going Ahead,Driving Properly,Normal,,,,,,,Yes,,,,,Yes,,,,,,,,85,South Parkdale,85,South Parkdale (85),D14,625444.838544543,4832843.23652448
6829,81512830,1000041217,1/7/2021 5:00:00 AM,1610,1582 KING ST W,,103 m West o,Major Arterial,Toronto and East York,43.638014,-79.444782,Non Intersection,No Control,Clear,Daylight,Dry,Non-Fatal Injury,Pedestrian Collisions,Pedestrian,30 to 34,Major,,South,,,,,Pedestrian hit at mid-block,Running onto Roadway,"Ability Impaired, Drugs",,,,Yes,,,,,Yes,,,,,,,,85,South Parkdale,85,South Parkdale (85),D14,625444.838544543,4832843.23652448
6830,81432991,1000073767,1/12/2021 5:00:00 AM,1903,FINCH AVE W,KIPLING AVE,,Major Arterial,Etobicoke York,43.744063,-79.577297,Non Intersection,No Control,Clear,"Dark, artificial",Wet,Fatal,Pedestrian Collisions,Pedestrian,40 to 44,Fatal,1,North,,,,,Pedestrian hit at mid-block,"Crossing, no Traffic Control",Unknown,,,,Yes,,Yes,,,,,,,,,,,3,Thistletown-Beaumond Heights,3,Thistletown-Beaumond Heights (3),D23,614553.94497102,4844429.66133389
6831,81614775,1000073767,1/12/2021 5:00:00 AM,1903,FINCH AVE W,KIPLING AVE,,Major Arterial,Etobicoke York,43.744063,-79.577297,Non Intersection,No Control,Clear,"Dark, artificial",Wet,Fatal,Pedestrian Collisions,Driver,60 to 64,None,,East,"Automobile, Station Wagon",Going Ahead,Driving Properly,Normal,,,,,,,Yes,,Yes,,,,,,,,,,,3,Thistletown-Beaumond Heights,3,Thistletown-Beaumond Heights (3),D23,614553.94497102,4844429.66133389
6832,81583632,1000093718,1/15/2021 5:00:00 AM,1805,GABIAN WAY,EGLINTON AVE W,30 m North o,Local,Etobicoke York,43.691645,-79.467654,Intersection Related,No Control,Rain,Dark,Wet,Non-Fatal Injury,Pedestrian Collisions,Driver,55 to 59,None,,South,"Automobile, Station Wagon",Going Ahead,Driving Properly,Normal,,,,,,,Yes,,Yes,,,,,,,,,,,110,Keelesdale-Eglinton West,110,Keelesdale-Eglinton West (110),D12,623489.937474121,4838765.3522496
6833,81583633,1000093718,1/15/2021 5:00:00 AM,1805,GABIAN WAY,EGLINTON AVE W,30 m North o,Local,Etobicoke York,43.691645,-79.467654,Intersection Related,No Control,Rain,Dark,Wet,Non-Fatal Injury,Pedestrian Collisions,Pedestrian,60 to 64,Major,,East,,,,,Pedestrian hit at mid-block,"Crossing, no Traffic Control",Inattentive,,,,Yes,,Yes,,,,,,,,,,,110,Keelesdale-Eglinton West,110,Keelesdale-Eglinton West (110),D12,623489.937474121,4838765.3522496
6834,81511961,1000123006,1/20/2021 5:00:00 AM,1145,FINCH  AVE E,LESLIE ST,,Major Arterial,North York,43.789939,-79.36803,At Intersection,Traffic Signal,Clear,Daylight,Dry,Non-Fatal Injury,Pedestrian Collisions,Driver,25 to 29,None,,North,"Automobile, Station Wagon",Going Ahead,Driving Properly,Normal,,,,,,,Yes,,Yes,,,,,,,,,,,47,Don Valley Village,47,Don Valley Village (47),D33,631303.54750991,4849835.53890694
6835,81511962,1000123006,1/20/2021 5:00:00 AM,1145,FINCH  AVE E,LESLIE ST,,Major Arterial,North York,43.789939,-79.36803,At Intersection,Traffic Signal,Clear,Daylight,Dry,Non-Fatal Injury,Pedestrian Collisions,Pedestrian,85 to 89,Major,,West,,,,,Vehicle is going straight thru inter.while ped cross without ROW,Crossing without right of way,Inattentive,,,,Yes,,Yes,,,,,,,,,,,47,Don Valley Village,47,Don Valley Village (47),D33,631303.54750991,4849835.53890694
6836,81513128,1000142323,1/23/2021 5:00:00 AM,949,328 BAYVIEW AVE,,800 m South ,Major Arterial,Toronto and East York,43.659552,-79.355396,Non Intersection,No Control,Clear,Daylight,Dry,Non-Fatal Injury,Pedestrian Collisions,Driver,30 to 34,None,,South,"Automobile, Station Wagon",Going Ahead,Driving Properly,Normal,,,,,,,Yes,,Yes,,,,,Yes,,,,,,72,Regent Park,72,Regent Park (72),D51,632607.43971443,4835374.28890278
6837,81513129,1000142323,1/23/2021 5:00:00 AM,949,328 BAYVIEW AVE,,800 m South ,Major Arterial,Toronto and East York,43.659552,-79.355396,Non Intersection,No Control,Clear,Daylight,Dry,Non-Fatal Injury,Pedestrian Collisions,Pedestrian,25 to 29,Major,,Unknown,,,,,Pedestrian hit at mid-block,Walking on Roadway Against Traffic,Inattentive,,,,Yes,,Yes,,,,,Yes,,,,,,72,Regent Park,72,Regent Park (72),D51,632607.43971443,4835374.28890278
6838,81513130,1000142323,1/23/2021 5:00:00 AM,949,328 BAYVIEW AVE,,800 m South ,Major Arterial,Toronto and East York,43.659552,-79.355396,Non Intersection,No Control,Clear,Daylight,Dry,Non-Fatal Injury,Pedestrian Collisions,Passenger,30 to 34,None,,,,,,,,,,,,,Yes,,Yes,,,,,Yes,,,,,,72,Regent Park,72,Regent Park (72),D51,632607.43971443,4835374.28890278
6839,81502957,1000153209,1/25/2021 5:00:00 AM,653,JANE ST,WILSON AVE,105 m North ,Major Arterial,Etobicoke York,43.721823,-79.508823,Non Intersection,No Control,Clear,"Dark, artificial",Dry,Non-Fatal Injury,Pedestrian Collisions,Driver,50 to 54,None,,South,"Automobile, Station Wagon",Going Ahead,Driving Properly,Normal,,,,,,,Yes,,Yes,,,,,,,,,,,154,Oakdale-Beverley Heights,26,Downsview-Roding-CFB (26),D31,620111.861844827,4842056.55104037
6840,81502958,1000153209,1/25/2021 5:00:00 AM,653,JANE ST,WILSON AVE,105 m North ,Major Arterial,Etobicoke York,43.721823,-79.508823,Non Intersection,No Control,Clear,"Dark, artificial",Dry,Non-Fatal Injury,Pedestrian Collisions,Pedestrian,50 to 54,Major,,West,,,,,Pedestrian hit at mid-block,"Crossing, no Traffic Control",Inattentive,,,,Yes,,Yes,,,,,,,,,,,154,Oakdale-Beverley Heights,26,Downsview-Roding-CFB (26),D31,620111.861844827,4842056.55104037
6841,81513012,1000223526,2/4/2021 5:00:00 AM,1535,DOWNSVIEW PARK  BLVD,KEELE ST,,Major Arterial,North York,43.736876,-79.484515,At Intersection,Traffic Signal,Clear,"Daylight, artificial",Dry,Non-Fatal Injury,Pedestrian Collisions,Driver,25 to 29,None,,West,"Automobile, Station Wagon",Turning Left,Failed to Yield Right of Way,Inattentive,,,,,,,Yes,,Yes,,,,,,,Yes,,,,155,Downsview,26,Downsview-Roding-CFB (26),D31,622039.272526365,4843763.91723139
6842,81513013,1000223526,2/4/2021 5:00:00 AM,1535,DOWNSVIEW PARK  BLVD,KEELE ST,,Major Arterial,North York,43.736876,-79.484515,At Intersection,Traffic Signal,Clear,"Daylight, artificial",Dry,Non-Fatal Injury,Pedestrian Collisions,Pedestrian,65 to 69,Major,,East,,,,,Vehicle turns left while ped crosses with ROW at inter.,Crossing with right of way,Normal,,,,Yes,,Yes,,,,,,,Yes,,,,155,Downsview,26,Downsview-Roding-CFB (26),D31,622039.272526365,4843763.91723139
6843,81513133,1000224535,2/4/2021 5:00:00 AM,1747,2330 KENNEDY RD,,,Major Arterial,Scarborough,43.784159,-79.288745,Non Intersection,No Control,Clear,Dawn,Dry,Non-Fatal Injury,Pedestrian Collisions,Driver,70 to 74,None,,South,"Automobile, Station Wagon",Going Ahead,Driving Properly,Normal,,,,,,,Yes,,Yes,,,,,Yes,,,,,,118,Tam O'Shanter-Sullivan,128,Agincourt South-Malvern West (128),D42,637695.925479089,4849322.40730283
6844,81513134,1000224535,2/4/2021 5:00:00 AM,1747,2330 KENNEDY RD,,,Major Arterial,Scarborough,43.784159,-79.288745,Non Intersection,No Control,Clear,Dawn,Dry,Non-Fatal Injury,Pedestrian Collisions,Passenger,60 to 64,None,,,,,,,,,,,,,Yes,,Yes,,,,,Yes,,,,,,118,Tam O'Shanter-Sullivan,128,Agincourt South-Malvern West (128),D42,637695.925479089,4849322.40730283
6845,81513135,1000224535,2/4/2021 5:00:00 AM,1747,2330 KENNEDY RD,,,Major Arterial,Scarborough,43.784159,-79.288745,Non Intersection,No Control,Clear,Dawn,Dry,Non-Fatal Injury,Pedestrian Collisions,Pedestrian,55 to 59,Major,,West,,,,,Pedestrian hit at mid-block,"Crossing, no Traffic Control",Had Been Drinking,,,,Yes,,Yes,,,,,Yes,,,,,,118,Tam O'Shanter-Sullivan,128,Agincourt South-Malvern West (128),D42,637695.925479089,4849322.40730283
6846,81514268,1000266545,2/11/2021 5:00:00 AM,945,DUNDAS ST W,EAST MALL  CRES,,Major Arterial,Etobicoke York,43.630305,-79.549777,At Intersection,Traffic Signal,Clear,Daylight,Dry,Non-Fatal Injury,Pedestrian Collisions,Driver,60 to 64,None,,East,Municipal Transit Bus (TTC),Going Ahead,Disobeyed Traffic Control,Inattentive,,,,,,,Yes,,,,,Yes,,,,Yes,Yes,,,159,Etobicoke City Centre,14,Islington-City Centre West (14),D22,616990.762885917,4831833.73574112
6847,81514269,1000266545,2/11/2021 5:00:00 AM,945,DUNDAS ST W,EAST MALL  CRES,,Major Arterial,Etobicoke York,43.630305,-79.549777,At Intersection,Traffic Signal,Clear,Daylight,Dry,Non-Fatal Injury,Pedestrian Collisions,Pedestrian,45 to 49,Major,,North,,,,,Vehicle is going straight thru inter.while ped cross without ROW,Crossing without right of way,Inattentive,,,,Yes,,,,,Yes,,,,Yes,Yes,,,159,Etobicoke City Centre,14,Islington-City Centre West (14),D22,616990.762885917,4831833.73574112
6848,81576808,1000349866,2/24/2021 5:00:00 AM,1125,1260 ST CLAIR AVE W,,,Major Arterial,Etobicoke York,43.677119,-79.446529,Non Intersection,No Control,Clear,Daylight,Wet,Non-Fatal Injury,Pedestrian Collisions,Driver,80 to 84,None,,West,"Automobile, Station Wagon",Reversing,Other,Unknown,,,,,,,Yes,,Yes,,,,,,,,,,,92,Corso Italia-Davenport,92,Corso Italia-Davenport (92),D13,625222.610792232,4837183.7193564
6849,81576809,1000349866,2/24/2021 5:00:00 AM,1125,1260 ST CLAIR AVE W,,,Major Arterial,Etobicoke York,43.677119,-79.446529,Non Intersection,No Control,Clear,Daylight,Wet,Non-Fatal Injury,Pedestrian Collisions,Pedestrian,25 to 29,Major,,Unknown,,,,,Vehicle is reversing and hits pedestrian,Other,Normal,,,,Yes,,Yes,,,,,,,,,,,92,Corso Italia-Davenport,92,Corso Italia-Davenport (92),D13,625222.610792232,4837183.7193564
6850,81576810,1000349866,2/24/2021 5:00:00 AM,1125,1260 ST CLAIR AVE W,,,Major Arterial,Etobicoke York,43.677119,-79.446529,Non Intersection,No Control,Clear,Daylight,Wet,Non-Fatal Injury,Pedestrian Collisions,Pedestrian,0 to 4,Minor,,Unknown,,,,,Vehicle is reversing and hits pedestrian,Other,Normal,,,,Yes,,Yes,,,,,,,,,,,92,Corso Italia-Davenport,92,Corso Italia-Davenport (92),D13,625222.610792232,4837183.7193564
6851,81576811,1000349866,2/24/2021 5:00:00 AM,1125,1260 ST CLAIR AVE W,,,Major Arterial,Etobicoke York,43.677119,-79.446529,Non Intersection,No Control,Clear,Daylight,Wet,Non-Fatal Injury,Pedestrian Collisions,Pedestrian,0 to 4,None,,Unknown,,,,,Vehicle is reversing and hits pedestrian,Other,Normal,,,,Yes,,Yes,,,,,,,,,,,92,Corso Italia-Davenport,92,Corso Italia-Davenport (92),D13,625222.610792232,4837183.7193564
6852,81514113,1000403643,3/4/2021 5:00:00 AM,1143,QUEEN ST W,DOWLING AVE,24 m West of,Major Arterial,Toronto and East York,43.63988,-79.439822,Intersection Related,No Control,Clear,Daylight,Dry,Non-Fatal Injury,Pedestrian Collisions,Driver,25 to 29,None,,East,Ambulance,Going Ahead,Driving Properly,Normal,,,,,,,Yes,,,,,,Yes,Yes,,,,,,85,South Parkdale,85,South Parkdale (85),D14,625841.023621809,4833057.9876769
6853,81514114,1000403643,3/4/2021 5:00:00 AM,1143,QUEEN ST W,DOWLING AVE,24 m West of,Major Arterial,Toronto and East York,43.63988,-79.439822,Intersection Related,No Control,Clear,Daylight,Dry,Non-Fatal Injury,Pedestrian Collisions,Passenger,20 to 24,None,,,,,,,,,,,,,Yes,,,,,,Yes,Yes,,,,,,85,South Parkdale,85,South Parkdale (85),D14,625841.023621809,4833057.9876769
6854,81514115,1000403643,3/4/2021 5:00:00 AM,1143,QUEEN ST W,DOWLING AVE,24 m West of,Major Arterial,Toronto and East York,43.63988,-79.439822,Intersection Related,No Control,Clear,Daylight,Dry,Non-Fatal Injury,Pedestrian Collisions,Passenger,65 to 69,None,,,,,,,,,,,,,Yes,,,,,,Yes,Yes,,,,,,85,South Parkdale,85,South Parkdale (85),D14,625841.023621809,4833057.9876769
6855,81514116,1000403643,3/4/2021 5:00:00 AM,1143,QUEEN ST W,DOWLING AVE,24 m West of,Major Arterial,Toronto and East York,43.63988,-79.439822,Intersection Related,No Control,Clear,Daylight,Dry,Non-Fatal Injury,Pedestrian Collisions,Pedestrian,60 to 64,Major,,North,,,,,Pedestrian hit at mid-block,"Crossing, no Traffic Control",Normal,,,,Yes,,,,,,Yes,Yes,,,,,,85,South Parkdale,85,South Parkdale (85),D14,625841.023621809,4833057.9876769
6856,81577147,1000453193,3/11/2021 5:00:00 AM,1440,PLAXTON  DR,ST CLAIR  AVE E,,Major Arterial,Toronto and East York,43.707598,-79.302608,At Intersection,Traffic Signal,Clear,Daylight,Dry,Non-Fatal Injury,Pedestrian Collisions,Driver,60 to 64,None,,North,Pick Up Truck,Turning Left,Failed to Yield Right of Way,Inattentive,,,,,,,Yes,,Yes,,,,,,,Yes,,,,54,O'Connor-Parkview,54,O'Connor-Parkview (54),D55,636754.665511668,4840796.19088674
6857,81577148,1000453193,3/11/2021 5:00:00 AM,1440,PLAXTON  DR,ST CLAIR  AVE E,,Major Arterial,Toronto and East York,43.707598,-79.302608,At Intersection,Traffic Signal,Clear,Daylight,Dry,Non-Fatal Injury,Pedestrian Collisions,Pedestrian,55 to 59,Major,,South,,,,,Vehicle turns left while ped crosses with ROW at inter.,Crossing with right of way,Normal,,,,Yes,,Yes,,,,,,,Yes,,,,54,O'Connor-Parkview,54,O'Connor-Parkview (54),D55,636754.665511668,4840796.19088674