OBJECTID,INDEX,ACCNUM,DATE,TIME,STREET1,STREET2,OFFSET,ROAD_CLASS,DISTRICT,LATITUDE,LONGITUDE,ACCLOC,TRAFFCTL,VISIBILITY,LIGHT,RDSFCOND,ACCLASS,IMPACTYPE,INVTYPE,INVAGE,INJURY,FATAL_NO,INITDIR,VEHTYPE,MANOEUVER,DRIVACT,DRIVCOND,PEDTYPE,PEDACT,PEDCOND,CYCLISTYPE,CYCACT,CYCCOND,PEDESTRIAN,CYCLIST,AUTOMOBILE,MOTORCYCLE,TRUCK,TRSN_CITY_VEH,EMERG_VEH,PASSENGER,SPEEDING,AG_DRIV,REDLIGHT,ALCOHOL,DISABILITY,HOOD_158,NEIGHBOURHOOD_158,HOOD_140,NEIGHBOURHOOD_140,DIVISION,x,y
6858,81543258,1000461944,3/12/2021 5:00:00 AM,1912,PAPE AVE,GAMBLE AVE,30 m North o,Major Arterial,Toronto and East York,43.690329,-79.349132,Intersection Related,No Control,Clear,"Dark, artificial",Dry,Non-Fatal Injury,Pedestrian Collisions,Driver,50 to 54,None,,North,"Automobile, Station Wagon",Going Ahead,Speed too Fast For Condition,Normal,,,,,,,Yes,,Yes,,,,,,Yes,Yes,,,,58,Old East York,58,Old East York (58),D55,633044.491089807,4838802.52531756
6859,81543259,1000461944,3/12/2021 5:00:00 AM,1912,PAPE AVE,GAMBLE AVE,30 m North o,Major Arterial,Toronto and East York,43.690329,-79.349132,Intersection Related,No Control,Clear,"Dark, artificial",Dry,Non-Fatal Injury,Pedestrian Collisions,Pedestrian,80 to 84,Major,,West,,,,,Pedestrian hit at mid-block,"Crossing, no Traffic Control",Normal,,,,Yes,,Yes,,,,,,Yes,Yes,,,,58,Old East York,58,Old East York (58),D55,633044.491089807,4838802.52531756
6860,81543260,1000461944,3/12/2021 5:00:00 AM,1912,PAPE AVE,GAMBLE AVE,30 m North o,Major Arterial,Toronto and East York,43.690329,-79.349132,Intersection Related,No Control,Clear,"Dark, artificial",Dry,Non-Fatal Injury,Pedestrian Collisions,Pedestrian,55 to 59,Major,,West,,,,,Pedestrian hit at mid-block,"Crossing, no Traffic Control",Normal,,,,Yes,,Yes,,,,,,Yes,Yes,,,,58,Old East York,58,Old East York (58),D55,633044.491089807,4838802.52531756
6861,81545689,1000498081,3/18/2021 4:00:00 AM,715,YONGE  ST,ALEXANDER  ST,2 m West of,Major Arterial,Toronto and East York,43.662947,-79.383746,Intersection Related,Traffic Signal,Clear,Daylight,Wet,Non-Fatal Injury,Pedestrian Collisions,Driver,55 to 59,None,,North,"Automobile, Station Wagon",Turning Right,Failed to Yield Right of Way,Unknown,,,,,,,Yes,,Yes,,,,,,,Yes,,,,167,Church-Wellesley,75,Church-Yonge Corridor (75),D51,630314.157494043,4835706.42839169
6862,81545690,1000498081,3/18/2021 4:00:00 AM,715,YONGE  ST,ALEXANDER  ST,2 m West of,Major Arterial,Toronto and East York,43.662947,-79.383746,Intersection Related,Traffic Signal,Clear,Daylight,Wet,Non-Fatal Injury,Pedestrian Collisions,Pedestrian,40 to 44,Major,,West,,,,,Vehicle turns right while ped crosses with ROW at inter.,Crossing with right of way,Normal,,,,Yes,,Yes,,,,,,,Yes,,,,167,Church-Wellesley,75,Church-Yonge Corridor (75),D51,630314.157494043,4835706.42839169
6863,81545736,1000499271,3/18/2021 4:00:00 AM,1056,GREENWIN VILLAGE RD,BATHURST ST,50 m East of,Collector,North York,43.790755,-79.444835,At/Near Private Drive,No Control,Clear,Daylight,Dry,Non-Fatal Injury,Pedestrian Collisions,Driver,55 to 59,None,,South,"Automobile, Station Wagon",Turning Left,Improper Turn,Normal,,,,,,,Yes,,Yes,,,,,,,Yes,,,,36,Newtonbrook West,36,Newtonbrook West (36),D32,625122.284512335,4849807.19931002
6864,81545737,1000499271,3/18/2021 4:00:00 AM,1056,GREENWIN VILLAGE RD,BATHURST ST,50 m East of,Collector,North York,43.790755,-79.444835,At/Near Private Drive,No Control,Clear,Daylight,Dry,Non-Fatal Injury,Pedestrian Collisions,Pedestrian,60 to 64,Major,,,,,,,Pedestrian hit at mid-block,"Crossing, no Traffic Control",Normal,,,,Yes,,Yes,,,,,,,Yes,,,,36,Newtonbrook West,36,Newtonbrook West (36),D32,625122.284512335,4849807.19931002
6865,81514682,1000501047,3/18/2021 4:00:00 AM,1515,204 CLEVELAND ST,,2 m South of,Collector,Toronto and East York,43.705317,-79.378703,Non Intersection,No Control,Clear,Daylight,Dry,Non-Fatal Injury,Pedestrian Collisions,Driver,80 to 84,None,,North,"Automobile, Station Wagon",Going Ahead,Driving Properly,Normal,,,,,,,Yes,,Yes,,,,,,,,,,,99,Mount Pleasant East,99,Mount Pleasant East (99),D53,630628.769989669,4840420.13210772
6866,81514683,1000501047,3/18/2021 4:00:00 AM,1515,204 CLEVELAND ST,,2 m South of,Collector,Toronto and East York,43.705317,-79.378703,Non Intersection,No Control,Clear,Daylight,Dry,Non-Fatal Injury,Pedestrian Collisions,Pedestrian,5 to 9,Major,,West,,,,,Pedestrian hit at mid-block,Running onto Roadway,Normal,,,,Yes,,Yes,,,,,,,,,,,99,Mount Pleasant East,99,Mount Pleasant East (99),D53,630628.769989669,4840420.13210772
6867,81514999,1000505074,3/19/2021 4:00:00 AM,722,FINCH AVE W,HUMBERLINE DR,13 m East of,Major Arterial,Etobicoke York,43.734969,-79.617831,Intersection Related,No Control,Clear,Daylight,Dry,Non-Fatal Injury,Pedestrian Collisions,Driver,50 to 54,None,,East,"Automobile, Station Wagon",Going Ahead,Driving Properly,Normal,,,,,,,Yes,,Yes,,,,,,,,,,,1,West Humber-Clairville,1,West Humber-Clairville (1),D23,611307.035335186,4843364.39552911
6868,81515000,1000505074,3/19/2021 4:00:00 AM,722,FINCH AVE W,HUMBERLINE DR,13 m East of,Major Arterial,Etobicoke York,43.734969,-79.617831,Intersection Related,No Control,Clear,Daylight,Dry,Non-Fatal Injury,Pedestrian Collisions,Pedestrian,15 to 19,Major,,North,,,,,Pedestrian hit at mid-block,"Crossing, no Traffic Control",Inattentive,,,,Yes,,Yes,,,,,,,,,,,1,West Humber-Clairville,1,West Humber-Clairville (1),D23,611307.035335186,4843364.39552911
6869,81516194,1000539353,3/24/2021 4:00:00 AM,550,HENLEY CRES,KIPLING  AVE,1 m East of,Major Arterial,Etobicoke York,43.730448,-79.575794,Intersection Related,Traffic Signal,Clear,"Dark, artificial",Dry,Non-Fatal Injury,Pedestrian Collisions,Driver,55 to 59,None,,West,"Automobile, Station Wagon",Turning Left,Failed to Yield Right of Way,Inattentive,,,,,,,Yes,,Yes,,,,,,,Yes,,,,4,Rexdale-Kipling,4,Rexdale-Kipling (4),D23,614700.956590982,4842919.6012927
6870,81516195,1000539353,3/24/2021 4:00:00 AM,550,HENLEY CRES,KIPLING  AVE,1 m East of,Major Arterial,Etobicoke York,43.730448,-79.575794,Intersection Related,Traffic Signal,Clear,"Dark, artificial",Dry,Non-Fatal Injury,Pedestrian Collisions,Pedestrian,25 to 29,Major,,West,,,,,Vehicle turns left while ped crosses with ROW at inter.,Crossing with right of way,Normal,,,,Yes,,Yes,,,,,,,Yes,,,,4,Rexdale-Kipling,4,Rexdale-Kipling (4),D23,614700.956590982,4842919.6012927
6871,81542016,1000552546,3/25/2021 4:00:00 AM,2300,VICTORIA PARK AVE,SPARKS AVE,,Major Arterial,Scarborough,43.808455,-79.338275,At/Near Private Drive,No Control,Rain,"Dark, artificial",Wet,Fatal,Pedestrian Collisions,Pedestrian,30 to 34,Fatal,3,West,,,,,Pedestrian hit at mid-block,"Crossing, no Traffic Control",Inattentive,,,,Yes,,Yes,,,,,,,,,,,116,Steeles,116,Steeles (116),D42,633656.278725414,4851939.66659518
6872,81542021,1000552546,3/25/2021 4:00:00 AM,2300,VICTORIA PARK AVE,SPARKS AVE,,Major Arterial,Scarborough,43.808455,-79.338275,At/Near Private Drive,No Control,Rain,"Dark, artificial",Wet,Fatal,Pedestrian Collisions,Driver,45 to 49,None,,North,"Automobile, Station Wagon",Going Ahead,Driving Properly,Normal,,,,,,,Yes,,Yes,,,,,,,,,,,116,Steeles,116,Steeles (116),D42,633656.278725414,4851939.66659518
6873,81542209,1000618818,4/4/2021 4:00:00 AM,2120,LAKE SHORE  BLVD W,BATHURST ST,,Major Arterial,Toronto and East York,43.636412,-79.399608,At Intersection,Traffic Signal,Clear,"Dark, artificial",Dry,Non-Fatal Injury,Pedestrian Collisions,Driver,25 to 29,None,,West,"Automobile, Station Wagon",Going Ahead,Driving Properly,Normal,,,,,,,Yes,,Yes,,,,,,,,,,,163,Fort York-Liberty Village,82,Niagara (82),D14,629092.068721763,4832734.57777593
6874,81542210,1000618818,4/4/2021 4:00:00 AM,2120,LAKE SHORE  BLVD W,BATHURST ST,,Major Arterial,Toronto and East York,43.636412,-79.399608,At Intersection,Traffic Signal,Clear,"Dark, artificial",Dry,Non-Fatal Injury,Pedestrian Collisions,Pedestrian,25 to 29,Major,,,,,,,Vehicle is going straight thru inter.while ped cross without ROW,Crossing without right of way,Inattentive,,,,Yes,,Yes,,,,,,,,,,,163,Fort York-Liberty Village,82,Niagara (82),D14,629092.068721763,4832734.57777593
6875,81542812,1000635139,4/7/2021 4:00:00 AM,1000,NIAGARA  ST,BATHURST  ST,,Major Arterial,Toronto and East York,43.641841,-79.401851,At Intersection,Traffic Signal,Clear,Daylight,Dry,Non-Fatal Injury,Pedestrian Collisions,Driver,35 to 39,None,,South,"Automobile, Station Wagon",Going Ahead,Driving Properly,Normal,,,,,,,Yes,,Yes,,,,,,,,,,,164,Wellington Place,77,Waterfront Communities-The Island (77),D14,628899.530630334,4833334.05211372
6876,81542813,1000635139,4/7/2021 4:00:00 AM,1000,NIAGARA  ST,BATHURST  ST,,Major Arterial,Toronto and East York,43.641841,-79.401851,At Intersection,Traffic Signal,Clear,Daylight,Dry,Non-Fatal Injury,Pedestrian Collisions,Pedestrian,20 to 24,Major,,East,,,,,Vehicle is going straight thru inter.while ped cross without ROW,Crossing without right of way,Inattentive,,,,Yes,,Yes,,,,,,,,,,,164,Wellington Place,77,Waterfront Communities-The Island (77),D14,628899.530630334,4833334.05211372
6877,81543278,1000691488,4/15/2021 4:00:00 AM,1212,QUEEN ST E,BROADVIEW  AVE,31 m East of,Minor Arterial,Toronto and East York,43.658923,-79.349284,Non Intersection,No Control,Clear,Daylight,Dry,Non-Fatal Injury,Pedestrian Collisions,Driver,40 to 44,None,,East,Pick Up Truck,Going Ahead,Driving Properly,Normal,,,,,,,Yes,,Yes,,,,,Yes,,,,,,70,South Riverdale,70,South Riverdale (70),D55,633101.656818605,4835314.21689121
6878,81543279,1000691488,4/15/2021 4:00:00 AM,1212,QUEEN ST E,BROADVIEW  AVE,31 m East of,Minor Arterial,Toronto and East York,43.658923,-79.349284,Non Intersection,No Control,Clear,Daylight,Dry,Non-Fatal Injury,Pedestrian Collisions,Passenger,40 to 44,None,,,,,,,,,,,,,Yes,,Yes,,,,,Yes,,,,,,70,South Riverdale,70,South Riverdale (70),D55,633101.656818605,4835314.21689121
6879,81543280,1000691488,4/15/2021 4:00:00 AM,1212,QUEEN ST E,BROADVIEW  AVE,31 m East of,Minor Arterial,Toronto and East York,43.658923,-79.349284,Non Intersection,No Control,Clear,Daylight,Dry,Non-Fatal Injury,Pedestrian Collisions,Pedestrian,25 to 29,Major,,South,,,,,Pedestrian hit at mid-block,Running onto Roadway,Normal,,,,Yes,,Yes,,,,,Yes,,,,,,70,South Riverdale,70,South Riverdale (70),D55,633101.656818605,4835314.21689121
6880,81542020,1000692826,4/15/2021 4:00:00 AM,1530,FINCH AVE W,SENTINEL RD,,Major Arterial,North York,43.760363,-79.502773,Non Intersection,No Control,Clear,Daylight,Dry,Fatal,Pedestrian Collisions,Pedestrian,45 to 49,Fatal,4,South,,,,,Pedestrian hit at mid-block,"Crossing, no Traffic Control",Normal,,,,Yes,,,,Yes,,,,,,,,,27,York University Heights,27,York University Heights (27),D31,620521.829725647,4846345.76085219
6881,81542023,1000692826,4/15/2021 4:00:00 AM,1530,FINCH AVE W,SENTINEL RD,,Major Arterial,North York,43.760363,-79.502773,Non Intersection,No Control,Clear,Daylight,Dry,Fatal,Pedestrian Collisions,Truck Driver,55 to 59,None,,West,Truck - Dump,Going Ahead,Driving Properly,Normal,,,,,,,Yes,,,,Yes,,,,,,,,,27,York University Heights,27,York University Heights (27),D31,620521.829725647,4846345.76085219
6882,81542249,1000762323,4/26/2021 4:00:00 AM,715,ARKONA DR,ARKONA  DR,,Collector,Scarborough,43.773184,-79.304469,At Intersection,Stop Sign,Clear,Daylight,Dry,Non-Fatal Injury,Pedestrian Collisions,Driver,45 to 49,None,,East,"Automobile, Station Wagon",Turning Left,Disobeyed Traffic Control,Inattentive,,,,,,,Yes,,Yes,,,,,,,Yes,,,,118,Tam O'Shanter-Sullivan,118,Tam O'Shanter-Sullivan (118),D42,636455.646606574,4848077.42678317
6883,81542250,1000762323,4/26/2021 4:00:00 AM,715,ARKONA DR,ARKONA  DR,,Collector,Scarborough,43.773184,-79.304469,At Intersection,Stop Sign,Clear,Daylight,Dry,Non-Fatal Injury,Pedestrian Collisions,Pedestrian,55 to 59,Major,,North,,,,,Vehicle turns left while ped crosses with ROW at inter.,Crossing with right of way,Normal,,,,Yes,,Yes,,,,,,,Yes,,,,118,Tam O'Shanter-Sullivan,118,Tam O'Shanter-Sullivan (118),D42,636455.646606574,4848077.42678317
6884,81070928,1000772458,4/27/2021 4:00:00 AM,1510,MAIN ST,DANFORTH AVE,,Major Arterial,Toronto and East York,43.688071,-79.301791,At Intersection,Traffic Signal,Clear,Daylight,Dry,Fatal,Pedestrian Collisions,Driver,50 to 54,None,,North,Truck - Dump,Turning Right,Improper Turn,Inattentive,,,,,,,Yes,,,,Yes,,,,,,,,,62,East End-Danforth,62,East End-Danforth (62),D55,636864.911341533,4838628.78885386
6885,81542022,1000772458,4/27/2021 4:00:00 AM,1510,MAIN ST,DANFORTH AVE,,Major Arterial,Toronto and East York,43.688071,-79.301791,At Intersection,Traffic Signal,Clear,Daylight,Dry,Fatal,Pedestrian Collisions,Wheelchair,80 to 84,Fatal,6,North,,,,,Vehicle turns right while ped crosses with ROW at inter.,Crossing with right of way,Normal,,,,Yes,,,,Yes,,,,,,,,,62,East End-Danforth,62,East End-Danforth (62),D55,636864.911341533,4838628.78885386
6886,81542862,1000814402,5/3/2021 4:00:00 AM,1824,SPADINA  AVE,NASSAU  ST,60 m South o,Major Arterial,Toronto and East York,43.655276,-79.398967,Non Intersection,No Control,Clear,Daylight,Dry,Non-Fatal Injury,Pedestrian Collisions,Driver,35 to 39,None,,North,Street Car,Going Ahead,Driving Properly,Normal,,,,,,,Yes,,,,,Yes,,Yes,,,,,,78,Kensington-Chinatown,78,Kensington-Chinatown (78),D52,629103.356732683,4834830.66708487
6887,81542863,1000814402,5/3/2021 4:00:00 AM,1824,SPADINA  AVE,NASSAU  ST,60 m South o,Major Arterial,Toronto and East York,43.655276,-79.398967,Non Intersection,No Control,Clear,Daylight,Dry,Non-Fatal Injury,Pedestrian Collisions,Pedestrian,45 to 49,Major,,West,,,,,Pedestrian involved in a collision with transit vehicle anywhere along roadway,"Crossing, no Traffic Control",Inattentive,,,,Yes,,,,,Yes,,Yes,,,,,,78,Kensington-Chinatown,78,Kensington-Chinatown (78),D52,629103.356732683,4834830.66708487
6888,81542864,1000814402,5/3/2021 4:00:00 AM,1824,SPADINA  AVE,NASSAU  ST,60 m South o,Major Arterial,Toronto and East York,43.655276,-79.398967,Non Intersection,No Control,Clear,Daylight,Dry,Non-Fatal Injury,Pedestrian Collisions,Passenger,50 to 54,Minimal,,,,,,,,,,,,,Yes,,,,,Yes,,Yes,,,,,,78,Kensington-Chinatown,78,Kensington-Chinatown (78),D52,629103.356732683,4834830.66708487
6889,81542831,1000874624,5/12/2021 4:00:00 AM,1040,LAWRENCE AVE E,STARSPRAY BLVD,20 m West of,Local,Scarborough,43.788428,-79.122974,Intersection Related,No Control,Clear,Daylight,Dry,Non-Fatal Injury,Pedestrian Collisions,Driver,60 to 64,None,,South,Municipal Transit Bus (TTC),Going Ahead,Driving Properly,Normal,,,,,,,Yes,,,,,Yes,,,,,,,,143,West Rouge,131,Rouge (131),D43,651024.087824556,4850085.66197681
6890,81542832,1000874624,5/12/2021 4:00:00 AM,1040,LAWRENCE AVE E,STARSPRAY BLVD,20 m West of,Local,Scarborough,43.788428,-79.122974,Intersection Related,No Control,Clear,Daylight,Dry,Non-Fatal Injury,Pedestrian Collisions,Pedestrian,70 to 74,Major,,East,,,,,Pedestrian involved in a collision with transit vehicle anywhere along roadway,Other,Medical or Physical Disability,,,,Yes,,,,,Yes,,,,,,,,143,West Rouge,131,Rouge (131),D43,651024.087824556,4850085.66197681
6891,81583616,1000874987,5/12/2021 4:00:00 AM,1134,1190 WESTON  RD,,15 m South o,Minor Arterial,Etobicoke York,43.687628,-79.491267,Non Intersection,No Control,Clear,Daylight,Dry,Non-Fatal Injury,Pedestrian Collisions,Driver,25 to 29,None,,North,"Automobile, Station Wagon",Other,Lost control,Inattentive,,,,,,,Yes,,Yes,,,,,,,,,,,115,Mount Dennis,115,Mount Dennis (115),D12,621595.094461138,4838284.31648519
6892,81583617,1000874987,5/12/2021 4:00:00 AM,1134,1190 WESTON  RD,,15 m South o,Minor Arterial,Etobicoke York,43.687628,-79.491267,Non Intersection,No Control,Clear,Daylight,Dry,Non-Fatal Injury,Pedestrian Collisions,Pedestrian,80 to 84,Major,,Unknown,,,,,Pedestrian hit on sidewalk or shoulder,On Sidewalk or Shoulder,Normal,,,,Yes,,Yes,,,,,,,,,,,115,Mount Dennis,115,Mount Dennis (115),D12,621595.094461138,4838284.31648519
6893,81545742,1000928847,5/19/2021 4:00:00 AM,1752,8 FRASERWOOD AVE,,,Local,North York,43.713919,-79.438205,Non Intersection,No Control,Clear,Daylight,Dry,Non-Fatal Injury,Pedestrian Collisions,Driver,45 to 49,None,,West,"Automobile, Station Wagon",Going Ahead,Driving Properly,Normal,,,,,,,Yes,,Yes,,,,,Yes,,,,,,32,Englemount-Lawrence,32,Englemount-Lawrence (32),D13,625816.616801138,4841283.46707833
6894,81545743,1000928847,5/19/2021 4:00:00 AM,1752,8 FRASERWOOD AVE,,,Local,North York,43.713919,-79.438205,Non Intersection,No Control,Clear,Daylight,Dry,Non-Fatal Injury,Pedestrian Collisions,Passenger,50 to 54,None,,,,,,,,,,,,,Yes,,Yes,,,,,Yes,,,,,,32,Englemount-Lawrence,32,Englemount-Lawrence (32),D13,625816.616801138,4841283.46707833
6895,81545744,1000928847,5/19/2021 4:00:00 AM,1752,8 FRASERWOOD AVE,,,Local,North York,43.713919,-79.438205,Non Intersection,No Control,Clear,Daylight,Dry,Non-Fatal Injury,Pedestrian Collisions,Passenger,0 to 4,None,,,,,,,,,,,,,Yes,,Yes,,,,,Yes,,,,,,32,Englemount-Lawrence,32,Englemount-Lawrence (32),D13,625816.616801138,4841283.46707833
6896,81545745,1000928847,5/19/2021 4:00:00 AM,1752,8 FRASERWOOD AVE,,,Local,North York,43.713919,-79.438205,Non Intersection,No Control,Clear,Daylight,Dry,Non-Fatal Injury,Pedestrian Collisions,Passenger,0 to 4,None,,,,,,,,,,,,,Yes,,Yes,,,,,Yes,,,,,,32,Englemount-Lawrence,32,Englemount-Lawrence (32),D13,625816.616801138,4841283.46707833
6897,81545746,1000928847,5/19/2021 4:00:00 AM,1752,8 FRASERWOOD AVE,,,Local,North York,43.713919,-79.438205,Non Intersection,No Control,Clear,Daylight,Dry,Non-Fatal Injury,Pedestrian Collisions,Pedestrian,5 to 9,Major,,South,,,,,Pedestrian hit at mid-block,Running onto Roadway,Normal,,,,Yes,,Yes,,,,,Yes,,,,,,32,Englemount-Lawrence,32,Englemount-Lawrence (32),D13,625816.616801138,4841283.46707833
6898,81543440,1000934827,5/20/2021 4:00:00 AM,1438,KINGSTON RD,DORSET RD,,Major Arterial,Scarborough,43.724314,-79.233272,At Intersection,No Control,Clear,Daylight,Dry,Fatal,Pedestrian Collisions,Wheelchair,65 to 69,Fatal,7,East,,Making U Turn,,,Vehicle is going straight thru inter.while ped cross without ROW,Crossing without right of way,Inattentive,,,,Yes,,Yes,,,,,,,,,,,123,Cliffcrest,123,Cliffcrest (123),D43,642301.388515841,4842769.47250333
6899,81578308,1000934827,5/20/2021 4:00:00 AM,1438,KINGSTON RD,DORSET RD,,Major Arterial,Scarborough,43.724314,-79.233272,At Intersection,No Control,Clear,Daylight,Dry,Fatal,Pedestrian Collisions,Driver,30 to 34,None,,West,Delivery Van,Going Ahead,Driving Properly,Normal,,,,,,,Yes,,Yes,,,,,,,,,,,123,Cliffcrest,123,Cliffcrest (123),D43,642301.388515841,4842769.47250333
6900,81583665,1000936048,5/20/2021 4:00:00 AM,1738,MCKEE  AVE,KENNETH AVE,20 m South o,Collector,North York,43.773627,-79.409442,Intersection Related,Stop Sign,Clear,Daylight,Dry,Non-Fatal Injury,Pedestrian Collisions,Driver,35 to 39,Minimal,,North,"Automobile, Station Wagon",Going Ahead,Improper Passing,Inattentive,,,,,,,Yes,,Yes,,,,,,,Yes,,,,152,East Willowdale,51,Willowdale East (51),D32,628006.436215512,4847958.98106734
6901,81583666,1000936048,5/20/2021 4:00:00 AM,1738,MCKEE  AVE,KENNETH AVE,20 m South o,Collector,North York,43.773627,-79.409442,Intersection Related,Stop Sign,Clear,Daylight,Dry,Non-Fatal Injury,Pedestrian Collisions,Pedestrian,40 to 44,Major,,South,,,,,Pedestrian hit on sidewalk or shoulder,On Sidewalk or Shoulder,Normal,,,,Yes,,Yes,,,,,,,Yes,,,,152,East Willowdale,51,Willowdale East (51),D32,628006.436215512,4847958.98106734
6902,81577651,1000938844,5/21/2021 4:00:00 AM,325,DUNDAS ST E,SHERBOURNE ST,,Major Arterial,Toronto and East York,43.658202,-79.371028,Non Intersection,No Control,Clear,"Dark, artificial",Dry,Fatal,Pedestrian Collisions,Pedestrian,55 to 59,Fatal,8,South,,,,,Pedestrian hit at mid-block,"Crossing, no Traffic Control",Inattentive,,,,Yes,,Yes,,,,,,,,,,,73,Moss Park,73,Moss Park (73),D51,631349.932898747,4835199.48796786
6903,81577652,1000938844,5/21/2021 4:00:00 AM,325,DUNDAS ST E,SHERBOURNE ST,,Major Arterial,Toronto and East York,43.658202,-79.371028,Non Intersection,No Control,Clear,"Dark, artificial",Dry,Fatal,Pedestrian Collisions,Driver,20 to 24,None,,West,"Automobile, Station Wagon",Going Ahead,Driving Properly,Normal,,,,,,,Yes,,Yes,,,,,,,,,,,73,Moss Park,73,Moss Park (73),D51,631349.932898747,4835199.48796786
6904,81545849,1000951822,5/22/2021 4:00:00 AM,2200,EASTERN AVE,COXWELL AVE,,Minor Arterial,Toronto and East York,43.665419,-79.31618,At Intersection,Traffic Signal,Clear,"Dark, artificial",Dry,Non-Fatal Injury,Pedestrian Collisions,Driver,65 to 69,None,,West,"Automobile, Station Wagon",Turning Left,Failed to Yield Right of Way,Inattentive,,,,,,,Yes,,Yes,,,,,,,Yes,,,,63,The Beaches,63,The Beaches (63),D55,635756.309208362,4836089.32434885
6905,81545850,1000951822,5/22/2021 4:00:00 AM,2200,EASTERN AVE,COXWELL AVE,,Minor Arterial,Toronto and East York,43.665419,-79.31618,At Intersection,Traffic Signal,Clear,"Dark, artificial",Dry,Non-Fatal Injury,Pedestrian Collisions,Pedestrian,10 to 14,Major,,East,,,,,Vehicle turns left while ped crosses with ROW at inter.,Crossing with right of way,Normal,,,,Yes,,Yes,,,,,,,Yes,,,,63,The Beaches,63,The Beaches (63),D55,635756.309208362,4836089.32434885
6906,81578360,1000952186,5/22/2021 4:00:00 AM,2312,DON MILLS RD,GATEWAY   BLVD,8 m South of,Major Arterial,North York,43.714331,-79.336314,Intersection Related,Traffic Signal,Clear,"Dark, artificial",Dry,Non-Fatal Injury,Pedestrian Collisions,Driver,15 to 19,None,,South,"Automobile, Station Wagon",Going Ahead,Exceeding Speed Limit,Had Been Drinking,,,,,,,Yes,,Yes,,,,,Yes,Yes,Yes,,,,44,Flemingdon Park,44,Flemingdon Park (44),D55,634024.01789229,4841488.93318214
6907,81578361,1000952186,5/22/2021 4:00:00 AM,2312,DON MILLS RD,GATEWAY   BLVD,8 m South of,Major Arterial,North York,43.714331,-79.336314,Intersection Related,Traffic Signal,Clear,"Dark, artificial",Dry,Non-Fatal Injury,Pedestrian Collisions,Passenger,20 to 24,None,,,,,,,,,,,,,Yes,,Yes,,,,,Yes,Yes,Yes,,,,44,Flemingdon Park,44,Flemingdon Park (44),D55,634024.01789229,4841488.93318214
6908,81578362,1000952186,5/22/2021 4:00:00 AM,2312,DON MILLS RD,GATEWAY   BLVD,8 m South of,Major Arterial,North York,43.714331,-79.336314,Intersection Related,Traffic Signal,Clear,"Dark, artificial",Dry,Non-Fatal Injury,Pedestrian Collisions,Pedestrian,15 to 19,Major,,Unknown,,,,,Pedestrian hit on sidewalk or shoulder,On Sidewalk or Shoulder,Normal,,,,Yes,,Yes,,,,,Yes,Yes,Yes,,,,44,Flemingdon Park,44,Flemingdon Park (44),D55,634024.01789229,4841488.93318214
6909,81577469,1000955837,5/23/2021 4:00:00 AM,1501,1418 QUEEN ST W,,,Major Arterial,Toronto and East York,43.640879,-79.434825,Non Intersection,No Control,Clear,Daylight,Dry,Non-Fatal Injury,Pedestrian Collisions,Driver,25 to 29,None,,West,"Automobile, Station Wagon",Going Ahead,Driving Properly,Normal,,,,,,,Yes,,Yes,,,,,,,,,,,85,South Parkdale,85,South Parkdale (85),D14,626241.983942552,4833176.52767754
6910,81577470,1000955837,5/23/2021 4:00:00 AM,1501,1418 QUEEN ST W,,,Major Arterial,Toronto and East York,43.640879,-79.434825,Non Intersection,No Control,Clear,Daylight,Dry,Non-Fatal Injury,Pedestrian Collisions,Pedestrian,45 to 49,Major,,North,,,,,Pedestrian hit at mid-block,"Crossing, no Traffic Control",Inattentive,,,,Yes,,Yes,,,,,,,,,,,85,South Parkdale,85,South Parkdale (85),D14,626241.983942552,4833176.52767754
6911,81577280,1000962145,5/24/2021 4:00:00 AM,1415,DUFFERIN  ST,ST CLAIR AVE W,,Major Arterial,Toronto and East York,43.67789,-79.443042,At Intersection,Traffic Signal,Clear,Daylight,Dry,Non-Fatal Injury,Pedestrian Collisions,Driver,50 to 54,None,,South,"Automobile, Station Wagon",Going Ahead,Speed too Fast For Condition,Inattentive,,,,,,,Yes,,Yes,,,,,,Yes,Yes,,,,92,Corso Italia-Davenport,92,Corso Italia-Davenport (92),D13,625502.087098746,4837274.61953886
6912,81577281,1000962145,5/24/2021 4:00:00 AM,1415,DUFFERIN  ST,ST CLAIR AVE W,,Major Arterial,Toronto and East York,43.67789,-79.443042,At Intersection,Traffic Signal,Clear,Daylight,Dry,Non-Fatal Injury,Pedestrian Collisions,Pedestrian,15 to 19,Major,,East,,,,,Vehicle is going straight thru inter.while ped cross with ROW,Crossing with right of way,Normal,,,,Yes,,Yes,,,,,,Yes,Yes,,,,92,Corso Italia-Davenport,92,Corso Italia-Davenport (92),D13,625502.087098746,4837274.61953886
6913,81577000,1000999578,5/29/2021 4:00:00 AM,2040,LAKE SHORE  BLVD W,YORK  ST,,Major Arterial,Toronto and East York,43.641387,-79.380832,At Intersection,Traffic Signal,Clear,"Dusk, artificial",Dry,Non-Fatal Injury,Pedestrian Collisions,Motorcycle Driver,35 to 39,Major,,West,Motorcycle,Going Ahead,Driving Properly,Normal,,,,,,,Yes,,,Yes,,,,,,,,,,166,St Lawrence-East Bayfront-The Islands,77,Waterfront Communities-The Island (77),D52,630595.830570113,4833316.48808908