OBJECTID,INDEX,ACCNUM,DATE,TIME,STREET1,STREET2,OFFSET,ROAD_CLASS,DISTRICT,LATITUDE,LONGITUDE,ACCLOC,TRAFFCTL,VISIBILITY,LIGHT,RDSFCOND,ACCLASS,IMPACTYPE,INVTYPE,INVAGE,INJURY,FATAL_NO,INITDIR,VEHTYPE,MANOEUVER,DRIVACT,DRIVCOND,PEDTYPE,PEDACT,PEDCOND,CYCLISTYPE,CYCACT,CYCCOND,PEDESTRIAN,CYCLIST,AUTOMOBILE,MOTORCYCLE,TRUCK,TRSN_CITY_VEH,EMERG_VEH,PASSENGER,SPEEDING,AG_DRIV,REDLIGHT,ALCOHOL,DISABILITY,HOOD_158,NEIGHBOURHOOD_158,HOOD_140,NEIGHBOURHOOD_140,DIVISION,x,y
6914,81577001,1000999578,5/29/2021 4:00:00 AM,2040,LAKE SHORE  BLVD W,YORK  ST,,Major Arterial,Toronto and East York,43.641387,-79.380832,At Intersection,Traffic Signal,Clear,"Dusk, artificial",Dry,Non-Fatal Injury,Pedestrian Collisions,Pedestrian,25 to 29,Major,,North,,,,,Vehicle is going straight thru inter.while ped cross without ROW,Crossing without right of way,Inattentive,,,,Yes,,,Yes,,,,,,,,,,166,St Lawrence-East Bayfront-The Islands,77,Waterfront Communities-The Island (77),D52,630595.830570113,4833316.48808908
6915,81576832,1001003363,5/30/2021 4:00:00 AM,1315,BLOOR  ST W,GLENDONWYNNE RD,52 m East of,Major Arterial,Etobicoke York,43.651698,-79.473323,Non Intersection,No Control,Clear,Daylight,Dry,Non-Fatal Injury,Pedestrian Collisions,Driver,15 to 19,None,,West,"Automobile, Station Wagon",Going Ahead,Driving Properly,Normal,,,,,,,Yes,,Yes,,,,,Yes,,,,,,87,High Park-Swansea,87,High Park-Swansea (87),D11,623114.726465872,4834320.28134533
6916,81576833,1001003363,5/30/2021 4:00:00 AM,1315,BLOOR  ST W,GLENDONWYNNE RD,52 m East of,Major Arterial,Etobicoke York,43.651698,-79.473323,Non Intersection,No Control,Clear,Daylight,Dry,Non-Fatal Injury,Pedestrian Collisions,Passenger,15 to 19,None,,,,,,,,,,,,,Yes,,Yes,,,,,Yes,,,,,,87,High Park-Swansea,87,High Park-Swansea (87),D11,623114.726465872,4834320.28134533
6917,81576834,1001003363,5/30/2021 4:00:00 AM,1315,BLOOR  ST W,GLENDONWYNNE RD,52 m East of,Major Arterial,Etobicoke York,43.651698,-79.473323,Non Intersection,No Control,Clear,Daylight,Dry,Non-Fatal Injury,Pedestrian Collisions,Pedestrian,65 to 69,Major,,South,,,,,Pedestrian hit at mid-block,"Crossing, no Traffic Control",Normal,,,,Yes,,Yes,,,,,Yes,,,,,,87,High Park-Swansea,87,High Park-Swansea (87),D11,623114.726465872,4834320.28134533
6918,81577100,1001050264,6/5/2021 4:00:00 AM,2120,LAWRENCE  AVE E,RODDA BLVD,,Major Arterial,Scarborough,43.76734,-79.190624,At Intersection,No Control,Clear,"Dark, artificial",Dry,Non-Fatal Injury,Pedestrian Collisions,Driver,25 to 29,None,,East,"Automobile, Station Wagon",Turning Left,Failed to Yield Right of Way,Had Been Drinking,,,,,,,Yes,,Yes,,,,,,,Yes,,,,136,West Hill,136,West Hill (136),D43,645632.140661016,4847622.29007399
6919,81577101,1001050264,6/5/2021 4:00:00 AM,2120,LAWRENCE  AVE E,RODDA BLVD,,Major Arterial,Scarborough,43.76734,-79.190624,At Intersection,No Control,Clear,"Dark, artificial",Dry,Non-Fatal Injury,Pedestrian Collisions,Pedestrian,30 to 34,Major,,North,,,,,Vehicle turns left while ped crosses with ROW at inter.,Crossing with right of way,Normal,,,,Yes,,Yes,,,,,,,Yes,,,,136,West Hill,136,West Hill (136),D43,645632.140661016,4847622.29007399
6920,81577102,1001050264,6/5/2021 4:00:00 AM,2120,LAWRENCE  AVE E,RODDA BLVD,,Major Arterial,Scarborough,43.76734,-79.190624,At Intersection,No Control,Clear,"Dark, artificial",Dry,Non-Fatal Injury,Pedestrian Collisions,Pedestrian,25 to 29,Major,,North,,,,,Vehicle turns left while ped crosses with ROW at inter.,Crossing with right of way,Normal,,,,Yes,,Yes,,,,,,,Yes,,,,136,West Hill,136,West Hill (136),D43,645632.140661016,4847622.29007399
6921,81576795,1001069325,6/8/2021 4:00:00 AM,1444,QUEEN  ST W,MANNING  AVE,10 m East of,Major Arterial,Toronto and East York,43.646216,-79.408542,Intersection Related,No Control,Clear,Daylight,Dry,Non-Fatal Injury,Pedestrian Collisions,Driver,25 to 29,None,,East,"Automobile, Station Wagon",Going Ahead,Driving Properly,Normal,,,,,,,Yes,,Yes,,,,,,,,,,,162,West Queen West,82,Niagara (82),D14,628350.541704031,4833809.58267387
6922,81576796,1001069325,6/8/2021 4:00:00 AM,1444,QUEEN  ST W,MANNING  AVE,10 m East of,Major Arterial,Toronto and East York,43.646216,-79.408542,Intersection Related,No Control,Clear,Daylight,Dry,Non-Fatal Injury,Pedestrian Collisions,Pedestrian,35 to 39,Major,,North,,,,,Vehicle is going straight thru inter.while ped cross without ROW,Running onto Roadway,Had Been Drinking,,,,Yes,,Yes,,,,,,,,,,,162,West Queen West,82,Niagara (82),D14,628350.541704031,4833809.58267387
6923,81579590,1001072175,6/8/2021 4:00:00 AM,2209,WARDEN AVE,MCNICOLL AVE,320 m North ,Major Arterial,Scarborough,43.809027,-79.322208,Non Intersection,No Control,Clear,"Dark, artificial",Dry,Non-Fatal Injury,Pedestrian Collisions,Driver,60 to 64,None,,North,Passenger Van,Going Ahead,Driving Properly,Normal,,,,,,,Yes,,Yes,,,,,,,,,,,116,Steeles,116,Steeles (116),D42,634947.308409311,4852029.27512365
6924,81579591,1001072175,6/8/2021 4:00:00 AM,2209,WARDEN AVE,MCNICOLL AVE,320 m North ,Major Arterial,Scarborough,43.809027,-79.322208,Non Intersection,No Control,Clear,"Dark, artificial",Dry,Non-Fatal Injury,Pedestrian Collisions,Pedestrian,45 to 49,Major,,East,,,,,Pedestrian hit at mid-block,"Crossing, no Traffic Control",Inattentive,,,,Yes,,Yes,,,,,,,,,,,116,Steeles,116,Steeles (116),D42,634947.308409311,4852029.27512365
6925,81577643,1001104105,6/13/2021 4:00:00 AM,1315,VICTORIA PARK AVE,FINCH AVE E,,Major Arterial,Scarborough,43.793036,-79.331371,At Intersection,Traffic Signal,Clear,Daylight,Dry,Fatal,Pedestrian Collisions,Driver,unknown,None,,East,Other,Going Ahead,Other,Unknown,,,,,,,Yes,,,,,,,,,,,,,147,L'Amoreaux West,117,L'Amoreaux (117),D42,634246.118668639,4850238.31619136
6926,81577646,1001104105,6/13/2021 4:00:00 AM,1315,VICTORIA PARK AVE,FINCH AVE E,,Major Arterial,Scarborough,43.793036,-79.331371,At Intersection,Traffic Signal,Clear,Daylight,Dry,Fatal,Pedestrian Collisions,Pedestrian,65 to 69,Fatal,11,North,,Going Ahead,,,Vehicle is going straight thru inter.while ped cross without ROW,Other,Unknown,,,,Yes,,,,,,,,,,,,,147,L'Amoreaux West,117,L'Amoreaux (117),D42,634246.118668639,4850238.31619136
6927,81578532,1001141851,6/18/2021 4:00:00 AM,1550,LAWRENCE  AVE W,WESTON RD,17 m West of,Major Arterial,Etobicoke York,43.700087,-79.516155,Intersection Related,No Control,Clear,Daylight,Dry,Non-Fatal Injury,Pedestrian Collisions,Driver,50 to 54,None,,West,"Automobile, Station Wagon",Going Ahead,Driving Properly,Normal,,,,,,,Yes,,Yes,,,,,,,,,,,113,Weston,113,Weston (113),D12,619564.488838463,4839631.86691579
6928,81578533,1001141851,6/18/2021 4:00:00 AM,1550,LAWRENCE  AVE W,WESTON RD,17 m West of,Major Arterial,Etobicoke York,43.700087,-79.516155,Intersection Related,No Control,Clear,Daylight,Dry,Non-Fatal Injury,Pedestrian Collisions,Pedestrian,70 to 74,Major,,North,,,,,Pedestrian hit at mid-block,"Crossing, no Traffic Control",Inattentive,,,,Yes,,Yes,,,,,,,,,,,113,Weston,113,Weston (113),D12,619564.488838463,4839631.86691579
6929,81577501,1001146779,6/19/2021 4:00:00 AM,1015,FOREST MANOR  RD,PARKWAY FOREST  DR,,Collector,North York,43.775,-79.343349,At Intersection,Stop Sign,Clear,Daylight,Dry,Non-Fatal Injury,Pedestrian Collisions,Driver,30 to 34,None,,East,"Automobile, Station Wagon",Turning Left,Failed to Yield Right of Way,Inattentive,,,,,,,Yes,,Yes,,,,,,,Yes,,,,53,Henry Farm,53,Henry Farm (53),D33,633322.532098813,4848215.77849264
6930,81577502,1001146779,6/19/2021 4:00:00 AM,1015,FOREST MANOR  RD,PARKWAY FOREST  DR,,Collector,North York,43.775,-79.343349,At Intersection,Stop Sign,Clear,Daylight,Dry,Non-Fatal Injury,Pedestrian Collisions,Pedestrian,75 to 79,Major,,East,,,,,Vehicle turns left while ped crosses with ROW at inter.,Crossing with right of way,Normal,,,,Yes,,Yes,,,,,,,Yes,,,,53,Henry Farm,53,Henry Farm (53),D33,633322.532098813,4848215.77849264
6931,81707082,1001147674,6/19/2021 4:00:00 AM,1250,DAVISVILLE AV,MOUNT PLEASANT RD,6 m West of,Major Arterial,Toronto and East York,43.700236,-79.38692,At Intersection,Traffic Signal,Clear,Daylight,Dry,Non-Fatal Injury,Pedestrian Collisions,Truck Driver,unknown,None,,North,Truck (other),Turning Left,Improper Turn,Inattentive,,,,,,,Yes,,,,Yes,,,,,,,,,99,Mount Pleasant East,99,Mount Pleasant East (99),D53,629977.695078962,4839842.90072777
6932,81707083,1001147674,6/19/2021 4:00:00 AM,1250,DAVISVILLE AV,MOUNT PLEASANT RD,6 m West of,Major Arterial,Toronto and East York,43.700236,-79.38692,At Intersection,Traffic Signal,Clear,Daylight,Dry,Non-Fatal Injury,Pedestrian Collisions,Pedestrian,20 to 24,Major,,South,,,,,Vehicle turns left while ped crosses with ROW at inter.,Crossing with right of way,Normal,,,,Yes,,,,Yes,,,,,,,,,99,Mount Pleasant East,99,Mount Pleasant East (99),D53,629977.695078962,4839842.90072777
6933,81578619,1001241239,7/2/2021 4:00:00 AM,1711,JANE  ST,WILSON  AVE,5 m North of,Major Arterial,North York,43.720843,-79.508594,Intersection Related,Traffic Signal,Clear,Daylight,Wet,Non-Fatal Injury,Pedestrian Collisions,Driver,30 to 34,None,,West,Pick Up Truck,Turning Right,Driving Properly,Normal,,,,,,,Yes,,Yes,,,,,Yes,,,,,,154,Oakdale-Beverley Heights,26,Downsview-Roding-CFB (26),D31,620132.266158822,4841948.04014284
6934,81578620,1001241239,7/2/2021 4:00:00 AM,1711,JANE  ST,WILSON  AVE,5 m North of,Major Arterial,North York,43.720843,-79.508594,Intersection Related,Traffic Signal,Clear,Daylight,Wet,Non-Fatal Injury,Pedestrian Collisions,Passenger,55 to 59,None,,,,,,,,,,,,,Yes,,Yes,,,,,Yes,,,,,,154,Oakdale-Beverley Heights,26,Downsview-Roding-CFB (26),D31,620132.266158822,4841948.04014284
6935,81578621,1001241239,7/2/2021 4:00:00 AM,1711,JANE  ST,WILSON  AVE,5 m North of,Major Arterial,North York,43.720843,-79.508594,Intersection Related,Traffic Signal,Clear,Daylight,Wet,Non-Fatal Injury,Pedestrian Collisions,Pedestrian,60 to 64,Major,,West,,,,,Vehicle turns right while ped crosses without ROW at inter.,Crossing without right of way,Inattentive,,,,Yes,,Yes,,,,,Yes,,,,,,154,Oakdale-Beverley Heights,26,Downsview-Roding-CFB (26),D31,620132.266158822,4841948.04014284
6936,81577658,1001249614,7/3/2021 4:00:00 AM,2233,DON VALLEY PARKWAY  S,GERRARD ST E,,Expressway,Toronto and East York,43.662265,-79.355258,Non Intersection,No Control,Clear,"Dark, artificial",Dry,Fatal,Pedestrian Collisions,Pedestrian,15 to 19,Fatal,14,West,,,,,Pedestrian hit at mid-block,"Crossing, no Traffic Control",Unknown,,,,Yes,,Yes,,,,,,,,,,,70,South Riverdale,70,South Riverdale (70),D55,632612.593802394,4835675.82441028
6937,81577659,1001249614,7/3/2021 4:00:00 AM,2233,DON VALLEY PARKWAY  S,GERRARD ST E,,Expressway,Toronto and East York,43.662265,-79.355258,Non Intersection,No Control,Clear,"Dark, artificial",Dry,Fatal,Pedestrian Collisions,Driver,60 to 64,None,,South,"Automobile, Station Wagon",Going Ahead,Driving Properly,Normal,,,,,,,Yes,,Yes,,,,,,,,,,,70,South Riverdale,70,South Riverdale (70),D55,632612.593802394,4835675.82441028
6938,81578219,1001268493,7/6/2021 4:00:00 AM,1455,GREENCEDAR CRCT,LAWRENCE  AVE E,25 m South o,Collector,Scarborough,43.758021,-79.233005,Intersection Related,No Control,Clear,Daylight,Dry,Non-Fatal Injury,Pedestrian Collisions,Pedestrian,75 to 79,Major,,East,,,,,Pedestrian hit at mid-block,"Crossing, no Traffic Control",Normal,,,,Yes,,,,,,,,,,,,,141,Golfdale-Cedarbrae-Woburn,137,Woburn (137),D43,642243.043609843,4846513.60343182
6939,81578059,1001274605,7/7/2021 4:00:00 AM,1156,WOODMOUNT  AVE,STRATHMORE BLVD,,Local,Toronto and East York,43.685877,-79.31557,At Intersection,Stop Sign,Clear,Daylight,Dry,Non-Fatal Injury,Pedestrian Collisions,Driver,35 to 39,None,,North,Pick Up Truck,Going Ahead,Failed to Yield Right of Way,Inattentive,,,,,,,Yes,,Yes,,,,,,,Yes,,,,66,Danforth,66,Danforth (66),D55,635759.347828982,4838362.46485067
6940,81578060,1001274605,7/7/2021 4:00:00 AM,1156,WOODMOUNT  AVE,STRATHMORE BLVD,,Local,Toronto and East York,43.685877,-79.31557,At Intersection,Stop Sign,Clear,Daylight,Dry,Non-Fatal Injury,Pedestrian Collisions,Pedestrian,30 to 34,Major,,East,,,,,Vehicle is going straight thru inter.while ped cross with ROW,Crossing with right of way,Normal,,,,Yes,,Yes,,,,,,,Yes,,,,66,Danforth,66,Danforth (66),D55,635759.347828982,4838362.46485067
6941,81578590,1001321784,7/14/2021 4:00:00 AM,1440,DON MILLS RD,GREEN BELT DR,270 m North ,Major Arterial,Toronto and East York,43.730017,-79.341525,Non Intersection,No Control,Clear,Daylight,Dry,Non-Fatal Injury,Pedestrian Collisions,Driver,70 to 74,None,,North,"Automobile, Station Wagon",Going Ahead,Driving Properly,Normal,,,,,,,Yes,,Yes,,,,,,,,,,,42,Banbury-Don Mills,42,Banbury-Don Mills (42),D33,633569.359300664,4843222.67816152
6942,81578591,1001321784,7/14/2021 4:00:00 AM,1440,DON MILLS RD,GREEN BELT DR,270 m North ,Major Arterial,Toronto and East York,43.730017,-79.341525,Non Intersection,No Control,Clear,Daylight,Dry,Non-Fatal Injury,Pedestrian Collisions,Pedestrian,15 to 19,Major,,East,,,,,Pedestrian hit at mid-block,"Crossing, no Traffic Control",Medical or Physical Disability,,,,Yes,,Yes,,,,,,,,,,,42,Banbury-Don Mills,42,Banbury-Don Mills (42),D33,633569.359300664,4843222.67816152
6943,81583746,1001358898,7/19/2021 4:00:00 AM,1915,RIDELLE AVE,TIMES RD,5 m East of,Local,North York,43.702731,-79.446719,At Intersection,Stop Sign,Clear,Daylight,Dry,Non-Fatal Injury,Pedestrian Collisions,Truck Driver,45 to 49,None,,East,Tow Truck,Going Ahead,Failed to Yield Right of Way,Normal,,,,,,,Yes,,Yes,,,,,,,Yes,,,,108,Briar Hill-Belgravia,108,Briar Hill-Belgravia (108),D13,625154.013939972,4840027.99501289
6944,81583747,1001358898,7/19/2021 4:00:00 AM,1915,RIDELLE AVE,TIMES RD,5 m East of,Local,North York,43.702731,-79.446719,At Intersection,Stop Sign,Clear,Daylight,Dry,Non-Fatal Injury,Pedestrian Collisions,Pedestrian,75 to 79,Major,,South,,,,,Vehicle is going straight thru inter.while ped cross with ROW,Crossing with right of way,Normal,,,,Yes,,Yes,,,,,,,Yes,,,,108,Briar Hill-Belgravia,108,Briar Hill-Belgravia (108),D13,625154.013939972,4840027.99501289
6945,81579217,1001360205,7/19/2021 4:00:00 AM,2343,DIXON  RD,ST PHILLIPS RD,8 m East of,Major Arterial,Etobicoke York,43.699752,-79.534229,Intersection Related,No Control,Clear,"Dark, artificial",Dry,Non-Fatal Injury,Pedestrian Collisions,Driver,60 to 64,None,,East,"Automobile, Station Wagon",Going Ahead,Driving Properly,Normal,,,,,,,Yes,,Yes,,,,,,,,,,,8,Humber Heights-Westmount,8,Humber Heights-Westmount (8),D23,618108.77789256,4839568.75552321
6946,81579218,1001360205,7/19/2021 4:00:00 AM,2343,DIXON  RD,ST PHILLIPS RD,8 m East of,Major Arterial,Etobicoke York,43.699752,-79.534229,Intersection Related,No Control,Clear,"Dark, artificial",Dry,Non-Fatal Injury,Pedestrian Collisions,Pedestrian,50 to 54,Major,,South,,,,,Vehicle is going straight thru inter.while ped cross without ROW,Running onto Roadway,Inattentive,,,,Yes,,Yes,,,,,,,,,,,8,Humber Heights-Westmount,8,Humber Heights-Westmount (8),D23,618108.77789256,4839568.75552321
6947,81580702,1001375642,7/22/2021 4:00:00 AM,624,1854 EGLINTON AVE W,1854 EGLINTON AVE W,,Major Arterial,North York,43.695426,-79.451267,At Intersection,Stop Sign,Clear,Daylight,Dry,Non-Fatal Injury,SMV Other,Driver,25 to 29,None,,West,"Automobile, Station Wagon",Going Ahead,Driving Properly,Normal,,,,,,,Yes,,Yes,,,,,,,,,,,109,Caledonia-Fairbank,109,Caledonia-Fairbank (109),D13,624802.714996549,4839209.81829507
6948,81580703,1001375642,7/22/2021 4:00:00 AM,624,1854 EGLINTON AVE W,1854 EGLINTON AVE W,,Major Arterial,North York,43.695426,-79.451267,At Intersection,Stop Sign,Clear,Daylight,Dry,Non-Fatal Injury,SMV Other,Pedestrian,25 to 29,Major,,South,,Going Ahead,,,,Crossing without right of way,Inattentive,,,,Yes,,Yes,,,,,,,,,,,109,Caledonia-Fairbank,109,Caledonia-Fairbank (109),D13,624802.714996549,4839209.81829507
6949,81579258,1001385290,7/23/2021 4:00:00 AM,1335,VICTORIA PARK AVE,EDGE PARK  AVE,19 m North o,Major Arterial,Scarborough,43.718081,-79.299884,Non Intersection,No Control,Clear,Daylight,Dry,Non-Fatal Injury,Pedestrian Collisions,Driver,35 to 39,None,,North,Pick Up Truck,Going Ahead,Driving Properly,Normal,,,,,,,Yes,,Yes,,,,,Yes,,,,,,43,Victoria Village,120,Clairlea-Birchmount (120),D55,636950.253085805,4841964.97702056
6950,81579259,1001385290,7/23/2021 4:00:00 AM,1335,VICTORIA PARK AVE,EDGE PARK  AVE,19 m North o,Major Arterial,Scarborough,43.718081,-79.299884,Non Intersection,No Control,Clear,Daylight,Dry,Non-Fatal Injury,Pedestrian Collisions,Passenger,35 to 39,None,,,Pick Up Truck,,,,,,,,,,Yes,,Yes,,,,,Yes,,,,,,43,Victoria Village,120,Clairlea-Birchmount (120),D55,636950.253085805,4841964.97702056
6951,81579260,1001385290,7/23/2021 4:00:00 AM,1335,VICTORIA PARK AVE,EDGE PARK  AVE,19 m North o,Major Arterial,Scarborough,43.718081,-79.299884,Non Intersection,No Control,Clear,Daylight,Dry,Non-Fatal Injury,Pedestrian Collisions,Pedestrian,20 to 24,Major,,East,,,,,Pedestrian hit at mid-block,Running onto Roadway,Inattentive,,,,Yes,,Yes,,,,,Yes,,,,,,43,Victoria Village,120,Clairlea-Birchmount (120),D55,636950.253085805,4841964.97702056
6952,81579336,1001388501,7/23/2021 4:00:00 AM,2110,2472 KINGSTON RD,,120 M WEST O,Major Arterial,Scarborough,43.709796,-79.249019,Non Intersection,,Clear,"Dark, artificial",Dry,Fatal,Pedestrian Collisions,Pedestrian,70 to 74,Fatal,22,Unknown,,,,,Pedestrian hit at mid-block,"Crossing, no Traffic Control",Inattentive,,,,Yes,,Yes,,,,,,Yes,Yes,,,,122,Birchcliffe-Cliffside,122,Birchcliffe-Cliffside (122),D41,641067.093931739,4841130.11521976
6953,81579340,1001388501,7/23/2021 4:00:00 AM,2110,2472 KINGSTON RD,,120 M WEST O,Major Arterial,Scarborough,43.709796,-79.249019,Non Intersection,,Clear,"Dark, artificial",Dry,Fatal,Pedestrian Collisions,Driver,20 to 24,None,,West,"Automobile, Station Wagon",Going Ahead,Exceeding Speed Limit,Normal,,,,,,,Yes,,Yes,,,,,,Yes,Yes,,,,122,Birchcliffe-Cliffside,122,Birchcliffe-Cliffside (122),D41,641067.093931739,4841130.11521976
6954,81579976,1001392111,7/24/2021 4:00:00 AM,1311,ROYAL YORK  RD,BLOOR  ST W,,Major Arterial,Etobicoke York,43.647292,-79.511325,At Intersection,Traffic Signal,Rain,Daylight,Wet,Non-Fatal Injury,Pedestrian Collisions,Driver,45 to 49,None,,South,Pick Up Truck,Turning Right,Failed to Yield Right of Way,Normal,,,,,,,Yes,,Yes,,,,,,,Yes,,,,16,Stonegate-Queensway,16,Stonegate-Queensway (16),D22,620058.909662965,4833775.26133582
6955,81579977,1001392111,7/24/2021 4:00:00 AM,1311,ROYAL YORK  RD,BLOOR  ST W,,Major Arterial,Etobicoke York,43.647292,-79.511325,At Intersection,Traffic Signal,Rain,Daylight,Wet,Non-Fatal Injury,Pedestrian Collisions,Pedestrian,55 to 59,Major,,South,,,,,Vehicle turns right while ped crosses with ROW at inter.,Crossing with right of way,Normal,,,,Yes,,Yes,,,,,,,Yes,,,,16,Stonegate-Queensway,16,Stonegate-Queensway (16),D22,620058.909662965,4833775.26133582
6956,81579189,1001406643,7/26/2021 4:00:00 AM,1532,FRONT ST W,SPADINA AVE,,Major Arterial,Toronto and East York,43.642672,-79.393901,At Intersection,Traffic Controller,Clear,Daylight,Dry,Non-Fatal Injury,SMV Other,Driver,65 to 69,None,,West,"Automobile, Station Wagon",Going Ahead,Driving Properly,Normal,,,,,,,Yes,,Yes,,,,,,,,,,,165,Harbourfront-CityPlace,77,Waterfront Communities-The Island (77),D14,629538.962690059,4833438.72296929
6957,81579190,1001406643,7/26/2021 4:00:00 AM,1532,FRONT ST W,SPADINA AVE,,Major Arterial,Toronto and East York,43.642672,-79.393901,At Intersection,Traffic Controller,Clear,Daylight,Dry,Non-Fatal Injury,SMV Other,Pedestrian,55 to 59,Major,,South,,Going Ahead,,,,Crossing without right of way,Had Been Drinking,,,,Yes,,Yes,,,,,,,,,,,165,Harbourfront-CityPlace,77,Waterfront Communities-The Island (77),D14,629538.962690059,4833438.72296929
6958,81580304,1001461087,8/3/2021 4:00:00 AM,1230,PHARMACY AVE,DANFORTH AVE,,Major Arterial,Scarborough,43.692256,-79.283344,At Intersection,Traffic Signal,Clear,Daylight,Dry,Non-Fatal Injury,Pedestrian Collisions,Driver,60 to 64,None,,South,Passenger Van,Turning Left,Driving Properly,Normal,,,,,,,Yes,,Yes,,,,,,,,,,,121,Oakridge,121,Oakridge (121),D41,638342.018153975,4839124.20403042
6959,81580305,1001461087,8/3/2021 4:00:00 AM,1230,PHARMACY AVE,DANFORTH AVE,,Major Arterial,Scarborough,43.692256,-79.283344,At Intersection,Traffic Signal,Clear,Daylight,Dry,Non-Fatal Injury,Pedestrian Collisions,Pedestrian,30 to 34,Major,,West,,,,,Vehicle turns left while ped crosses without ROW at inter.,Crossing without right of way,Inattentive,,,,Yes,,Yes,,,,,,,,,,,121,Oakridge,121,Oakridge (121),D41,638342.018153975,4839124.20403042
6960,81580365,1001469287,8/4/2021 4:00:00 AM,1441,ALLANFORD RD,SHEPPARD AVE E,,Major Arterial,Scarborough,43.782046,-79.293422,At Intersection,Traffic Signal,Clear,Daylight,Dry,Non-Fatal Injury,Pedestrian Collisions,Driver,45 to 49,None,,North,"Automobile, Station Wagon",Turning Left,Failed to Yield Right of Way,Inattentive,,,,,,,Yes,,Yes,,,,,,,Yes,,,,118,Tam O'Shanter-Sullivan,118,Tam O'Shanter-Sullivan (118),D42,637324.425257334,4849079.95624323
6961,81580366,1001469287,8/4/2021 4:00:00 AM,1441,ALLANFORD RD,SHEPPARD AVE E,,Major Arterial,Scarborough,43.782046,-79.293422,At Intersection,Traffic Signal,Clear,Daylight,Dry,Non-Fatal Injury,Pedestrian Collisions,Pedestrian,25 to 29,Major,,South,,,,,Vehicle turns left while ped crosses with ROW at inter.,Crossing with right of way,Normal,,,,Yes,,Yes,,,,,,,Yes,,,,118,Tam O'Shanter-Sullivan,118,Tam O'Shanter-Sullivan (118),D42,637324.425257334,4849079.95624323
6962,81579689,1001493415,8/7/2021 4:00:00 AM,2236,FRONT ST W,SPADINA  AVE,15 m South o,Major Arterial,Toronto and East York,43.642665,-79.393886,At Intersection,Traffic Signal,Clear,Dark,Dry,Non-Fatal Injury,Pedestrian Collisions,Driver,35 to 39,None,,West,Passenger Van,Going Ahead,Driving Properly,Normal,,,,,,,Yes,,Yes,,,,,,,,,,,165,Harbourfront-CityPlace,77,Waterfront Communities-The Island (77),D52,629540.187563572,4833437.96894067
6963,81579690,1001493415,8/7/2021 4:00:00 AM,2236,FRONT ST W,SPADINA  AVE,15 m South o,Major Arterial,Toronto and East York,43.642665,-79.393886,At Intersection,Traffic Signal,Clear,Dark,Dry,Non-Fatal Injury,Pedestrian Collisions,Pedestrian,20 to 24,Major,,North,,,,,Vehicle is going straight thru inter.while ped cross without ROW,Crossing without right of way,Had Been Drinking,,,,Yes,,Yes,,,,,,,,,,,165,Harbourfront-CityPlace,77,Waterfront Communities-The Island (77),D52,629540.187563572,4833437.96894067
6964,81581430,1001512252,8/10/2021 4:00:00 AM,1525,ST CLAIR  AVE W,ST CLAIR GDNS,18 m East of,Major Arterial,Etobicoke York,43.677432,-79.445026,Intersection Related,Traffic Signal,Clear,Daylight,Dry,Non-Fatal Injury,Pedestrian Collisions,Driver,45 to 49,None,,East,Street Car,Going Ahead,Driving Properly,Normal,,,,,,,Yes,,,,,Yes,,,,,,,,92,Corso Italia-Davenport,92,Corso Italia-Davenport (92),D13,625343.114453184,4837220.75240256
6965,81581431,1001512252,8/10/2021 4:00:00 AM,1525,ST CLAIR  AVE W,ST CLAIR GDNS,18 m East of,Major Arterial,Etobicoke York,43.677432,-79.445026,Intersection Related,Traffic Signal,Clear,Daylight,Dry,Non-Fatal Injury,Pedestrian Collisions,Pedestrian,55 to 59,Major,,North,,,,,Pedestrian involved in a collision with transit vehicle anywhere along roadway,"Crossing, no Traffic Control",Inattentive,,,,Yes,,,,,Yes,,,,,,,,92,Corso Italia-Davenport,92,Corso Italia-Davenport (92),D13,625343.114453184,4837220.75240256
6966,81599176,1001517326,8/11/2021 4:00:00 AM,920,BROCK AVE,SEAFORTH AVE,5 m North of,Collector,Toronto and East York,43.64363,-79.433177,At Intersection,No Control,Clear,Daylight,Dry,Non-Fatal Injury,Pedestrian Collisions,Driver,40 to 44,None,,South,"Automobile, Station Wagon",Turning Right,Improper Turn,Inattentive,,,,,,,Yes,,Yes,,,,,,,,,,,86,Roncesvalles,86,Roncesvalles (86),D11,626369.139825658,4833484.56945659
6967,81599177,1001517326,8/11/2021 4:00:00 AM,920,BROCK AVE,SEAFORTH AVE,5 m North of,Collector,Toronto and East York,43.64363,-79.433177,At Intersection,No Control,Clear,Daylight,Dry,Non-Fatal Injury,Pedestrian Collisions,Pedestrian,20 to 24,Major,,South,,,,,Pedestrian hit on sidewalk or shoulder,On Sidewalk or Shoulder,Normal,,,,Yes,,Yes,,,,,,,,,,,86,Roncesvalles,86,Roncesvalles (86),D11,626369.139825658,4833484.56945659