OBJECTID,INDEX,ACCNUM,DATE,TIME,STREET1,STREET2,OFFSET,ROAD_CLASS,DISTRICT,LATITUDE,LONGITUDE,ACCLOC,TRAFFCTL,VISIBILITY,LIGHT,RDSFCOND,ACCLASS,IMPACTYPE,INVTYPE,INVAGE,INJURY,FATAL_NO,INITDIR,VEHTYPE,MANOEUVER,DRIVACT,DRIVCOND,PEDTYPE,PEDACT,PEDCOND,CYCLISTYPE,CYCACT,CYCCOND,PEDESTRIAN,CYCLIST,AUTOMOBILE,MOTORCYCLE,TRUCK,TRSN_CITY_VEH,EMERG_VEH,PASSENGER,SPEEDING,AG_DRIV,REDLIGHT,ALCOHOL,DISABILITY,HOOD_158,NEIGHBOURHOOD_158,HOOD_140,NEIGHBOURHOOD_140,DIVISION,x,y
6968,81581428,1001537853,8/13/2021 4:00:00 AM,2355,800 BATHURST ST,,30 m North o,Major Arterial,Toronto and East York,43.665507,-79.411365,Non Intersection,No Control,Clear,"Dark, artificial",Dry,Non-Fatal Injury,Pedestrian Collisions,Driver,50 to 54,None,,North,"Automobile, Station Wagon",Going Ahead,Driving Properly,Normal,,,,,,,Yes,,Yes,,,,,,,,,,,95,Annex,95,Annex (95),D14,628081.845818443,4835947.73955005
6969,81581429,1001537853,8/13/2021 4:00:00 AM,2355,800 BATHURST ST,,30 m North o,Major Arterial,Toronto and East York,43.665507,-79.411365,Non Intersection,No Control,Clear,"Dark, artificial",Dry,Non-Fatal Injury,Pedestrian Collisions,Pedestrian,15 to 19,Major,,East,,,,,Pedestrian hit at mid-block,"Crossing, no Traffic Control",Inattentive,,,,Yes,,Yes,,,,,,,,,,,95,Annex,95,Annex (95),D14,628081.845818443,4835947.73955005
6970,81615385,1001562119,8/17/2021 4:00:00 AM,1504,EGLINTON  AVE W,MARTIN GROVE RD,20 m East of,Major Arterial,Etobicoke York,43.674407,-79.563129,Intersection Related,Traffic Signal,Clear,Daylight,Dry,Non-Fatal Injury,Pedestrian Collisions,Driver,20 to 24,None,,South,"Automobile, Station Wagon",Turning Left,Lost control,Unknown,,,,,,,Yes,,Yes,,,,,,,,,,,10,Princess-Rosethorn,10,Princess-Rosethorn (10),D22,615828.828559367,4836713.09364304
6971,81615386,1001562119,8/17/2021 4:00:00 AM,1504,EGLINTON  AVE W,MARTIN GROVE RD,20 m East of,Major Arterial,Etobicoke York,43.674407,-79.563129,Intersection Related,Traffic Signal,Clear,Daylight,Dry,Non-Fatal Injury,Pedestrian Collisions,Pedestrian,70 to 74,Major,,Unknown,,,,,Pedestrian hit on sidewalk or shoulder,On Sidewalk or Shoulder,Normal,,,,Yes,,Yes,,,,,,,,,,,10,Princess-Rosethorn,10,Princess-Rosethorn (10),D22,615828.828559367,4836713.09364304
6972,81584011,1001563711,8/17/2021 4:00:00 AM,1900,CHERRY ST,FRONT ST E,1 m West of,Collector,North York,43.652587,-79.357951,At Intersection,Traffic Signal,Clear,Daylight,Dry,Non-Fatal Injury,Pedestrian Collisions,Driver,30 to 34,None,,North,"Automobile, Station Wagon",Turning Left,Failed to Yield Right of Way,Unknown,,,,,,,Yes,,Yes,,,,,,,Yes,,,,166,St Lawrence-East Bayfront-The Islands,77,Waterfront Communities-The Island (77),D51,632416.731503691,4834596.65272312
6973,81584012,1001563711,8/17/2021 4:00:00 AM,1900,CHERRY ST,FRONT ST E,1 m West of,Collector,North York,43.652587,-79.357951,At Intersection,Traffic Signal,Clear,Daylight,Dry,Non-Fatal Injury,Pedestrian Collisions,Pedestrian,25 to 29,Major,,North,,,,,Vehicle turns left while ped crosses with ROW at inter.,Crossing with right of way,Normal,,,,Yes,,Yes,,,,,,,Yes,,,,166,St Lawrence-East Bayfront-The Islands,77,Waterfront Communities-The Island (77),D51,632416.731503691,4834596.65272312
6974,81580411,1001569148,8/18/2021 4:00:00 AM,1442,YONGE ST,FINCH AVE E,,Major Arterial,North York,43.779765,-79.415546,At Intersection,Traffic Signal,Clear,Daylight,Dry,Fatal,Pedestrian Collisions,Pedestrian,80 to 84,Fatal,35,East,,,,,Vehicle turns left while ped crosses with ROW at inter.,Crossing with right of way,Normal,,,,Yes,,,,,,,,,,,,,151,Yonge-Doris,51,Willowdale East (51),D32,627502.142080533,4848631.28117285
6975,81581479,1001569148,8/18/2021 4:00:00 AM,1442,YONGE ST,FINCH AVE E,,Major Arterial,North York,43.779765,-79.415546,At Intersection,Traffic Signal,Clear,Daylight,Dry,Fatal,Pedestrian Collisions,,55 to 59,None,,,,,,,,,,,,,Yes,,,,,,,,,,,,,151,Yonge-Doris,51,Willowdale East (51),D32,627502.142080533,4848631.28117285
6976,81580042,1001572143,8/18/2021 4:00:00 AM,2240,KIPLING  AVE,DIXON RD,,Major Arterial,Etobicoke York,43.694178,-79.558605,At Intersection,Traffic Signal,Clear,"Dark, artificial",Dry,Non-Fatal Injury,Pedestrian Collisions,Driver,45 to 49,None,,South,"Automobile, Station Wagon",Going Ahead,Driving Properly,Normal,,,,,,,Yes,,Yes,,,,,,,,,,,6,Kingsview Village-The Westway,6,Kingsview Village-The Westway (6),D23,616155.357342326,4838915.25291941
6977,81580043,1001572143,8/18/2021 4:00:00 AM,2240,KIPLING  AVE,DIXON RD,,Major Arterial,Etobicoke York,43.694178,-79.558605,At Intersection,Traffic Signal,Clear,"Dark, artificial",Dry,Non-Fatal Injury,Pedestrian Collisions,Pedestrian,45 to 49,Major,,West,,,,,Vehicle is going straight thru inter.while ped cross without ROW,Running onto Roadway,Normal,,,,Yes,,Yes,,,,,,,,,,,6,Kingsview Village-The Westway,6,Kingsview Village-The Westway (6),D23,616155.357342326,4838915.25291941
6978,81579851,1001585997,8/20/2021 4:00:00 AM,2020,NEILSON RD,OAKMEADOW BLVD,,Minor Arterial,Scarborough,43.79032,-79.212337,Non Intersection,No Control,Clear,Daylight,Dry,Fatal,Pedestrian Collisions,Pedestrian,30 to 34,Fatal,27,Unknown,,,,,Pedestrian hit at mid-block,Other,Medical or Physical Disability,,,,Yes,,Yes,,,,,,,,,,,135,Morningside,135,Morningside (135),D43,643829.379725853,4850136.62329409
6979,81579852,1001585997,8/20/2021 4:00:00 AM,2020,NEILSON RD,OAKMEADOW BLVD,,Minor Arterial,Scarborough,43.79032,-79.212337,Non Intersection,No Control,Clear,Daylight,Dry,Fatal,Pedestrian Collisions,Driver,50 to 54,None,,South,"Automobile, Station Wagon",Going Ahead,Other,Normal,,,,,,,Yes,,Yes,,,,,,,,,,,135,Morningside,135,Morningside (135),D43,643829.379725853,4850136.62329409
6980,81580250,1001608912,8/24/2021 4:00:00 AM,844,5 FAIRVIEW MALL DR,,,Minor Arterial,North York,43.779162,-79.34782,Non Intersection,No Control,Clear,Daylight,Dry,Fatal,Pedestrian Collisions,Driver,40 to 44,None,,North,"Automobile, Station Wagon",Going Ahead,Lost control,Other,,,,,,,Yes,,Yes,,,,,,,,,,,47,Don Valley Village,47,Don Valley Village (47),D33,632953.49052628,4848670.84309705
6981,81580251,1001608912,8/24/2021 4:00:00 AM,844,5 FAIRVIEW MALL DR,,,Minor Arterial,North York,43.779162,-79.34782,Non Intersection,No Control,Clear,Daylight,Dry,Fatal,Pedestrian Collisions,Pedestrian,85 to 89,Fatal,30,West,,,,,Pedestrian hit on sidewalk or shoulder,On Sidewalk or Shoulder,Normal,,,,Yes,,Yes,,,,,,,,,,,47,Don Valley Village,47,Don Valley Village (47),D33,632953.49052628,4848670.84309705
6982,81432989,1001622645,8/26/2021 4:00:00 AM,330,HARBOUR ST,YORK ST,,Major Arterial,Toronto and East York,43.640933,-79.380649,At Intersection,Traffic Signal,Clear,"Dark, artificial",Dry,Fatal,Pedestrian Collisions,Pedestrian,25 to 29,Fatal,31,Unknown,,,,,Unknown,Other,Unknown,,,,Yes,,Yes,,,,,,Yes,Yes,,,,166,St Lawrence-East Bayfront-The Islands,77,Waterfront Communities-The Island (77),D52,630611.574576785,4833266.35347471
6983,81580252,1001622645,8/26/2021 4:00:00 AM,330,HARBOUR ST,YORK ST,,Major Arterial,Toronto and East York,43.640933,-79.380649,At Intersection,Traffic Signal,Clear,"Dark, artificial",Dry,Fatal,Pedestrian Collisions,Driver,45 to 49,None,,East,"Automobile, Station Wagon",Going Ahead,Exceeding Speed Limit,"Ability Impaired, Drugs",,,,,,,Yes,,Yes,,,,,,Yes,Yes,,,,166,St Lawrence-East Bayfront-The Islands,77,Waterfront Communities-The Island (77),D52,630611.574576785,4833266.35347471
6984,81580254,1001633249,8/27/2021 4:00:00 AM,1400,QUEENS QUAY WEST,BATHURST ST,,Major Arterial,Toronto and East York,43.6356,-79.398326,At Intersection,Traffic Signal,Clear,Daylight,Dry,Fatal,Pedestrian Collisions,Pedestrian,85 to 89,Fatal,32,North,,,,,Vehicle turns right while ped crosses with ROW at inter.,Crossing with right of way,Normal,,,,Yes,,Yes,,,,,,,Yes,,,,163,Fort York-Liberty Village,82,Niagara (82),D14,629197.219633774,4832646.38937145
6985,81580255,1001633249,8/27/2021 4:00:00 AM,1400,QUEENS QUAY WEST,BATHURST ST,,Major Arterial,Toronto and East York,43.6356,-79.398326,At Intersection,Traffic Signal,Clear,Daylight,Dry,Fatal,Pedestrian Collisions,Driver,30 to 34,None,,South,Pick Up Truck,Turning Right,Failed to Yield Right of Way,Normal,,,,,,,Yes,,Yes,,,,,,,Yes,,,,163,Fort York-Liberty Village,82,Niagara (82),D14,629197.219633774,4832646.38937145
6986,81581027,1001660115,8/31/2021 4:00:00 AM,910,VICTORIA PARK AV,MUSGRAVE ST,,Major Arterial,North York,43.687888,-79.286968,At Intersection,Traffic Signal,Clear,Daylight,Dry,Non-Fatal Injury,SMV Other,Driver,80 to 84,None,,North,"Automobile, Station Wagon",Turning Right,Failed to Yield Right of Way,Inattentive,,,,,,,Yes,,Yes,,,,,,,Yes,,,,122,Birchcliffe-Cliffside,122,Birchcliffe-Cliffside (122),D41,638059.985455341,4838633.03610468
6987,81581028,1001660115,8/31/2021 4:00:00 AM,910,VICTORIA PARK AV,MUSGRAVE ST,,Major Arterial,North York,43.687888,-79.286968,At Intersection,Traffic Signal,Clear,Daylight,Dry,Non-Fatal Injury,SMV Other,Pedestrian,65 to 69,Major,,West,,Slowing or Stopping,,,,Crossing with right of way,Normal,,,,Yes,,Yes,,,,,,,Yes,,,,122,Birchcliffe-Cliffside,122,Birchcliffe-Cliffside (122),D41,638059.985455341,4838633.03610468
6988,81582548,1001662122,8/31/2021 4:00:00 AM,1345,FERN AVE,WESTON RD,1 m East of,Minor Arterial,North York,43.702304,-79.523746,At Intersection,Traffic Signal,Clear,Daylight,Dry,Non-Fatal Injury,Pedestrian Collisions,Driver,60 to 64,None,,South,Pick Up Truck,Turning Left,Failed to Yield Right of Way,Normal,,,,,,,Yes,,Yes,,,,,,,Yes,,,,113,Weston,113,Weston (113),D12,618948.43621184,4839867.17639062
6989,81582549,1001662122,8/31/2021 4:00:00 AM,1345,FERN AVE,WESTON RD,1 m East of,Minor Arterial,North York,43.702304,-79.523746,At Intersection,Traffic Signal,Clear,Daylight,Dry,Non-Fatal Injury,Pedestrian Collisions,Pedestrian,75 to 79,Major,,North,,,,,Vehicle turns left while ped crosses with ROW at inter.,Crossing with right of way,Normal,,,,Yes,,Yes,,,,,,,Yes,,,,113,Weston,113,Weston (113),D12,618948.43621184,4839867.17639062
6990,81583050,1001795260,9/18/2021 4:00:00 AM,2349,MANITOBA  DR,CANADA  BLVD,40 m West of,Local,Toronto and East York,43.636153,-79.410335,Non Intersection,No Control,Clear,"Dark, artificial",Dry,Non-Fatal Injury,Pedestrian Collisions,Driver,55 to 59,None,,West,"Automobile, Station Wagon",Going Ahead,Driving Properly,Normal,,,,,,,Yes,,Yes,,,,,,,,,,,163,Fort York-Liberty Village,82,Niagara (82),D14,628227.341025217,4832689.18553971
6991,81583051,1001795260,9/18/2021 4:00:00 AM,2349,MANITOBA  DR,CANADA  BLVD,40 m West of,Local,Toronto and East York,43.636153,-79.410335,Non Intersection,No Control,Clear,"Dark, artificial",Dry,Non-Fatal Injury,Pedestrian Collisions,Pedestrian,25 to 29,Major,,South,,,,,Pedestrian hit at mid-block,"Crossing, no Traffic Control",Inattentive,,,,Yes,,Yes,,,,,,,,,,,163,Fort York-Liberty Village,82,Niagara (82),D14,628227.341025217,4832689.18553971
6992,81582212,1001804125,9/20/2021 4:00:00 AM,1033,VICTORIA PARK AVE,SHEPPARD AVE E,,Major Arterial,North York,43.775172,-79.322978,At Intersection,Traffic Signal,Clear,Daylight,Dry,Fatal,Pedestrian Collisions,Driver,35 to 39,Minor,,West,"Automobile, Station Wagon",Turning Left,Driving Properly,Normal,,,,,,,Yes,,Yes,,,,,,Yes,Yes,,,,118,Tam O'Shanter-Sullivan,118,Tam O'Shanter-Sullivan (118),D42,634961.56185234,4848267.88682709
6993,81582213,1001804125,9/20/2021 4:00:00 AM,1033,VICTORIA PARK AVE,SHEPPARD AVE E,,Major Arterial,North York,43.775172,-79.322978,At Intersection,Traffic Signal,Clear,Daylight,Dry,Fatal,Pedestrian Collisions,Driver,55 to 59,Minor,,East,"Automobile, Station Wagon",Going Ahead,Speed too Fast For Condition,Normal,,,,,,,Yes,,Yes,,,,,,Yes,Yes,,,,118,Tam O'Shanter-Sullivan,118,Tam O'Shanter-Sullivan (118),D42,634961.56185234,4848267.88682709
6994,81588057,1001804125,9/20/2021 4:00:00 AM,1033,VICTORIA PARK AVE,SHEPPARD AVE E,,Major Arterial,North York,43.775172,-79.322978,At Intersection,Traffic Signal,Clear,Daylight,Dry,Fatal,Pedestrian Collisions,Pedestrian,70 to 74,Fatal,38,Unknown,,,,,Pedestrian hit on sidewalk or shoulder,On Sidewalk or Shoulder,Normal,,,,Yes,,Yes,,,,,,Yes,Yes,,,,118,Tam O'Shanter-Sullivan,118,Tam O'Shanter-Sullivan (118),D42,634961.56185234,4848267.88682709
6995,81604230,1001822979,9/22/2021 4:00:00 AM,2006,DAVENPORT  RD,BELMONT ST,,Major Arterial,Toronto and East York,43.674636,-79.392879,At Intersection,Traffic Signal,Rain,"Dark, artificial",Wet,Non-Fatal Injury,Pedestrian Collisions,Driver,75 to 79,None,,South,"Automobile, Station Wagon",Turning Left,Failed to Yield Right of Way,Inattentive,,,,,,,Yes,,Yes,,,,,,,Yes,,,,95,Annex,95,Annex (95),D53,629552.63054934,4836990.34383616
6996,81604231,1001822979,9/22/2021 4:00:00 AM,2006,DAVENPORT  RD,BELMONT ST,,Major Arterial,Toronto and East York,43.674636,-79.392879,At Intersection,Traffic Signal,Rain,"Dark, artificial",Wet,Non-Fatal Injury,Pedestrian Collisions,Pedestrian,20 to 24,Major,,North,,,,,Vehicle turns left while ped crosses with ROW at inter.,Crossing with right of way,Normal,,,,Yes,,Yes,,,,,,,Yes,,,,95,Annex,95,Annex (95),D53,629552.63054934,4836990.34383616
6997,81582348,1001834169,9/24/2021 4:00:00 AM,1129,DUNDAS ST W,PRINCE EDWARD DR N,,Major Arterial,Etobicoke York,43.660559,-79.510417,At Intersection,Traffic Signal,Clear,Daylight,Dry,Non-Fatal Injury,Pedestrian Collisions,Driver,40 to 44,None,,West,"Automobile, Station Wagon",Going Ahead,Driving Properly,Normal,,,,,,,Yes,,Yes,,,,,,,,,,,15,Kingsway South,15,Kingsway South (15),D22,620105.689177179,4835250.04612745
6998,81582349,1001834169,9/24/2021 4:00:00 AM,1129,DUNDAS ST W,PRINCE EDWARD DR N,,Major Arterial,Etobicoke York,43.660559,-79.510417,At Intersection,Traffic Signal,Clear,Daylight,Dry,Non-Fatal Injury,Pedestrian Collisions,Pedestrian,10 to 14,Major,,North,,,,,Vehicle is going straight thru inter.while ped cross without ROW,Running onto Roadway,Inattentive,,,,Yes,,Yes,,,,,,,,,,,15,Kingsway South,15,Kingsway South (15),D22,620105.689177179,4835250.04612745
6999,81706761,1001851492,9/26/2021 4:00:00 AM,2245,KINGSTON RD,HAREWOOD AVE,10 m West of,Major Arterial,Scarborough,43.722644,-79.235164,Intersection Related,No Control,Clear,"Dark, artificial",Dry,Non-Fatal Injury,Pedestrian Collisions,Driver,40 to 44,None,,West,"Automobile, Station Wagon",Going Ahead,Driving Properly,Normal,,,,,,,Yes,,Yes,,,,,,,,,,,123,Cliffcrest,123,Cliffcrest (123),D43,642152.945226264,4842580.74701956
7000,81706762,1001851492,9/26/2021 4:00:00 AM,2245,KINGSTON RD,HAREWOOD AVE,10 m West of,Major Arterial,Scarborough,43.722644,-79.235164,Intersection Related,No Control,Clear,"Dark, artificial",Dry,Non-Fatal Injury,Pedestrian Collisions,Pedestrian,35 to 39,Major,,North,,,,,Vehicle turns left while ped crosses without ROW at inter.,Crossing without right of way,Had Been Drinking,,,,Yes,,Yes,,,,,,,,,,,123,Cliffcrest,123,Cliffcrest (123),D43,642152.945226264,4842580.74701956
7001,81582879,1001867215,9/29/2021 4:00:00 AM,306,LAWRENCE AVE E,ORTON PARK RD,20 m East of,Major Arterial,Scarborough,43.763976,-79.205592,Intersection Related,Traffic Signal,Clear,Dark,Dry,Non-Fatal Injury,Pedestrian Collisions,Driver,30 to 34,None,,West,"Automobile, Station Wagon",Going Ahead,Driving Properly,Normal,,,,,,,Yes,,Yes,,,,,,,Yes,,,,141,Golfdale-Cedarbrae-Woburn,137,Woburn (137),D43,644435.485291343,4847222.44815529
7002,81582880,1001867215,9/29/2021 4:00:00 AM,306,LAWRENCE AVE E,ORTON PARK RD,20 m East of,Major Arterial,Scarborough,43.763976,-79.205592,Intersection Related,Traffic Signal,Clear,Dark,Dry,Non-Fatal Injury,Pedestrian Collisions,Pedestrian,50 to 54,Major,,North,,,,,Pedestrian hit at mid-block,Other,"Ability Impaired, Alcohol",,,,Yes,,Yes,,,,,,,Yes,,,,141,Golfdale-Cedarbrae-Woburn,137,Woburn (137),D43,644435.485291343,4847222.44815529
7003,81584096,1001872479,9/29/2021 4:00:00 AM,1814,FINCH AVE W,YONGE ST,1 m West of,Major Arterial,North York,43.779452,-79.416644,Non Intersection,No Control,Clear,Daylight,Dry,Non-Fatal Injury,Pedestrian Collisions,Driver,30 to 34,None,,West,"Automobile, Station Wagon",Going Ahead,Failed to Yield Right of Way,Inattentive,,,,,,,Yes,,Yes,,,,,,,Yes,,,,37,Willowdale West,37,Willowdale West (37),D32,627414.449304646,4848594.82728755
7004,81584097,1001872479,9/29/2021 4:00:00 AM,1814,FINCH AVE W,YONGE ST,1 m West of,Major Arterial,North York,43.779452,-79.416644,Non Intersection,No Control,Clear,Daylight,Dry,Non-Fatal Injury,Pedestrian Collisions,Pedestrian,80 to 84,Major,,South,,,,,Pedestrian hit at mid-block,"Crossing, no Traffic Control",Inattentive,,,,Yes,,Yes,,,,,,,Yes,,,,37,Willowdale West,37,Willowdale West (37),D32,627414.449304646,4848594.82728755
7005,81584098,1001872479,9/29/2021 4:00:00 AM,1814,FINCH AVE W,YONGE ST,1 m West of,Major Arterial,North York,43.779452,-79.416644,Non Intersection,No Control,Clear,Daylight,Dry,Non-Fatal Injury,Pedestrian Collisions,Pedestrian,65 to 69,Minor,,South,,,,,Pedestrian hit at mid-block,"Crossing, no Traffic Control",Inattentive,,,,Yes,,Yes,,,,,,,Yes,,,,37,Willowdale West,37,Willowdale West (37),D32,627414.449304646,4848594.82728755
7006,81582706,1001888393,10/1/2021 4:00:00 AM,2039,EGLINTON AVE E,MIDLAND AVE,,Major Arterial,Scarborough,43.734458,-79.258067,At Intersection,Traffic Signal,Clear,Dark,Dry,Fatal,Pedestrian Collisions,Pedestrian,45 to 49,Fatal,39,South,,,,,Vehicle turns left while ped crosses with ROW at inter.,Crossing with right of way,Normal,,,,Yes,,Yes,,,,,Yes,,Yes,,,,124,Kennedy Park,124,Kennedy Park (124),D41,640280.562389039,4843853.83483432
7007,81582707,1001888393,10/1/2021 4:00:00 AM,2039,EGLINTON AVE E,MIDLAND AVE,,Major Arterial,Scarborough,43.734458,-79.258067,At Intersection,Traffic Signal,Clear,Dark,Dry,Fatal,Pedestrian Collisions,Driver,25 to 29,None,,North,"Automobile, Station Wagon",Turning Left,Failed to Yield Right of Way,Had Been Drinking,,,,,,,Yes,,Yes,,,,,Yes,,Yes,,,,124,Kennedy Park,124,Kennedy Park (124),D41,640280.562389039,4843853.83483432
7008,81583785,1001888393,10/1/2021 4:00:00 AM,2039,EGLINTON AVE E,MIDLAND AVE,,Major Arterial,Scarborough,43.734458,-79.258067,At Intersection,Traffic Signal,Clear,Dark,Dry,Fatal,Pedestrian Collisions,Passenger,20 to 24,None,,,,,,,,,,,,,Yes,,Yes,,,,,Yes,,Yes,,,,124,Kennedy Park,124,Kennedy Park (124),D41,640280.562389039,4843853.83483432
7009,81584071,1001897187,10/3/2021 4:00:00 AM,609,477 DUNDAS ST W,,52 m East of,Major Arterial,Toronto and East York,43.653033,-79.39722,Non Intersection,No Control,Rain,"Dark, artificial",Wet,Non-Fatal Injury,Pedestrian Collisions,Driver,70 to 74,None,,West,"Automobile, Station Wagon",Going Ahead,Driving Properly,Normal,,,,,,,Yes,,Yes,,,,,,,,,,,78,Kensington-Chinatown,78,Kensington-Chinatown (78),D52,629249.043722768,4834584.2720974
7010,81584072,1001897187,10/3/2021 4:00:00 AM,609,477 DUNDAS ST W,,52 m East of,Major Arterial,Toronto and East York,43.653033,-79.39722,Non Intersection,No Control,Rain,"Dark, artificial",Wet,Non-Fatal Injury,Pedestrian Collisions,Pedestrian,70 to 74,Major,,South,,,,,Pedestrian hit at mid-block,"Crossing, no Traffic Control",Inattentive,,,,Yes,,Yes,,,,,,,,,,,78,Kensington-Chinatown,78,Kensington-Chinatown (78),D52,629249.043722768,4834584.2720974
7011,81584319,1001904901,10/4/2021 4:00:00 AM,1150,BAYVIEW AVE,CUMMER  AVE,,Major Arterial,North York,43.792227,-79.393558,At Intersection,Traffic Signal,Clear,Daylight,Wet,Non-Fatal Injury,Pedestrian Collisions,Driver,70 to 74,None,,North,"Automobile, Station Wagon",Going Ahead,Driving Properly,Normal,,,,,,,Yes,,Yes,,,,,,,,,,,49,Bayview Woods-Steeles,49,Bayview Woods-Steeles (49),D33,629244.688094154,4850049.47825647
7012,81584320,1001904901,10/4/2021 4:00:00 AM,1150,BAYVIEW AVE,CUMMER  AVE,,Major Arterial,North York,43.792227,-79.393558,At Intersection,Traffic Signal,Clear,Daylight,Wet,Non-Fatal Injury,Pedestrian Collisions,Pedestrian,75 to 79,Major,,West,,,,,Vehicle is going straight thru inter.while ped cross without ROW,Crossing without right of way,Normal,,,,Yes,,Yes,,,,,,,,,,,49,Bayview Woods-Steeles,49,Bayview Woods-Steeles (49),D33,629244.688094154,4850049.47825647
7013,81604244,1001936756,10/8/2021 4:00:00 AM,1912,WELLINGTON ST W,UNIVERSITY  AVE,,Major Arterial,Toronto and East York,43.646311,-79.384059,At Intersection,Traffic Signal,Clear,Daylight,Dry,Non-Fatal Injury,Pedestrian Collisions,Driver,unknown,None,,West,"Automobile, Station Wagon",Turning Left,Improper Turn,Inattentive,,,,,,,Yes,,Yes,,,,,,,,,,,170,Yonge-Bay Corridor,76,Bay Street Corridor (76),D52,630324.902546037,4833858.28965038
7014,81604245,1001936756,10/8/2021 4:00:00 AM,1912,WELLINGTON ST W,UNIVERSITY  AVE,,Major Arterial,Toronto and East York,43.646311,-79.384059,At Intersection,Traffic Signal,Clear,Daylight,Dry,Non-Fatal Injury,Pedestrian Collisions,Pedestrian,35 to 39,Major,,East,,,,,Vehicle turns left while ped crosses with ROW at inter.,Crossing with right of way,Normal,,,,Yes,,Yes,,,,,,,,,,,170,Yonge-Bay Corridor,76,Bay Street Corridor (76),D52,630324.902546037,4833858.28965038
7015,81588504,1001960285,10/12/2021 4:00:00 AM,1356,LAWRENCE  AVE W,DUPLEX AVE,135 m West o,Major Arterial,North York,43.723941,-79.407329,Non Intersection,No Control,Clear,Daylight,Dry,Non-Fatal Injury,Pedestrian Collisions,Driver,40 to 44,None,,East,"Bus (Other) (Go Bus, Gray Coa",Going Ahead,Driving Properly,Normal,,,,,,,Yes,,,,,Yes,,,,,,,,103,Lawrence Park South,103,Lawrence Park South (103),D53,628282.590086447,4842443.88332485
7016,81588505,1001960285,10/12/2021 4:00:00 AM,1356,LAWRENCE  AVE W,DUPLEX AVE,135 m West o,Major Arterial,North York,43.723941,-79.407329,Non Intersection,No Control,Clear,Daylight,Dry,Non-Fatal Injury,Pedestrian Collisions,Pedestrian,85 to 89,Major,,Unknown,,,,,Pedestrian hit on sidewalk or shoulder,On Sidewalk or Shoulder,Medical or Physical Disability,,,,Yes,,,,,Yes,,,,,,,,103,Lawrence Park South,103,Lawrence Park South (103),D53,628282.590086447,4842443.88332485
7017,81583786,1001970214,10/13/2021 4:00:00 AM,1927,DON MILLS RD,THE DONWAY  W,,Minor Arterial,North York,43.73189,-79.342868,Non Intersection,No Control,Clear,"Dark, artificial",Dry,Fatal,Pedestrian Collisions,Pedestrian,60 to 64,Fatal,43,South,,,,,Pedestrian hit at mid-block,"Crossing, no Traffic Control",Inattentive,,,,Yes,,Yes,,,,,Yes,,,,,,42,Banbury-Don Mills,42,Banbury-Don Mills (42),D33,633457.036110644,4843428.53829532
7018,81583787,1001970214,10/13/2021 4:00:00 AM,1927,DON MILLS RD,THE DONWAY  W,,Minor Arterial,North York,43.73189,-79.342868,Non Intersection,No Control,Clear,"Dark, artificial",Dry,Fatal,Pedestrian Collisions,Driver,35 to 39,None,,West,"Automobile, Station Wagon",Going Ahead,Driving Properly,Normal,,,,,,,Yes,,Yes,,,,,Yes,,,,,,42,Banbury-Don Mills,42,Banbury-Don Mills (42),D33,633457.036110644,4843428.53829532
7019,81588049,1001970214,10/13/2021 4:00:00 AM,1927,DON MILLS RD,THE DONWAY  W,,Minor Arterial,North York,43.73189,-79.342868,Non Intersection,No Control,Clear,"Dark, artificial",Dry,Fatal,Pedestrian Collisions,Passenger,5 to 9,None,,,,,,,,,,,,,Yes,,Yes,,,,,Yes,,,,,,42,Banbury-Don Mills,42,Banbury-Don Mills (42),D33,633457.036110644,4843428.53829532
7020,81588050,1001970214,10/13/2021 4:00:00 AM,1927,DON MILLS RD,THE DONWAY  W,,Minor Arterial,North York,43.73189,-79.342868,Non Intersection,No Control,Clear,"Dark, artificial",Dry,Fatal,Pedestrian Collisions,Passenger,5 to 9,None,,,,,,,,,,,,,Yes,,Yes,,,,,Yes,,,,,,42,Banbury-Don Mills,42,Banbury-Don Mills (42),D33,633457.036110644,4843428.53829532
7021,81584314,1001983260,10/15/2021 4:00:00 AM,1450,RICHMOND ST W,DUNCAN  ST,,Major Arterial,Toronto and East York,43.649382,-79.38914,At Intersection,Traffic Signal,Clear,Daylight,Dry,Non-Fatal Injury,Pedestrian Collisions,Driver,20 to 24,None,,West,"Automobile, Station Wagon",Turning Left,Failed to Yield Right of Way,Normal,,,,,,,Yes,,Yes,,,,,,,Yes,,,,164,Wellington Place,77,Waterfront Communities-The Island (77),D52,629908.497412584,4834191.39776917
7022,81584315,1001983260,10/15/2021 4:00:00 AM,1450,RICHMOND ST W,DUNCAN  ST,,Major Arterial,Toronto and East York,43.649382,-79.38914,At Intersection,Traffic Signal,Clear,Daylight,Dry,Non-Fatal Injury,Pedestrian Collisions,Pedestrian,55 to 59,Major,,East,,,,,Vehicle turns left while ped crosses with ROW at inter.,Crossing with right of way,Normal,,,,Yes,,Yes,,,,,,,Yes,,,,164,Wellington Place,77,Waterfront Communities-The Island (77),D52,629908.497412584,4834191.39776917