OBJECTID,INDEX,ACCNUM,DATE,TIME,STREET1,STREET2,OFFSET,ROAD_CLASS,DISTRICT,LATITUDE,LONGITUDE,ACCLOC,TRAFFCTL,VISIBILITY,LIGHT,RDSFCOND,ACCLASS,IMPACTYPE,INVTYPE,INVAGE,INJURY,FATAL_NO,INITDIR,VEHTYPE,MANOEUVER,DRIVACT,DRIVCOND,PEDTYPE,PEDACT,PEDCOND,CYCLISTYPE,CYCACT,CYCCOND,PEDESTRIAN,CYCLIST,AUTOMOBILE,MOTORCYCLE,TRUCK,TRSN_CITY_VEH,EMERG_VEH,PASSENGER,SPEEDING,AG_DRIV,REDLIGHT,ALCOHOL,DISABILITY,HOOD_158,NEIGHBOURHOOD_158,HOOD_140,NEIGHBOURHOOD_140,DIVISION,x,y
7023,81588154,1001991750,10/16/2021 4:00:00 AM,1917,BAY  ST,CUMBERLAND ST,,Major Arterial,Toronto and East York,43.670489,-79.389804,At Intersection,Traffic Signal,Clear,"Dark, artificial",Dry,Non-Fatal Injury,Pedestrian Collisions,Driver,unknown,None,,South,"Automobile, Station Wagon",Going Ahead,Exceeding Speed Limit,Unknown,,,,,,,Yes,,Yes,,,,,,Yes,Yes,,,,95,Annex,95,Annex (95),D53,629809.454338651,4836534.57087995
7024,81588155,1001991750,10/16/2021 4:00:00 AM,1917,BAY  ST,CUMBERLAND ST,,Major Arterial,Toronto and East York,43.670489,-79.389804,At Intersection,Traffic Signal,Clear,"Dark, artificial",Dry,Non-Fatal Injury,Pedestrian Collisions,Pedestrian,20 to 24,Major,,East,,,,,Vehicle is going straight thru inter.while ped cross without ROW,Crossing with right of way,Normal,,,,Yes,,Yes,,,,,,Yes,Yes,,,,95,Annex,95,Annex (95),D53,629809.454338651,4836534.57087995
7025,81584155,1002009493,10/19/2021 4:00:00 AM,1140,DANFORTH AVE,BIRCHMOUNT RD,,Minor Arterial,Scarborough,43.696921,-79.263965,At Intersection,Traffic Signal,Clear,Daylight,Dry,Fatal,Pedestrian Collisions,Pedestrian,15 to 19,Fatal,45,North,,,,,Vehicle turns left while ped crosses with ROW at inter.,Crossing with right of way,Normal,,,,Yes,,Yes,,,,,,,Yes,,,,122,Birchcliffe-Cliffside,122,Birchcliffe-Cliffside (122),D41,639892.905499611,4839674.83386728
7026,81584156,1002009493,10/19/2021 4:00:00 AM,1140,DANFORTH AVE,BIRCHMOUNT RD,,Minor Arterial,Scarborough,43.696921,-79.263965,At Intersection,Traffic Signal,Clear,Daylight,Dry,Fatal,Pedestrian Collisions,Driver,40 to 44,None,,South,"Automobile, Station Wagon",Turning Left,Failed to Yield Right of Way,Inattentive,,,,,,,Yes,,Yes,,,,,,,Yes,,,,122,Birchcliffe-Cliffside,122,Birchcliffe-Cliffside (122),D41,639892.905499611,4839674.83386728
7027,81584157,1002013655,10/19/2021 4:00:00 AM,2136,O CONNOR DR,PEPLER AVE,,Major Arterial,Toronto and East York,43.693316,-79.349239,Non Intersection,No Control,Clear,"Dark, artificial",Dry,Fatal,Pedestrian Collisions,Driver,80 to 84,None,,East,"Automobile, Station Wagon",Going Ahead,Driving Properly,Unknown,,,,,,,Yes,,Yes,,,,,,,,,,,58,Old East York,58,Old East York (58),D55,633029.263458902,4839134.10164783
7028,81584158,1002013655,10/19/2021 4:00:00 AM,2136,O CONNOR DR,PEPLER AVE,,Major Arterial,Toronto and East York,43.693316,-79.349239,Non Intersection,No Control,Clear,"Dark, artificial",Dry,Fatal,Pedestrian Collisions,Driver,40 to 44,None,,West,"Automobile, Station Wagon",Going Ahead,Driving Properly,Normal,,,,,,,Yes,,Yes,,,,,,,,,,,58,Old East York,58,Old East York (58),D55,633029.263458902,4839134.10164783
7029,81584159,1002013655,10/19/2021 4:00:00 AM,2136,O CONNOR DR,PEPLER AVE,,Major Arterial,Toronto and East York,43.693316,-79.349239,Non Intersection,No Control,Clear,"Dark, artificial",Dry,Fatal,Pedestrian Collisions,Pedestrian,80 to 84,Fatal,46,North,,,,,Pedestrian hit at mid-block,"Crossing, no Traffic Control",Inattentive,,,,Yes,,Yes,,,,,,,,,,,58,Old East York,58,Old East York (58),D55,633029.263458902,4839134.10164783
7030,81588111,1002028747,10/21/2021 4:00:00 AM,2222,MCCOWAN RD,EGLINTON AVE E,,Major Arterial,Scarborough,43.73878,-79.238323,At Intersection,Traffic Signal,Rain,"Dark, artificial",Wet,Non-Fatal Injury,Pedestrian Collisions,Driver,45 to 49,None,,North,"Automobile, Station Wagon",Turning Left,Failed to Yield Right of Way,Inattentive,,,,,,,Yes,,Yes,,,,,,,Yes,,,,138,Eglinton East,138,Eglinton East (138),D43,641860.3896601,4844367.47674466
7031,81588112,1002028747,10/21/2021 4:00:00 AM,2222,MCCOWAN RD,EGLINTON AVE E,,Major Arterial,Scarborough,43.73878,-79.238323,At Intersection,Traffic Signal,Rain,"Dark, artificial",Wet,Non-Fatal Injury,Pedestrian Collisions,Pedestrian,20 to 24,Major,,North,,,,,Vehicle turns left while ped crosses with ROW at inter.,Crossing with right of way,Normal,,,,Yes,,Yes,,,,,,,Yes,,,,138,Eglinton East,138,Eglinton East (138),D43,641860.3896601,4844367.47674466
7032,81588105,1002052752,10/25/2021 4:00:00 AM,1255,ORIOLE PKWY,EGLINTON AVE W,50 m South o,Minor Arterial,Toronto and East York,43.704482,-79.405879,Non Intersection,No Control,Rain,Daylight,Wet,Non-Fatal Injury,Pedestrian Collisions,Driver,30 to 34,None,,South,"Automobile, Station Wagon",Going Ahead,Driving Properly,Normal,,,,,,,Yes,,Yes,,,,,,,,,,,100,Yonge-Eglinton,100,Yonge-Eglinton (100),D53,628440.94674187,4840284.93058256
7033,81588106,1002052752,10/25/2021 4:00:00 AM,1255,ORIOLE PKWY,EGLINTON AVE W,50 m South o,Minor Arterial,Toronto and East York,43.704482,-79.405879,Non Intersection,No Control,Rain,Daylight,Wet,Non-Fatal Injury,Pedestrian Collisions,Pedestrian,30 to 34,Major,,East,,,,,Pedestrian hit at mid-block,"Crossing, Pedestrian Crossover",Inattentive,,,,Yes,,Yes,,,,,,,,,,,100,Yonge-Eglinton,100,Yonge-Eglinton (100),D53,628440.94674187,4840284.93058256
7034,81588521,1002054917,10/25/2021 4:00:00 AM,1835,LAKE SHORE BLVD W,TWENTY FIRST ST,21 m west of,Major Arterial,Etobicoke York,43.597369,-79.520198,Non Intersection,No Control,Rain,"Dusk, artificial",Wet,Fatal,Pedestrian Collisions,Pedestrian,65 to 69,Fatal,48,South,,,,,Pedestrian hit at mid-block,"Crossing, no Traffic Control",Medical or Physical Disability,,,,Yes,,Yes,,,,,,,,,,,18,New Toronto,18,New Toronto (18),D22,619442.12952942,4828217.90281082
7035,81588522,1002054917,10/25/2021 4:00:00 AM,1835,LAKE SHORE BLVD W,TWENTY FIRST ST,21 m west of,Major Arterial,Etobicoke York,43.597369,-79.520198,Non Intersection,No Control,Rain,"Dusk, artificial",Wet,Fatal,Pedestrian Collisions,Driver,40 to 44,None,,East,"Automobile, Station Wagon",Going Ahead,Driving Properly,Normal,,,,,,,Yes,,Yes,,,,,,,,,,,18,New Toronto,18,New Toronto (18),D22,619442.12952942,4828217.90281082
7036,81599346,1002064782,10/27/2021 4:00:00 AM,812,DUNCANWOODS DR,NAVENBY  CRES,3 m South of,Collector,Etobicoke York,43.753745,-79.565372,Intersection Related,No Control,Clear,"Daylight, artificial",Dry,Non-Fatal Injury,Pedestrian Collisions,Driver,20 to 24,None,,South,"Automobile, Station Wagon",Going Ahead,Lost control,Fatigue,,,,,,,Yes,,Yes,,,,,,,,,,,21,Humber Summit,21,Humber Summit (21),D31,615495.512364031,4845521.54541883
7037,81599347,1002064782,10/27/2021 4:00:00 AM,812,DUNCANWOODS DR,NAVENBY  CRES,3 m South of,Collector,Etobicoke York,43.753745,-79.565372,Intersection Related,No Control,Clear,"Daylight, artificial",Dry,Non-Fatal Injury,Pedestrian Collisions,Pedestrian,40 to 44,Major,,Unknown,,,,,Pedestrian hit on sidewalk or shoulder,On Sidewalk or Shoulder,Normal,,,,Yes,,Yes,,,,,,,,,,,21,Humber Summit,21,Humber Summit (21),D31,615495.512364031,4845521.54541883
7038,81599348,1002064782,10/27/2021 4:00:00 AM,812,DUNCANWOODS DR,NAVENBY  CRES,3 m South of,Collector,Etobicoke York,43.753745,-79.565372,Intersection Related,No Control,Clear,"Daylight, artificial",Dry,Non-Fatal Injury,Pedestrian Collisions,Pedestrian,5 to 9,Minor,,Unknown,,,,,Pedestrian hit on sidewalk or shoulder,On Sidewalk or Shoulder,Normal,,,,Yes,,Yes,,,,,,,,,,,21,Humber Summit,21,Humber Summit (21),D31,615495.512364031,4845521.54541883
7039,81599369,1002085130,10/29/2021 4:00:00 AM,2300,3600 STEELES AVE W,,1 m West of,Major Arterial,Etobicoke York,43.771792,-79.538791,Non Intersection,No Control,Rain,"Dark, artificial",Wet,Non-Fatal Injury,Pedestrian Collisions,Driver,25 to 29,None,,West,"Automobile, Station Wagon",Going Ahead,Driving Properly,Normal,,,,,,,Yes,,Yes,,,,,,,,,,,21,Humber Summit,21,Humber Summit (21),D31,617600.081038474,4847563.33753305
7040,81599370,1002085130,10/29/2021 4:00:00 AM,2300,3600 STEELES AVE W,,1 m West of,Major Arterial,Etobicoke York,43.771792,-79.538791,Non Intersection,No Control,Rain,"Dark, artificial",Wet,Non-Fatal Injury,Pedestrian Collisions,Pedestrian,35 to 39,Major,,South,,,,,Pedestrian hit at mid-block,Running onto Roadway,Inattentive,,,,Yes,,Yes,,,,,,,,,,,21,Humber Summit,21,Humber Summit (21),D31,617600.081038474,4847563.33753305
7041,81582214,1002090164,10/30/2021 4:00:00 AM,1840,KENNEDY RD,LAWRENCE AVE E,,Major Arterial,Scarborough,43.750979,-79.275401,Non Intersection,No Control,Rain,"Dark, artificial",Wet,Fatal,Pedestrian Collisions,Pedestrian,65 to 69,Fatal,47,East,,,,,Pedestrian hit at mid-block,"Crossing, no Traffic Control",Normal,,,,Yes,,Yes,,,,,,,,,,,126,Dorset Park,126,Dorset Park (126),D41,638846.413041231,4845659.53778925
7042,81588058,1002090164,10/30/2021 4:00:00 AM,1840,KENNEDY RD,LAWRENCE AVE E,,Major Arterial,Scarborough,43.750979,-79.275401,Non Intersection,No Control,Rain,"Dark, artificial",Wet,Fatal,Pedestrian Collisions,Driver,35 to 39,None,,North,"Automobile, Station Wagon",Going Ahead,Driving Properly,Normal,,,,,,,Yes,,Yes,,,,,,,,,,,126,Dorset Park,126,Dorset Park (126),D41,638846.413041231,4845659.53778925
7043,81604649,1002132451,11/5/2021 4:00:00 AM,1711,THE QUEENSWAY,NORTH QUEEN ST,135 m West o,Major Arterial,Etobicoke York,43.614066,-79.558002,Non Intersection,No Control,Clear,Daylight,Dry,Non-Fatal Injury,Pedestrian Collisions,Driver,30 to 34,None,,West,"Automobile, Station Wagon",Going Ahead,Driving Properly,Normal,,,,,,,Yes,,Yes,,,,,,,,,,,159,Etobicoke City Centre,14,Islington-City Centre West (14),D22,616358.561362542,4830018.63950977
7044,81604650,1002132451,11/5/2021 4:00:00 AM,1711,THE QUEENSWAY,NORTH QUEEN ST,135 m West o,Major Arterial,Etobicoke York,43.614066,-79.558002,Non Intersection,No Control,Clear,Daylight,Dry,Non-Fatal Injury,Pedestrian Collisions,Pedestrian,75 to 79,Major,,South,,,,,Pedestrian hit at mid-block,Crossing without right of way,Normal,,,,Yes,,Yes,,,,,,,,,,,159,Etobicoke City Centre,14,Islington-City Centre West (14),D22,616358.561362542,4830018.63950977
7045,81599212,1002135282,11/6/2021 4:00:00 AM,125,MIDDLEFIELD RD,FINCH  AVE E,10 m North o,Minor Arterial,Scarborough,43.809817,-79.257663,Intersection Related,Traffic Signal,Clear,"Dark, artificial",Dry,Non-Fatal Injury,Pedestrian Collisions,Driver,25 to 29,None,,South,"Automobile, Station Wagon",Going Ahead,Lost control,Unknown,,,,,,,Yes,,Yes,,,,,,,,,,,129,Agincourt North,129,Agincourt North (129),D42,640136.967275576,4852224.31254334
7046,81599213,1002135282,11/6/2021 4:00:00 AM,125,MIDDLEFIELD RD,FINCH  AVE E,10 m North o,Minor Arterial,Scarborough,43.809817,-79.257663,Intersection Related,Traffic Signal,Clear,"Dark, artificial",Dry,Non-Fatal Injury,Pedestrian Collisions,Pedestrian,25 to 29,Major,,Unknown,,,,,Vehicle is going straight thru inter.while ped cross without ROW,Other,Had Been Drinking,,,,Yes,,Yes,,,,,,,,,,,129,Agincourt North,129,Agincourt North (129),D42,640136.967275576,4852224.31254334
7047,81615074,1002157696,11/9/2021 5:00:00 AM,1013,BEDFORD RD,DAVENPORT RD,2 m East of,Major Arterial,Toronto and East York,43.6743,-79.399806,At Intersection,Traffic Signal,Clear,Daylight,Dry,Non-Fatal Injury,Pedestrian Collisions,Driver,60 to 64,None,,North,"Automobile, Station Wagon",Turning Right,Driving Properly,Normal,,,,,,,Yes,,Yes,,,,,,,,,,,95,Annex,95,Annex (95),D53,628994.948088318,4836942.23075564
7048,81615075,1002157696,11/9/2021 5:00:00 AM,1013,BEDFORD RD,DAVENPORT RD,2 m East of,Major Arterial,Toronto and East York,43.6743,-79.399806,At Intersection,Traffic Signal,Clear,Daylight,Dry,Non-Fatal Injury,Pedestrian Collisions,Pedestrian,85 to 89,Major,,Unknown,,,,,Other / Undefined,Other,Other,,,,Yes,,Yes,,,,,,,,,,,95,Annex,95,Annex (95),D53,628994.948088318,4836942.23075564
7049,81604040,1002160067,11/9/2021 5:00:00 AM,1550,LAWRENCE  AVE W,DUFFLAW  RD,3 m West of,Major Arterial,North York,43.712683,-79.460834,At Intersection,Traffic Signal,Rain,Daylight,Wet,Non-Fatal Injury,Pedestrian Collisions,Driver,60 to 64,None,,East,"Automobile, Station Wagon",Turning Left,Failed to Yield Right of Way,Inattentive,,,,,,,Yes,,Yes,,,,,,,Yes,,,,31,Yorkdale-Glen Park,31,Yorkdale-Glen Park (31),D13,623996.180411174,4841112.09246056
7050,81604041,1002160067,11/9/2021 5:00:00 AM,1550,LAWRENCE  AVE W,DUFFLAW  RD,3 m West of,Major Arterial,North York,43.712683,-79.460834,At Intersection,Traffic Signal,Rain,Daylight,Wet,Non-Fatal Injury,Pedestrian Collisions,Pedestrian,20 to 24,Major,,West,,,,,Vehicle turns left while ped crosses with ROW at inter.,Crossing with right of way,Normal,,,,Yes,,Yes,,,,,,,Yes,,,,31,Yorkdale-Glen Park,31,Yorkdale-Glen Park (31),D13,623996.180411174,4841112.09246056
7051,81615387,1002183621,11/12/2021 5:00:00 AM,2009,650 OLD WESTON RD,,55 m South o,Minor Arterial,Etobicoke York,43.679454,-79.465389,Non Intersection,No Control,Rain,"Dark, artificial",Wet,Non-Fatal Injury,Pedestrian Collisions,Driver,35 to 39,Minimal,,North,"Automobile, Station Wagon",Going Ahead,Exceeding Speed Limit,Inattentive,,,,,,,Yes,,Yes,,,,,,Yes,Yes,,,,91,Weston-Pelham Park,91,Weston-Pellam Park (91),D12,623697.52689917,4837414.75222768
7052,81615388,1002183621,11/12/2021 5:00:00 AM,2009,650 OLD WESTON RD,,55 m South o,Minor Arterial,Etobicoke York,43.679454,-79.465389,Non Intersection,No Control,Rain,"Dark, artificial",Wet,Non-Fatal Injury,Pedestrian Collisions,Pedestrian,30 to 34,Major,,Unknown,,,,,Pedestrian hit at mid-block,Coming From Behind Parked Vehicle,Normal,,,,Yes,,Yes,,,,,,Yes,Yes,,,,91,Weston-Pelham Park,91,Weston-Pellam Park (91),D12,623697.52689917,4837414.75222768
7053,81604193,1002183788,11/12/2021 5:00:00 AM,2030,DON VALLEY PARKWAY  S,DUNDAS ST E,,Expressway,Toronto and East York,43.662001,-79.355159,Non Intersection,No Control,Clear,"Dark, artificial",Wet,Fatal,Pedestrian Collisions,Pedestrian,30 to 34,Fatal,50,West,,,,,Pedestrian hit at mid-block,"Crossing, no Traffic Control",Other,,,,Yes,,Yes,,,,,Yes,,,,,,70,South Riverdale,70,South Riverdale (70),D55,632621.157380752,4835646.66192184
7054,81604195,1002183788,11/12/2021 5:00:00 AM,2030,DON VALLEY PARKWAY  S,DUNDAS ST E,,Expressway,Toronto and East York,43.662001,-79.355159,Non Intersection,No Control,Clear,"Dark, artificial",Wet,Fatal,Pedestrian Collisions,Driver,25 to 29,None,,South,"Automobile, Station Wagon",Going Ahead,Driving Properly,Normal,,,,,,,Yes,,Yes,,,,,Yes,,,,,,70,South Riverdale,70,South Riverdale (70),D55,632621.157380752,4835646.66192184
7055,81604410,1002183788,11/12/2021 5:00:00 AM,2030,DON VALLEY PARKWAY  S,DUNDAS ST E,,Expressway,Toronto and East York,43.662001,-79.355159,Non Intersection,No Control,Clear,"Dark, artificial",Wet,Fatal,Pedestrian Collisions,Passenger,30 to 34,None,,,,,,,,,,,,,Yes,,Yes,,,,,Yes,,,,,,70,South Riverdale,70,South Riverdale (70),D55,632621.157380752,4835646.66192184
7056,81604591,1002212268,11/16/2021 5:00:00 AM,2330,LAKE SHORE BLVD W,BATHURST ST,,Major Arterial,Toronto and East York,43.636412,-79.399608,At Intersection,Traffic Signal,Clear,"Dark, artificial",Dry,Non-Fatal Injury,Pedestrian Collisions,Driver,25 to 29,None,,West,"Automobile, Station Wagon",Going Ahead,Other,Unknown,,,,,,,Yes,,Yes,,,,,,,,,,,163,Fort York-Liberty Village,82,Niagara (82),D14,629092.068721763,4832734.57777593
7057,81604592,1002212268,11/16/2021 5:00:00 AM,2330,LAKE SHORE BLVD W,BATHURST ST,,Major Arterial,Toronto and East York,43.636412,-79.399608,At Intersection,Traffic Signal,Clear,"Dark, artificial",Dry,Non-Fatal Injury,Pedestrian Collisions,Pedestrian,35 to 39,Major,,North,,,,,Vehicle is going straight thru inter.while ped cross without ROW,Crossing without right of way,Normal,,,,Yes,,Yes,,,,,,,,,,,163,Fort York-Liberty Village,82,Niagara (82),D14,629092.068721763,4832734.57777593
7058,81648422,1002218081,11/17/2021 5:00:00 AM,1856,LAKE SHORE BLVD W,SHORE BREEZE DR,3 m West of,Major Arterial,Etobicoke York,43.624072,-79.480487,Intersection Related,No Control,Rain,Dark,Wet,Non-Fatal Injury,Pedestrian Collisions,Driver,15 to 19,None,,East,"Automobile, Station Wagon",Going Ahead,Driving Properly,Normal,,,,,,,Yes,,Yes,,,,,,,,,,,161,Humber Bay Shores,17,Mimico (includes Humber Bay Shores) (17),D22,622593.166825888,4831241.46150572
7059,81648423,1002218081,11/17/2021 5:00:00 AM,1856,LAKE SHORE BLVD W,SHORE BREEZE DR,3 m West of,Major Arterial,Etobicoke York,43.624072,-79.480487,Intersection Related,No Control,Rain,Dark,Wet,Non-Fatal Injury,Pedestrian Collisions,Pedestrian,25 to 29,Major,,Unknown,,,,,Vehicle is going straight thru inter.while ped cross without ROW,"Crossing, no Traffic Control",Inattentive,,,,Yes,,Yes,,,,,,,,,,,161,Humber Bay Shores,17,Mimico (includes Humber Bay Shores) (17),D22,622593.166825888,4831241.46150572
7060,81604192,1002221731,11/18/2021 5:00:00 AM,959,SHERBOURNE ST,DUNDAS ST  E,,Major Arterial,Toronto and East York,43.658221,-79.37099,At Intersection,Traffic Signal,Clear,Daylight,Dry,Fatal,Pedestrian Collisions,Truck Driver,55 to 59,Minimal,,South,Truck (other),Turning Left,Driving Properly,Normal,,,,,,,Yes,,,,Yes,,,,,,,,,73,Moss Park,73,Moss Park (73),D51,631352.955579804,4835201.65832779
7061,81604711,1002221731,11/18/2021 5:00:00 AM,959,SHERBOURNE ST,DUNDAS ST  E,,Major Arterial,Toronto and East York,43.658221,-79.37099,At Intersection,Traffic Signal,Clear,Daylight,Dry,Fatal,Pedestrian Collisions,Wheelchair,55 to 59,Fatal,53,West,,Going Ahead,,,Vehicle turns left while ped crosses without ROW at inter.,Crossing without right of way,Inattentive,,,,Yes,,,,Yes,,,,,,,,,73,Moss Park,73,Moss Park (73),D51,631352.955579804,4835201.65832779
7062,81649459,1002268507,11/24/2021 5:00:00 AM,1810,24 GRANDVIEW AVE,,101 m East o,Local,Toronto and East York,43.673525,-79.349963,Non Intersection,No Control,Clear,"Dark, artificial",Dry,Non-Fatal Injury,Pedestrian Collisions,Truck Driver,55 to 59,None,,East,Truck - Dump,Going Ahead,Driving Properly,Normal,,,,,,,Yes,,,,Yes,,,,,,,,,68,North Riverdale,68,North Riverdale (68),D55,633014.650587165,4836934.87684477
7063,81649460,1002268507,11/24/2021 5:00:00 AM,1810,24 GRANDVIEW AVE,,101 m East o,Local,Toronto and East York,43.673525,-79.349963,Non Intersection,No Control,Clear,"Dark, artificial",Dry,Non-Fatal Injury,Pedestrian Collisions,Pedestrian,60 to 64,Major,,Unknown,,,,,Pedestrian hit at mid-block,Coming From Behind Parked Vehicle,Inattentive,,,,Yes,,,,Yes,,,,,,,,,68,North Riverdale,68,North Riverdale (68),D55,633014.650587165,4836934.87684477
7064,81604988,1002309701,11/30/2021 5:00:00 AM,1721,JANE ST,HUMBERVIEW  RD,,Major Arterial,North York,43.653937,-79.486369,At Intersection,No Control,Clear,Dark,Wet,Non-Fatal Injury,Pedestrian Collisions,Driver,55 to 59,None,,North,"Automobile, Station Wagon",Turning Left,Failed to Yield Right of Way,Normal,,,,,,,Yes,,Yes,,,,,,,Yes,,,,89,Runnymede-Bloor West Village,89,Runnymede-Bloor West Village (89),D11,622058.122021401,4834549.67894207
7065,81604989,1002309701,11/30/2021 5:00:00 AM,1721,JANE ST,HUMBERVIEW  RD,,Major Arterial,North York,43.653937,-79.486369,At Intersection,No Control,Clear,Dark,Wet,Non-Fatal Injury,Pedestrian Collisions,Pedestrian,65 to 69,Major,,North,,,,,Vehicle turns left while ped crosses with ROW at inter.,"Crossing, no Traffic Control",Normal,,,,Yes,,Yes,,,,,,,Yes,,,,89,Runnymede-Bloor West Village,89,Runnymede-Bloor West Village (89),D11,622058.122021401,4834549.67894207
7066,81648645,1002332405,12/3/2021 5:00:00 AM,1826,REXDALE  BLVD,QUEENS PLATE DR,,Major Arterial,Etobicoke York,43.719084,-79.60342,At Intersection,Traffic Signal,Clear,Dark,Dry,Non-Fatal Injury,Pedestrian Collisions,Pedestrian,50 to 54,Major,,North,,,,,Vehicle is going straight thru inter.while ped cross with ROW,Crossing with right of way,Normal,,,,Yes,,,,,,,,,,,,,1,West Humber-Clairville,1,West Humber-Clairville (1),D23,612497.301441777,4841619.60336114
7067,81615263,1002360804,12/7/2021 5:00:00 AM,1825,DUNDAS ST W,LANSDOWNE AVE,,Minor Arterial,Toronto and East York,43.650096,-79.439693,At Intersection,Traffic Signal,Clear,"Dusk, artificial",Dry,Non-Fatal Injury,Pedestrian Collisions,Driver,35 to 39,None,,West,"Automobile, Station Wagon",Going Ahead,Driving Properly,Normal,,,,,,,Yes,,Yes,,,,,Yes,,,,,,84,Little Portugal,84,Little Portugal (84),D11,625830.097584646,4834192.80151153
7068,81615264,1002360804,12/7/2021 5:00:00 AM,1825,DUNDAS ST W,LANSDOWNE AVE,,Minor Arterial,Toronto and East York,43.650096,-79.439693,At Intersection,Traffic Signal,Clear,"Dusk, artificial",Dry,Non-Fatal Injury,Pedestrian Collisions,Pedestrian,20 to 24,Major,,North,,,,,Vehicle is going straight thru inter.while ped cross without ROW,Running onto Roadway,Inattentive,,,,Yes,,Yes,,,,,Yes,,,,,,84,Little Portugal,84,Little Portugal (84),D11,625830.097584646,4834192.80151153
7069,81615265,1002360804,12/7/2021 5:00:00 AM,1825,DUNDAS ST W,LANSDOWNE AVE,,Minor Arterial,Toronto and East York,43.650096,-79.439693,At Intersection,Traffic Signal,Clear,"Dusk, artificial",Dry,Non-Fatal Injury,Pedestrian Collisions,Passenger,unknown,None,,,,,,,,,,,,,Yes,,Yes,,,,,Yes,,,,,,84,Little Portugal,84,Little Portugal (84),D11,625830.097584646,4834192.80151153
7070,81615191,1002361100,12/7/2021 5:00:00 AM,1904,BATHURST ST,ULSTER  ST,7 m South of,Major Arterial,Toronto and East York,43.659735,-79.409045,At Intersection,Traffic Signal,Clear,"Dark, artificial",Dry,Non-Fatal Injury,Pedestrian Collisions,Driver,25 to 29,None,,North,"Automobile, Station Wagon",Going Ahead,Driving Properly,Normal,,,,,,,Yes,,Yes,,,,,,,,,,,79,University,79,University (79),D14,628281.187797992,4835310.26678912
7071,81615192,1002361100,12/7/2021 5:00:00 AM,1904,BATHURST ST,ULSTER  ST,7 m South of,Major Arterial,Toronto and East York,43.659735,-79.409045,At Intersection,Traffic Signal,Clear,"Dark, artificial",Dry,Non-Fatal Injury,Pedestrian Collisions,Pedestrian,15 to 19,Major,,East,,,,,Vehicle is going straight thru inter.while ped cross without ROW,Running onto Roadway,Normal,,,,Yes,,Yes,,,,,,,,,,,79,University,79,University (79),D14,628281.187797992,4835310.26678912
7072,81614754,1002384384,12/10/2021 5:00:00 AM,2345,LAKE SHORE BLVD E,LOWER JARVIS ST,,Major Arterial,Scarborough,43.645503,-79.369815,Non Intersection,Traffic Signal,Clear,Dark,Dry,Fatal,Pedestrian Collisions,Pedestrian,35 to 39,Fatal,57,Unknown,,,,,Vehicle is going straight thru inter.while ped cross without ROW,Other,Other,,,,Yes,,Yes,,,,,,Yes,Yes,,,,166,St Lawrence-East Bayfront-The Islands,77,Waterfront Communities-The Island (77),D51,631475.44977779,4833791.01771196
7073,81614756,1002384384,12/10/2021 5:00:00 AM,2345,LAKE SHORE BLVD E,LOWER JARVIS ST,,Major Arterial,Scarborough,43.645503,-79.369815,Non Intersection,Traffic Signal,Clear,Dark,Dry,Fatal,Pedestrian Collisions,Driver,unknown,None,,East,"Automobile, Station Wagon",Going Ahead,Exceeding Speed Limit,Unknown,,,,,,,Yes,,Yes,,,,,,Yes,Yes,,,,166,St Lawrence-East Bayfront-The Islands,77,Waterfront Communities-The Island (77),D51,631475.44977779,4833791.01771196
7074,81604199,1002386733,12/11/2021 5:00:00 AM,1132,MIDLAND AVE,BROADBENT AVE,,Major Arterial,Scarborough,43.738864,-79.259937,At Intersection,Traffic Signal,Clear,Daylight,Wet,Fatal,Pedestrian Collisions,Pedestrian,65 to 69,Fatal,55,West,,,,,Vehicle is going straight thru inter.while ped cross with ROW,Crossing with right of way,Unknown,,,,Yes,,Yes,,,,,,,Yes,Yes,Yes,,138,Eglinton East,138,Eglinton East (138),D41,640119.688981529,4844340.02267371
7075,81614753,1002386733,12/11/2021 5:00:00 AM,1132,MIDLAND AVE,BROADBENT AVE,,Major Arterial,Scarborough,43.738864,-79.259937,At Intersection,Traffic Signal,Clear,Daylight,Wet,Fatal,Pedestrian Collisions,Driver,30 to 34,None,,North,"Automobile, Station Wagon",Going Ahead,Disobeyed Traffic Control,"Ability Impaired, Alcohol",,,,,,,Yes,,Yes,,,,,,,Yes,Yes,Yes,,138,Eglinton East,138,Eglinton East (138),D41,640119.688981529,4844340.02267371
7076,81614757,1002396112,12/12/2021 5:00:00 AM,1930,3805 SHEPPARD AVE E,,,Major Arterial,Scarborough,43.782389,-79.29182,Non Intersection,No Control,Strong wind,"Dark, artificial",Dry,Fatal,Pedestrian Collisions,Pedestrian,80 to 84,Fatal,56,South,,,,,Pedestrian hit at mid-block,"Crossing, no Traffic Control",Inattentive,,,,Yes,,Yes,,,,,,,,,,,118,Tam O'Shanter-Sullivan,118,Tam O'Shanter-Sullivan (118),D42,637452.549844028,4849120.7105386
7077,81614758,1002396112,12/12/2021 5:00:00 AM,1930,3805 SHEPPARD AVE E,,,Major Arterial,Scarborough,43.782389,-79.29182,Non Intersection,No Control,Strong wind,"Dark, artificial",Dry,Fatal,Pedestrian Collisions,Driver,35 to 39,None,,East,"Automobile, Station Wagon",Going Ahead,Other,Unknown,,,,,,,Yes,,Yes,,,,,,,,,,,118,Tam O'Shanter-Sullivan,118,Tam O'Shanter-Sullivan (118),D42,637452.549844028,4849120.7105386