OBJECTID,INDEX,ACCNUM,DATE,TIME,STREET1,STREET2,OFFSET,ROAD_CLASS,DISTRICT,LATITUDE,LONGITUDE,ACCLOC,TRAFFCTL,VISIBILITY,LIGHT,RDSFCOND,ACCLASS,IMPACTYPE,INVTYPE,INVAGE,INJURY,FATAL_NO,INITDIR,VEHTYPE,MANOEUVER,DRIVACT,DRIVCOND,PEDTYPE,PEDACT,PEDCOND,CYCLISTYPE,CYCACT,CYCCOND,PEDESTRIAN,CYCLIST,AUTOMOBILE,MOTORCYCLE,TRUCK,TRSN_CITY_VEH,EMERG_VEH,PASSENGER,SPEEDING,AG_DRIV,REDLIGHT,ALCOHOL,DISABILITY,HOOD_158,NEIGHBOURHOOD_158,HOOD_140,NEIGHBOURHOOD_140,DIVISION,x,y
7078,81615885,1002433057,12/17/2021 5:00:00 AM,2234,KENNEDY RD,VILLAGE GREEN  SQ,2 m North of,Major Arterial,Scarborough,43.777182,-79.285518,Intersection Related,Traffic Signal,Clear,"Dark, artificial",Dry,Non-Fatal Injury,Pedestrian Collisions,Driver,30 to 34,None,,North,"Automobile, Station Wagon",Going Ahead,Driving Properly,Normal,,,,,,,Yes,,Yes,,,,,,,,,,,128,Agincourt South-Malvern West,128,Agincourt South-Malvern West (128),D42,637971.636882504,4848552.87489567
7079,81615886,1002433057,12/17/2021 5:00:00 AM,2234,KENNEDY RD,VILLAGE GREEN  SQ,2 m North of,Major Arterial,Scarborough,43.777182,-79.285518,Intersection Related,Traffic Signal,Clear,"Dark, artificial",Dry,Non-Fatal Injury,Pedestrian Collisions,Pedestrian,20 to 24,Major,,East,,,,,Pedestrian hit at mid-block,"Crossing, no Traffic Control",Normal,,,,Yes,,Yes,,,,,,,,,,,128,Agincourt South-Malvern West,128,Agincourt South-Malvern West (128),D42,637971.636882504,4848552.87489567
7080,81614761,1002486085,12/26/2021 5:00:00 AM,1402,YONGE ST,RICHMOND ST E,,Major Arterial,Toronto and East York,43.651618,-79.378948,At Intersection,Traffic Signal,Clear,Daylight,Dry,Fatal,Pedestrian Collisions,Pedestrian,0 to 4,None,,Unknown,,,,,Pedestrian hit on sidewalk or shoulder,On Sidewalk or Shoulder,Normal,,,,Yes,,Yes,,,,,,,,,,,168,Downtown Yonge East,75,Church-Yonge Corridor (75),D51,630725.593246002,4834455.74037896
7081,81614767,1002486085,12/26/2021 5:00:00 AM,1402,YONGE ST,RICHMOND ST E,,Major Arterial,Toronto and East York,43.651618,-79.378948,At Intersection,Traffic Signal,Clear,Daylight,Dry,Fatal,Pedestrian Collisions,Pedestrian,15 to 19,Fatal,60,Unknown,,,,,Pedestrian hit on sidewalk or shoulder,On Sidewalk or Shoulder,Normal,,,,Yes,,Yes,,,,,,,,,,,168,Downtown Yonge East,75,Church-Yonge Corridor (75),D51,630725.593246002,4834455.74037896
7082,81614768,1002486085,12/26/2021 5:00:00 AM,1402,YONGE ST,RICHMOND ST E,,Major Arterial,Toronto and East York,43.651618,-79.378948,At Intersection,Traffic Signal,Clear,Daylight,Dry,Fatal,Pedestrian Collisions,Pedestrian,45 to 49,Major,,Unknown,,,,,Pedestrian hit on sidewalk or shoulder,On Sidewalk or Shoulder,Normal,,,,Yes,,Yes,,,,,,,,,,,168,Downtown Yonge East,75,Church-Yonge Corridor (75),D51,630725.593246002,4834455.74037896
7083,81614769,1002486085,12/26/2021 5:00:00 AM,1402,YONGE ST,RICHMOND ST E,,Major Arterial,Toronto and East York,43.651618,-79.378948,At Intersection,Traffic Signal,Clear,Daylight,Dry,Fatal,Pedestrian Collisions,Pedestrian,35 to 39,Minor,,Unknown,,,,,Pedestrian hit on sidewalk or shoulder,On Sidewalk or Shoulder,Normal,,,,Yes,,Yes,,,,,,,,,,,168,Downtown Yonge East,75,Church-Yonge Corridor (75),D51,630725.593246002,4834455.74037896
7084,81614770,1002486085,12/26/2021 5:00:00 AM,1402,YONGE ST,RICHMOND ST E,,Major Arterial,Toronto and East York,43.651618,-79.378948,At Intersection,Traffic Signal,Clear,Daylight,Dry,Fatal,Pedestrian Collisions,Pedestrian,35 to 39,Minor,,Unknown,,,,,Pedestrian hit on sidewalk or shoulder,On Sidewalk or Shoulder,Normal,,,,Yes,,Yes,,,,,,,,,,,168,Downtown Yonge East,75,Church-Yonge Corridor (75),D51,630725.593246002,4834455.74037896
7085,81614771,1002486085,12/26/2021 5:00:00 AM,1402,YONGE ST,RICHMOND ST E,,Major Arterial,Toronto and East York,43.651618,-79.378948,At Intersection,Traffic Signal,Clear,Daylight,Dry,Fatal,Pedestrian Collisions,Pedestrian,15 to 19,Major,,Unknown,,,,,Pedestrian hit on sidewalk or shoulder,On Sidewalk or Shoulder,Normal,,,,Yes,,Yes,,,,,,,,,,,168,Downtown Yonge East,75,Church-Yonge Corridor (75),D51,630725.593246002,4834455.74037896
7086,81614772,1002486085,12/26/2021 5:00:00 AM,1402,YONGE ST,RICHMOND ST E,,Major Arterial,Toronto and East York,43.651618,-79.378948,At Intersection,Traffic Signal,Clear,Daylight,Dry,Fatal,Pedestrian Collisions,Driver,30 to 34,None,,West,"Automobile, Station Wagon",Turning Left,Improper Turn,Normal,,,,,,,Yes,,Yes,,,,,,,,,,,168,Downtown Yonge East,75,Church-Yonge Corridor (75),D51,630725.593246002,4834455.74037896
7087,81614773,1002486085,12/26/2021 5:00:00 AM,1402,YONGE ST,RICHMOND ST E,,Major Arterial,Toronto and East York,43.651618,-79.378948,At Intersection,Traffic Signal,Clear,Daylight,Dry,Fatal,Pedestrian Collisions,Driver,20 to 24,Minor,,West,"Automobile, Station Wagon",Going Ahead,Driving Properly,Normal,,,,,,,Yes,,Yes,,,,,,,,,,,168,Downtown Yonge East,75,Church-Yonge Corridor (75),D51,630725.593246002,4834455.74037896
7088,81614774,1002486085,12/26/2021 5:00:00 AM,1402,YONGE ST,RICHMOND ST E,,Major Arterial,Toronto and East York,43.651618,-79.378948,At Intersection,Traffic Signal,Clear,Daylight,Dry,Fatal,Pedestrian Collisions,Pedestrian,40 to 44,Minor,,Unknown,,,,,Pedestrian hit on sidewalk or shoulder,On Sidewalk or Shoulder,Normal,,,,Yes,,Yes,,,,,,,,,,,168,Downtown Yonge East,75,Church-Yonge Corridor (75),D51,630725.593246002,4834455.74037896
7089,81705464,2000034069,1/6/2022 5:00:00 AM,1209,174 DELAWARE AVE,,,Local,Toronto and East York,43.660174,-79.427699,Non Intersection,No Control,Clear,Daylight,Dry,Non-Fatal Injury,Pedestrian Collisions,Driver,30 to 34,None,,North,"Automobile, Station Wagon",Going Ahead,Driving Properly,Normal,,,,,,,Yes,,Yes,,,,,,,,,,,80,Palmerston-Little Italy,80,Palmerston-Little Italy (80),D14,626776.147856649,4835330.35152219
7090,81705465,2000034069,1/6/2022 5:00:00 AM,1209,174 DELAWARE AVE,,,Local,Toronto and East York,43.660174,-79.427699,Non Intersection,No Control,Clear,Daylight,Dry,Non-Fatal Injury,Pedestrian Collisions,Pedestrian,5 to 9,Major,,West,,,,,Pedestrian hit at mid-block,"Crossing, no Traffic Control",Inattentive,,,,Yes,,Yes,,,,,,,,,,,80,Palmerston-Little Italy,80,Palmerston-Little Italy (80),D14,626776.147856649,4835330.35152219
7091,81614776,2000036960,1/6/2022 5:00:00 AM,1942,LAWRENCE AVE E,BROCKLEY DR,,Major Arterial,Scarborough,43.751959,-79.262477,At Intersection,Traffic Signal,Clear,Dark,Dry,Fatal,Pedestrian Collisions,Passenger,20 to 24,None,,,,,,,,,,,,,Yes,,Yes,,,,,Yes,,Yes,,,,157,Bendale South,127,Bendale (127),D41,639884.645203536,4845790.12768864
7092,81615291,2000036960,1/6/2022 5:00:00 AM,1942,LAWRENCE AVE E,BROCKLEY DR,,Major Arterial,Scarborough,43.751959,-79.262477,At Intersection,Traffic Signal,Clear,Dark,Dry,Fatal,Pedestrian Collisions,Driver,20 to 24,None,,East,"Automobile, Station Wagon",Going Ahead,Failed to Yield Right of Way,Unknown,,,,,,,Yes,,Yes,,,,,Yes,,Yes,,,,157,Bendale South,127,Bendale (127),D41,639884.645203536,4845790.12768864
7093,81616021,2000036960,1/6/2022 5:00:00 AM,1942,LAWRENCE AVE E,BROCKLEY DR,,Major Arterial,Scarborough,43.751959,-79.262477,At Intersection,Traffic Signal,Clear,Dark,Dry,Fatal,Pedestrian Collisions,Pedestrian,75 to 79,Fatal,1,South,,,,,Vehicle is going straight thru inter.while ped cross without ROW,Crossing without right of way,Normal,,,,Yes,,Yes,,,,,Yes,,Yes,,,,157,Bendale South,127,Bendale (127),D41,639884.645203536,4845790.12768864
7094,81647145,2000039834,1/7/2022 5:00:00 AM,938,MIDDLEFIELD RD,STEELES AVE E,,Minor Arterial,Scarborough,43.832621,-79.267932,At Intersection,Traffic Signal,Clear,Daylight,Dry,Non-Fatal Injury,Pedestrian Collisions,Driver,65 to 69,None,,South,"Automobile, Station Wagon",Turning Left,Failed to Yield Right of Way,Normal,,,,,,,Yes,,Yes,,,,,,,Yes,,,,130,Milliken,130,Milliken (130),D42,639257.98647592,4854739.73048658
7095,81647146,2000039834,1/7/2022 5:00:00 AM,938,MIDDLEFIELD RD,STEELES AVE E,,Minor Arterial,Scarborough,43.832621,-79.267932,At Intersection,Traffic Signal,Clear,Daylight,Dry,Non-Fatal Injury,Pedestrian Collisions,Pedestrian,50 to 54,Major,,North,,,,,Vehicle turns left while ped crosses with ROW at inter.,Crossing with right of way,Normal,,,,Yes,,Yes,,,,,,,Yes,,,,130,Milliken,130,Milliken (130),D42,639257.98647592,4854739.73048658
7096,81636202,2000083530,1/13/2022 5:00:00 AM,2130,WESTON RD,LANYARD RD,1 m West of,Major Arterial,Etobicoke York,43.748164,-79.54156,At Intersection,Traffic Signal,Clear,"Dark, artificial",Dry,Non-Fatal Injury,Pedestrian Collisions,Driver,60 to 64,None,,North,"Automobile, Station Wagon",Turning Left,Failed to Yield Right of Way,Inattentive,,,,,,,Yes,,Yes,,,,,,,Yes,,,,22,Humbermede,22,Humbermede (22),D31,617423.437244247,4844935.17168116
7097,81636203,2000083530,1/13/2022 5:00:00 AM,2130,WESTON RD,LANYARD RD,1 m West of,Major Arterial,Etobicoke York,43.748164,-79.54156,At Intersection,Traffic Signal,Clear,"Dark, artificial",Dry,Non-Fatal Injury,Pedestrian Collisions,Pedestrian,55 to 59,Major,,North,,,,,Vehicle turns left while ped crosses with ROW at inter.,Crossing with right of way,Normal,,,,Yes,,Yes,,,,,,,Yes,,,,22,Humbermede,22,Humbermede (22),D31,617423.437244247,4844935.17168116
7098,81615516,2000088172,1/14/2022 5:00:00 AM,1441,DAVENPORT RD,LANSDOWNE AVE,8 m South of,Minor Arterial,Toronto and East York,43.671485,-79.448261,At Intersection,Traffic Signal,Clear,Daylight,Dry,Non-Fatal Injury,Pedestrian Collisions,Driver,55 to 59,None,,West,Pick Up Truck,Turning Left,Driving Properly,Normal,,,,,,,Yes,,Yes,,,,,,,,,,,171,Junction-Wallace Emerson,93,Dovercourt-Wallace Emerson-Junction (93),D13,625094.701477755,4836555.37494668
7099,81615517,2000088172,1/14/2022 5:00:00 AM,1441,DAVENPORT RD,LANSDOWNE AVE,8 m South of,Minor Arterial,Toronto and East York,43.671485,-79.448261,At Intersection,Traffic Signal,Clear,Daylight,Dry,Non-Fatal Injury,Pedestrian Collisions,Pedestrian,75 to 79,Major,,East,,,,,Vehicle turns left while ped crosses without ROW at inter.,Crossing without right of way,Had Been Drinking,,,,Yes,,Yes,,,,,,,,,,,171,Junction-Wallace Emerson,93,Dovercourt-Wallace Emerson-Junction (93),D13,625094.701477755,4836555.37494668
7100,81631315,2000144156,1/22/2022 5:00:00 AM,1914,92 ASHRIDGE DR,,100 m North ,Local,Scarborough,43.81531,-79.268764,Non Intersection,No Control,Clear,"Dark, artificial",Packed Snow,Non-Fatal Injury,Pedestrian Collisions,Driver,unknown,None,,North,"Automobile, Station Wagon",Going Ahead,,,,,,,,,Yes,,Yes,,,,,,,,,,,129,Agincourt North,129,Agincourt North (129),D42,639231.332965287,4852815.65765181
7101,81631316,2000144156,1/22/2022 5:00:00 AM,1914,92 ASHRIDGE DR,,100 m North ,Local,Scarborough,43.81531,-79.268764,Non Intersection,No Control,Clear,"Dark, artificial",Packed Snow,Non-Fatal Injury,Pedestrian Collisions,Pedestrian,90 to 94,Major,,Unknown,,,,,Pedestrian hit at mid-block,Person Getting on/off Vehicle,Normal,,,,Yes,,Yes,,,,,,,,,,,129,Agincourt North,129,Agincourt North (129),D42,639231.332965287,4852815.65765181
7102,81278474,2000145218,1/22/2022 5:00:00 AM,2306,WESTON RD,DEE AVE,,Major Arterial,Etobicoke York,43.711131,-79.535136,Intersection Related,No Control,Clear,"Dark, artificial",Dry,Fatal,Pedestrian Collisions,Driver,30 to 34,None,,North,"Automobile, Station Wagon",Going Ahead,Improper Passing,Unknown,,,,,,,Yes,,Yes,,,,,,,Yes,,,,23,Pelmo Park-Humberlea,23,Pelmo Park-Humberlea (23),D12,618013.362944241,4840831.25810214
7103,81615292,2000145218,1/22/2022 5:00:00 AM,2306,WESTON RD,DEE AVE,,Major Arterial,Etobicoke York,43.711131,-79.535136,Intersection Related,No Control,Clear,"Dark, artificial",Dry,Fatal,Pedestrian Collisions,Pedestrian,50 to 54,Fatal,2,West,,,,,Vehicle is going straight thru inter.while ped cross without ROW,Crossing without right of way,Other,,,,Yes,,Yes,,,,,,,Yes,,,,23,Pelmo Park-Humberlea,23,Pelmo Park-Humberlea (23),D12,618013.362944241,4840831.25810214
7104,81615599,2000176791,1/27/2022 5:00:00 AM,1447,FINCH AVE W,ELANA DR,,Major Arterial,North York,43.756823,-79.519908,At/Near Private Drive,No Control,Clear,Daylight,Wet,Non-Fatal Injury,Pedestrian Collisions,Driver,35 to 39,None,,East,"Automobile, Station Wagon",Going Ahead,Driving Properly,Normal,,,,,,,Yes,,Yes,,,,,,,,,,,25,Glenfield-Jane Heights,25,Glenfield-Jane Heights (25),D31,619149.534451782,4845927.79930936
7105,81615600,2000176791,1/27/2022 5:00:00 AM,1447,FINCH AVE W,ELANA DR,,Major Arterial,North York,43.756823,-79.519908,At/Near Private Drive,No Control,Clear,Daylight,Wet,Non-Fatal Injury,Pedestrian Collisions,Pedestrian,45 to 49,Major,,North,,,,,Pedestrian hit at mid-block,"Crossing, no Traffic Control",Inattentive,,,,Yes,,Yes,,,,,,,,,,,25,Glenfield-Jane Heights,25,Glenfield-Jane Heights (25),D31,619149.534451782,4845927.79930936
7106,81615479,2000184133,1/28/2022 5:00:00 AM,1506,THE QUEENSWAY,ISLINGTON AVE,ISLINGTON AV,Major Arterial,Etobicoke York,43.623351,-79.515498,Non Intersection,No Control,Clear,Daylight,Dry,Fatal,Pedestrian Collisions,Passenger,30 to 34,None,,,,,,,,,,,,,Yes,,Yes,,,,,Yes,,Yes,,,,159,Etobicoke City Centre,14,Islington-City Centre West (14),D22,619769.912576852,4831110.28567852
7107,81615480,2000184133,1/28/2022 5:00:00 AM,1506,THE QUEENSWAY,ISLINGTON AVE,ISLINGTON AV,Major Arterial,Etobicoke York,43.623351,-79.515498,Non Intersection,No Control,Clear,Daylight,Dry,Fatal,Pedestrian Collisions,Driver,30 to 34,None,,South,"Automobile, Station Wagon",Turning Right,Failed to Yield Right of Way,Inattentive,,,,,,,Yes,,Yes,,,,,Yes,,Yes,,,,159,Etobicoke City Centre,14,Islington-City Centre West (14),D22,619769.912576852,4831110.28567852
7108,81616022,2000184133,1/28/2022 5:00:00 AM,1506,THE QUEENSWAY,ISLINGTON AVE,ISLINGTON AV,Major Arterial,Etobicoke York,43.623351,-79.515498,Non Intersection,No Control,Clear,Daylight,Dry,Fatal,Pedestrian Collisions,Pedestrian,80 to 84,Fatal,3,East,,,,,Pedestrian hit on sidewalk or shoulder,On Sidewalk or Shoulder,Normal,,,,Yes,,Yes,,,,,Yes,,Yes,,,,159,Etobicoke City Centre,14,Islington-City Centre West (14),D22,619769.912576852,4831110.28567852
7109,81647568,2000226271,2/3/2022 5:00:00 AM,1655,JANE ST,DRIFTWOOD AVE,,Major Arterial,North York,43.765837,-79.519641,At Intersection,Traffic Signal,Drifting Snow,Dusk,Wet,Non-Fatal Injury,Pedestrian Collisions,Driver,50 to 54,None,,West,"Automobile, Station Wagon",Turning Left,Failed to Yield Right of Way,Unknown,,,,,,,Yes,,Yes,,,,,,,Yes,,,,24,Black Creek,24,Black Creek (24),D31,619153.133772525,4846929.32140449
7110,81647569,2000226271,2/3/2022 5:00:00 AM,1655,JANE ST,DRIFTWOOD AVE,,Major Arterial,North York,43.765837,-79.519641,At Intersection,Traffic Signal,Drifting Snow,Dusk,Wet,Non-Fatal Injury,Pedestrian Collisions,Pedestrian,65 to 69,Major,,South,,,,,Vehicle turns left while ped crosses with ROW at inter.,Crossing with right of way,Normal,,,,Yes,,Yes,,,,,,,Yes,,,,24,Black Creek,24,Black Creek (24),D31,619153.133772525,4846929.32140449
7111,81650410,2000232737,2/4/2022 5:00:00 AM,1623,SHEPPARD AVE E,YONGE ST,75 m East of,Major Arterial,North York,43.761584,-79.41006,Non Intersection,No Control,Clear,Daylight,Slush,Non-Fatal Injury,Pedestrian Collisions,Driver,65 to 69,None,,East,"Automobile, Station Wagon",Going Ahead,Driving Properly,Normal,,,,,,,Yes,,Yes,,,,,,,,,,,153,Avondale,51,Willowdale East (51),D32,627982.381363965,4846620.46819269
7112,81650411,2000232737,2/4/2022 5:00:00 AM,1623,SHEPPARD AVE E,YONGE ST,75 m East of,Major Arterial,North York,43.761584,-79.41006,Non Intersection,No Control,Clear,Daylight,Slush,Non-Fatal Injury,Pedestrian Collisions,Pedestrian,80 to 84,Major,,North,,,,,Pedestrian hit at mid-block,"Crossing, no Traffic Control",Normal,,,,Yes,,Yes,,,,,,,,,,,153,Avondale,51,Willowdale East (51),D32,627982.381363965,4846620.46819269
7113,81651096,2000258732,2/8/2022 5:00:00 AM,2039,BIRCHMOUNT ROAD,ZENITH DR,18 m S of,Minor Arterial,Scarborough,43.711009,-79.269771,Intersection Related,Stop Sign,Clear,Dark,Dry,Non-Fatal Injury,Pedestrian Collisions,Driver,50 to 54,None,,West,Pick Up Truck,Turning Left,Lost control,Normal,,,,,,,Yes,,Yes,,,,,,,,,,,120,Clairlea-Birchmount,120,Clairlea-Birchmount (120),D41,639392.384865761,4841229.72871241
7114,81651097,2000258732,2/8/2022 5:00:00 AM,2039,BIRCHMOUNT ROAD,ZENITH DR,18 m S of,Minor Arterial,Scarborough,43.711009,-79.269771,Intersection Related,Stop Sign,Clear,Dark,Dry,Non-Fatal Injury,Pedestrian Collisions,Pedestrian,30 to 34,Major,,Unknown,,,,,Pedestrian hit on sidewalk or shoulder,On Sidewalk or Shoulder,Normal,,,,Yes,,Yes,,,,,,,,,,,120,Clairlea-Birchmount,120,Clairlea-Birchmount (120),D41,639392.384865761,4841229.72871241
7115,81648272,2000271559,2/10/2022 5:00:00 AM,1900,YONGE ST,ERSKINE AVE,,Major Arterial,,43.711005,-79.399272,At Intersection,No Control,Clear,"Dark, artificial",Dry,Non-Fatal Injury,Pedestrian Collisions,Driver,30 to 34,None,,South,"Automobile, Station Wagon",Turning Left,Failed to Yield Right of Way,Inattentive,,,,,,,Yes,,Yes,,,,,Yes,,Yes,,,,173,North Toronto,104,Mount Pleasant West (104),D53,628959.299543326,4841019.6591951
7116,81648273,2000271559,2/10/2022 5:00:00 AM,1900,YONGE ST,ERSKINE AVE,,Major Arterial,,43.711005,-79.399272,At Intersection,No Control,Clear,"Dark, artificial",Dry,Non-Fatal Injury,Pedestrian Collisions,Passenger,35 to 39,None,,,,,,,,,,,,,Yes,,Yes,,,,,Yes,,Yes,,,,173,North Toronto,104,Mount Pleasant West (104),D53,628959.299543326,4841019.6591951
7117,81648274,2000271559,2/10/2022 5:00:00 AM,1900,YONGE ST,ERSKINE AVE,,Major Arterial,,43.711005,-79.399272,At Intersection,No Control,Clear,"Dark, artificial",Dry,Non-Fatal Injury,Pedestrian Collisions,Pedestrian,60 to 64,Major,,North,,,,,Vehicle turns left while ped crosses with ROW at inter.,Crossing with right of way,Normal,,,,Yes,,Yes,,,,,Yes,,Yes,,,,173,North Toronto,104,Mount Pleasant West (104),D53,628959.299543326,4841019.6591951
7118,81615831,2000320162,2/18/2022 5:00:00 AM,1144,BAY ST,COLLEGE ST,,Major Arterial,Etobicoke York,43.660742,-79.385814,At Intersection,Traffic Signal,Clear,Daylight,Wet,Fatal,Pedestrian Collisions,Pedestrian,80 to 84,Fatal,5,North,,,,,Vehicle turns right while ped crosses with ROW at inter.,Crossing with right of way,Normal,,,,Yes,,Yes,,,,,,,Yes,,,,170,Yonge-Bay Corridor,76,Bay Street Corridor (76),D52,630152.183143215,4835458.28762185
7119,81615832,2000320162,2/18/2022 5:00:00 AM,1144,BAY ST,COLLEGE ST,,Major Arterial,Etobicoke York,43.660742,-79.385814,At Intersection,Traffic Signal,Clear,Daylight,Wet,Fatal,Pedestrian Collisions,Driver,80 to 84,None,,South,"Automobile, Station Wagon",Turning Right,Failed to Yield Right of Way,Normal,,,,,,,Yes,,Yes,,,,,,,Yes,,,,170,Yonge-Bay Corridor,76,Bay Street Corridor (76),D52,630152.183143215,4835458.28762185
7120,81658164,2000368462,2/25/2022 5:00:00 AM,2216,BAYVIEW AV,DAVISVILLE AV,5 m West of,Major Arterial,North York,43.702994,-79.374103,Intersection Related,Traffic Signal,Snow,"Dark, artificial",Wet,Non-Fatal Injury,Pedestrian Collisions,Driver,50 to 54,None,,North,Pick Up Truck,Turning Left,Failed to Yield Right of Way,Unknown,,,,,,,Yes,,Yes,,,,,,,Yes,,,,56,Leaside-Bennington,56,Leaside-Bennington (56),D53,631004.458209342,4840169.38886784
7121,81658165,2000368462,2/25/2022 5:00:00 AM,2216,BAYVIEW AV,DAVISVILLE AV,5 m West of,Major Arterial,North York,43.702994,-79.374103,Intersection Related,Traffic Signal,Snow,"Dark, artificial",Wet,Non-Fatal Injury,Pedestrian Collisions,Pedestrian,45 to 49,Major,,North,,,,,Vehicle turns left while ped crosses with ROW at inter.,Crossing with right of way,Normal,,,,Yes,,Yes,,,,,,,Yes,,,,56,Leaside-Bennington,56,Leaside-Bennington (56),D53,631004.458209342,4840169.38886784
7122,81647440,2000372294,2/26/2022 5:00:00 AM,1430,THE QUEENSWAY,SHERWAY GARDENS RD,,Major Arterial,Etobicoke York,43.614997,-79.552219,At Intersection,Traffic Signal,Clear,Daylight,Dry,Non-Fatal Injury,Pedestrian Collisions,Driver,40 to 44,None,,North,"Automobile, Station Wagon",Turning Right,Failed to Yield Right of Way,Inattentive,,,,,,,Yes,,Yes,,,,,,,Yes,,,,159,Etobicoke City Centre,14,Islington-City Centre West (14),D22,616823.407731801,4830130.15750904
7123,81647441,2000372294,2/26/2022 5:00:00 AM,1430,THE QUEENSWAY,SHERWAY GARDENS RD,,Major Arterial,Etobicoke York,43.614997,-79.552219,At Intersection,Traffic Signal,Clear,Daylight,Dry,Non-Fatal Injury,Pedestrian Collisions,Pedestrian,65 to 69,Major,,North,,,,,Vehicle turns right while ped crosses with ROW at inter.,Crossing with right of way,Normal,,,,Yes,,Yes,,,,,,,Yes,,,,159,Etobicoke City Centre,14,Islington-City Centre West (14),D22,616823.407731801,4830130.15750904
7124,81616019,2000383216,2/28/2022 5:00:00 AM,1050,FINCH AVE E,MCCOWAN RD,,Major Arterial,Scarborough,43.807955,-79.266467,At Intersection,Traffic Signal,Clear,Daylight,Dry,Fatal,Pedestrian Collisions,Pedestrian,45 to 49,Fatal,7,East,,,,,Vehicle turns right while ped crosses with ROW at inter.,Crossing with right of way,Normal,,,,Yes,,,,,Yes,,,,,,,,129,Agincourt North,129,Agincourt North (129),D42,639433.182511615,4852002.63335581
7125,81616020,2000383216,2/28/2022 5:00:00 AM,1050,FINCH AVE E,MCCOWAN RD,,Major Arterial,Scarborough,43.807955,-79.266467,At Intersection,Traffic Signal,Clear,Daylight,Dry,Fatal,Pedestrian Collisions,Driver,45 to 49,None,,East,Municipal Transit Bus (TTC),Turning Right,Improper Turn,Normal,,,,,,,Yes,,,,,Yes,,,,,,,,129,Agincourt North,129,Agincourt North (129),D42,639433.182511615,4852002.63335581
7126,81631591,2000425405,3/6/2022 5:00:00 AM,1521,DUNDAS ST E,BOND ST,,Local,Toronto and East York,43.656188,-79.378276,At/Near Private Drive,No Control,Clear,Daylight,Dry,Fatal,Pedestrian Collisions,Vehicle Owner,unknown,,,,,,,,,,,,,,Yes,,Yes,,,,,,,Yes,,,,168,Downtown Yonge East,75,Church-Yonge Corridor (75),D51,630769.865928781,4834964.35800571
7127,81631595,2000425405,3/6/2022 5:00:00 AM,1521,DUNDAS ST E,BOND ST,,Local,Toronto and East York,43.656188,-79.378276,At/Near Private Drive,No Control,Clear,Daylight,Dry,Fatal,Pedestrian Collisions,Pedestrian,45 to 49,Fatal,9,Unknown,,,,,Pedestrian hit on sidewalk or shoulder,On Sidewalk or Shoulder,"Ability Impaired, Alcohol",,,,Yes,,Yes,,,,,,,Yes,,,,168,Downtown Yonge East,75,Church-Yonge Corridor (75),D51,630769.865928781,4834964.35800571
7128,81631596,2000425405,3/6/2022 5:00:00 AM,1521,DUNDAS ST E,BOND ST,,Local,Toronto and East York,43.656188,-79.378276,At/Near Private Drive,No Control,Clear,Daylight,Dry,Fatal,Pedestrian Collisions,Driver,55 to 59,None,,West,"Automobile, Station Wagon",Turning Right,Failed to Yield Right of Way,Inattentive,,,,,,,Yes,,Yes,,,,,,,Yes,,,,168,Downtown Yonge East,75,Church-Yonge Corridor (75),D51,630769.865928781,4834964.35800571
7129,81650997,2000427556,3/6/2022 5:00:00 AM,2233,460 PAPE AVE,,8 m West of ,Minor Arterial,Toronto and East York,43.671691,-79.341853,Non Intersection,No Control,Clear,Dark,Dry,Non-Fatal Injury,Pedestrian Collisions,Driver,45 to 49,None,,South,"Automobile, Station Wagon",Going Ahead,Driving Properly,Normal,,,,,,,Yes,,Yes,,,,,,,Yes,,,,69,Blake-Jones,69,Blake-Jones (69),D55,633672.502057362,4836744.22333518
7130,81650998,2000427556,3/6/2022 5:00:00 AM,2233,460 PAPE AVE,,8 m West of ,Minor Arterial,Toronto and East York,43.671691,-79.341853,Non Intersection,No Control,Clear,Dark,Dry,Non-Fatal Injury,Pedestrian Collisions,Pedestrian,15 to 19,Major,,Unknown,,,,,Pedestrian hit at mid-block,"Crossing, no Traffic Control","Ability Impaired, Alcohol",,,,Yes,,Yes,,,,,,,Yes,,,,69,Blake-Jones,69,Blake-Jones (69),D55,633672.502057362,4836744.22333518
7131,81703147,2000429734,3/7/2022 5:00:00 AM,930,BATHURST ST,JOICEY BLVD,1 m South of,Major Arterial,North York,43.733817,-79.433131,At Intersection,Traffic Signal,Rain,Daylight,Wet,Non-Fatal Injury,Pedestrian Collisions,Driver,30 to 34,None,,West,Pick Up Truck,Turning Left,Failed to Yield Right of Way,Normal,,,,,,,Yes,,Yes,,,,,,,Yes,,,,39,Bedford Park-Nortown,39,Bedford Park-Nortown (39),D32,626183.594208475,4843501.1389824
7132,81703148,2000429734,3/7/2022 5:00:00 AM,930,BATHURST ST,JOICEY BLVD,1 m South of,Major Arterial,North York,43.733817,-79.433131,At Intersection,Traffic Signal,Rain,Daylight,Wet,Non-Fatal Injury,Pedestrian Collisions,Pedestrian,80 to 84,Major,,East,,,,,Vehicle turns left while ped crosses with ROW at inter.,Crossing with right of way,Normal,,,,Yes,,Yes,,,,,,,Yes,,,,39,Bedford Park-Nortown,39,Bedford Park-Nortown (39),D32,626183.594208475,4843501.1389824