OBJECTID,INDEX,ACCNUM,DATE,TIME,STREET1,STREET2,OFFSET,ROAD_CLASS,DISTRICT,LATITUDE,LONGITUDE,ACCLOC,TRAFFCTL,VISIBILITY,LIGHT,RDSFCOND,ACCLASS,IMPACTYPE,INVTYPE,INVAGE,INJURY,FATAL_NO,INITDIR,VEHTYPE,MANOEUVER,DRIVACT,DRIVCOND,PEDTYPE,PEDACT,PEDCOND,CYCLISTYPE,CYCACT,CYCCOND,PEDESTRIAN,CYCLIST,AUTOMOBILE,MOTORCYCLE,TRUCK,TRSN_CITY_VEH,EMERG_VEH,PASSENGER,SPEEDING,AG_DRIV,REDLIGHT,ALCOHOL,DISABILITY,HOOD_158,NEIGHBOURHOOD_158,HOOD_140,NEIGHBOURHOOD_140,DIVISION,x,y
7133,81650634,2000459968,3/11/2022 5:00:00 AM,1445,MARKHAM RD,NASHDENE RD,,Major Arterial,Scarborough,43.820166,-79.24615,At Intersection,Traffic Signal,Clear,Daylight,Dry,Non-Fatal Injury,Pedestrian Collisions,Truck Driver,50 to 54,None,,North,Truck-Tractor,Going Ahead,Driving Properly,Normal,,,,,,,Yes,,,,Yes,,,,,,,,,144,Morningside Heights,131,Rouge (131),D42,641038.606636555,4853393.30304696
7134,81650635,2000459968,3/11/2022 5:00:00 AM,1445,MARKHAM RD,NASHDENE RD,,Major Arterial,Scarborough,43.820166,-79.24615,At Intersection,Traffic Signal,Clear,Daylight,Dry,Non-Fatal Injury,Pedestrian Collisions,Pedestrian,20 to 24,Major,,Unknown,,,,,Other / Undefined,Other,Medical or Physical Disability,,,,Yes,,,,Yes,,,,,,,,,144,Morningside Heights,131,Rouge (131),D42,641038.606636555,4853393.30304696
7135,81649079,2000495169,3/16/2022 4:00:00 AM,1945,15 THORNCLIFFE PARK DR,,10 m East of,Collector,North York,43.703654,-79.347598,Non Intersection,No Control,"Fog, Mist, Smoke, Dust","Dark, artificial",Dry,Non-Fatal Injury,Pedestrian Collisions,Driver,20 to 24,None,,West,"Automobile, Station Wagon",Turning Left,Failed to Yield Right of Way,Inattentive,,,,,,,Yes,,Yes,,,,,,,Yes,,,,55,Thorncliffe Park,55,Thorncliffe Park (55),D53,633138.624393417,4840284.91603592
7136,81649080,2000495169,3/16/2022 4:00:00 AM,1945,15 THORNCLIFFE PARK DR,,10 m East of,Collector,North York,43.703654,-79.347598,Non Intersection,No Control,"Fog, Mist, Smoke, Dust","Dark, artificial",Dry,Non-Fatal Injury,Pedestrian Collisions,Pedestrian,75 to 79,Major,,,,,,,Pedestrian hit at mid-block,"Crossing, no Traffic Control",Normal,,,,Yes,,Yes,,,,,,,Yes,,,,55,Thorncliffe Park,55,Thorncliffe Park (55),D53,633138.624393417,4840284.91603592
7137,81648744,2000518219,3/20/2022 4:00:00 AM,252,BATHURST ST,NIAGARA ST,,Major Arterial,Toronto and East York,43.641841,-79.401851,At Intersection,Traffic Signal,Rain,"Dark, artificial",Wet,Non-Fatal Injury,Pedestrian Collisions,Driver,30 to 34,None,,South,Pick Up Truck,Turning Left,Failed to Yield Right of Way,Had Been Drinking,,,,,,,Yes,,Yes,,,,,Yes,,Yes,,,,164,Wellington Place,77,Waterfront Communities-The Island (77),D14,628899.530630334,4833334.05211372
7138,81648745,2000518219,3/20/2022 4:00:00 AM,252,BATHURST ST,NIAGARA ST,,Major Arterial,Toronto and East York,43.641841,-79.401851,At Intersection,Traffic Signal,Rain,"Dark, artificial",Wet,Non-Fatal Injury,Pedestrian Collisions,Pedestrian,25 to 29,Major,,North,,,,,Vehicle turns left while ped crosses with ROW at inter.,Crossing with right of way,Normal,,,,Yes,,Yes,,,,,Yes,,Yes,,,,164,Wellington Place,77,Waterfront Communities-The Island (77),D14,628899.530630334,4833334.05211372
7139,81648746,2000518219,3/20/2022 4:00:00 AM,252,BATHURST ST,NIAGARA ST,,Major Arterial,Toronto and East York,43.641841,-79.401851,At Intersection,Traffic Signal,Rain,"Dark, artificial",Wet,Non-Fatal Injury,Pedestrian Collisions,Pedestrian,15 to 19,Minimal,,,,,,,,,Normal,,,,Yes,,Yes,,,,,Yes,,Yes,,,,164,Wellington Place,77,Waterfront Communities-The Island (77),D14,628899.530630334,4833334.05211372
7140,81648747,2000518219,3/20/2022 4:00:00 AM,252,BATHURST ST,NIAGARA ST,,Major Arterial,Toronto and East York,43.641841,-79.401851,At Intersection,Traffic Signal,Rain,"Dark, artificial",Wet,Non-Fatal Injury,Pedestrian Collisions,Passenger,30 to 34,None,,,,,,,,,,,,,Yes,,Yes,,,,,Yes,,Yes,,,,164,Wellington Place,77,Waterfront Communities-The Island (77),D14,628899.530630334,4833334.05211372
7141,81648748,2000518219,3/20/2022 4:00:00 AM,252,BATHURST ST,NIAGARA ST,,Major Arterial,Toronto and East York,43.641841,-79.401851,At Intersection,Traffic Signal,Rain,"Dark, artificial",Wet,Non-Fatal Injury,Pedestrian Collisions,Passenger,30 to 34,None,,,,,,,,,,,,,Yes,,Yes,,,,,Yes,,Yes,,,,164,Wellington Place,77,Waterfront Communities-The Island (77),D14,628899.530630334,4833334.05211372
7142,81631590,2000598961,3/31/2022 4:00:00 AM,1736,LAKE SHORE BLVD W,SUPERIOR AVE,,Major Arterial,Etobicoke York,43.614878,-79.48862,At Intersection,Traffic Signal,Clear,Daylight,Dry,Fatal,Pedestrian Collisions,Pedestrian,40 to 44,Fatal,11,South,,,,,Vehicle is going straight thru inter.while ped cross with ROW,Crossing with right of way,Normal,,,,Yes,,Yes,,,,,,,Yes,Yes,,,161,Humber Bay Shores,17,Mimico (includes Humber Bay Shores) (17),D22,621955.582599514,4830208.37821647
7143,81631597,2000598961,3/31/2022 4:00:00 AM,1736,LAKE SHORE BLVD W,SUPERIOR AVE,,Major Arterial,Etobicoke York,43.614878,-79.48862,At Intersection,Traffic Signal,Clear,Daylight,Dry,Fatal,Pedestrian Collisions,Driver,35 to 39,Fatal,12,East,"Automobile, Station Wagon",Going Ahead,Disobeyed Traffic Control,Inattentive,,,,,,,Yes,,Yes,,,,,,,Yes,Yes,,,161,Humber Bay Shores,17,Mimico (includes Humber Bay Shores) (17),D22,621955.582599514,4830208.37821647
7144,81631723,2000598961,3/31/2022 4:00:00 AM,1736,LAKE SHORE BLVD W,SUPERIOR AVE,,Major Arterial,Etobicoke York,43.614878,-79.48862,At Intersection,Traffic Signal,Clear,Daylight,Dry,Fatal,Pedestrian Collisions,Pedestrian,75 to 79,Fatal,10,South,,,,,Vehicle is going straight thru inter.while ped cross with ROW,Crossing with right of way,Normal,,,,Yes,,Yes,,,,,,,Yes,Yes,,,161,Humber Bay Shores,17,Mimico (includes Humber Bay Shores) (17),D22,621955.582599514,4830208.37821647
7145,81679675,2000598961,3/31/2022 4:00:00 AM,1736,LAKE SHORE BLVD W,SUPERIOR AVE,,Major Arterial,Etobicoke York,43.614878,-79.48862,At Intersection,Traffic Signal,Clear,Daylight,Dry,Fatal,Pedestrian Collisions,Other,unknown,None,11,East,Other,Parked,,,,,,,,,Yes,,Yes,,,,,,,Yes,Yes,,,161,Humber Bay Shores,17,Mimico (includes Humber Bay Shores) (17),D22,621955.582599514,4830208.37821647
7146,81679676,2000598961,3/31/2022 4:00:00 AM,1736,LAKE SHORE BLVD W,SUPERIOR AVE,,Major Arterial,Etobicoke York,43.614878,-79.48862,At Intersection,Traffic Signal,Clear,Daylight,Dry,Fatal,Pedestrian Collisions,Other,unknown,None,11,East,"Automobile, Station Wagon",Parked,,,,,,,,,Yes,,Yes,,,,,,,Yes,Yes,,,161,Humber Bay Shores,17,Mimico (includes Humber Bay Shores) (17),D22,621955.582599514,4830208.37821647
7147,81679677,2000598961,3/31/2022 4:00:00 AM,1736,LAKE SHORE BLVD W,SUPERIOR AVE,,Major Arterial,Etobicoke York,43.614878,-79.48862,At Intersection,Traffic Signal,Clear,Daylight,Dry,Fatal,Pedestrian Collisions,Other,unknown,None,11,East,"Automobile, Station Wagon",Parked,,,,,,,,,Yes,,Yes,,,,,,,Yes,Yes,,,161,Humber Bay Shores,17,Mimico (includes Humber Bay Shores) (17),D22,621955.582599514,4830208.37821647
7148,81679678,2000598961,3/31/2022 4:00:00 AM,1736,LAKE SHORE BLVD W,SUPERIOR AVE,,Major Arterial,Etobicoke York,43.614878,-79.48862,At Intersection,Traffic Signal,Clear,Daylight,Dry,Fatal,Pedestrian Collisions,Other,unknown,None,11,East,"Automobile, Station Wagon",Parked,,,,,,,,,Yes,,Yes,,,,,,,Yes,Yes,,,161,Humber Bay Shores,17,Mimico (includes Humber Bay Shores) (17),D22,621955.582599514,4830208.37821647
7149,81631592,2000627947,4/5/2022 4:00:00 AM,125,LANSDOWNE AVE,LAPPIN AVE,,Minor Arterial,Etobicoke York,43.664824,-79.445697,Non Intersection,No Control,Clear,"Dark, artificial",Dry,Fatal,Pedestrian Collisions,Pedestrian,45 to 49,Fatal,13,Unknown,,,,,Pedestrian hit at mid-block,"Crossing, no Traffic Control",Inattentive,,,,Yes,,Yes,,,,,,,,,,,171,Junction-Wallace Emerson,93,Dovercourt-Wallace Emerson-Junction (93),D11,625315.262918397,4835819.45224089
7150,81631722,2000627947,4/5/2022 4:00:00 AM,125,LANSDOWNE AVE,LAPPIN AVE,,Minor Arterial,Etobicoke York,43.664824,-79.445697,Non Intersection,No Control,Clear,"Dark, artificial",Dry,Fatal,Pedestrian Collisions,Driver,40 to 44,None,,South,Pick Up Truck,Going Ahead,Driving Properly,Normal,,,,,,,Yes,,Yes,,,,,,,,,,,171,Junction-Wallace Emerson,93,Dovercourt-Wallace Emerson-Junction (93),D11,625315.262918397,4835819.45224089
7151,81631725,2000630643,4/5/2022 4:00:00 AM,1230,FINCH AVE W,400 S FINCH E RAMP,,Major Arterial,Etobicoke York,43.753958,-79.532718,Non Intersection,No Control,Clear,Daylight,Dry,Fatal,Pedestrian Collisions,Driver,35 to 39,None,,West,Truck-Tractor,Going Ahead,Driving Properly,Normal,,,,,,,Yes,,,,Yes,,,,,,,,,22,Humbermede,22,Humbermede (22),D31,618123.940213127,4845591.25109732
7152,81636142,2000630643,4/5/2022 4:00:00 AM,1230,FINCH AVE W,400 S FINCH E RAMP,,Major Arterial,Etobicoke York,43.753958,-79.532718,Non Intersection,No Control,Clear,Daylight,Dry,Fatal,Pedestrian Collisions,Pedestrian,60 to 64,Fatal,14,West,,,,,Pedestrian hit at mid-block,Walking on Roadway with Traffic,Inattentive,,,,Yes,,,,Yes,,,,,,,,,22,Humbermede,22,Humbermede (22),D31,618123.940213127,4845591.25109732
7153,81636141,2000692125,4/14/2022 4:00:00 AM,316,SPADINA AVE,KING ST W,,Major Arterial,Toronto and East York,43.644992,-79.394862,Non Intersection,No Control,Rain,"Dark, artificial",Wet,Fatal,Pedestrian Collisions,Pedestrian,30 to 34,Fatal,16,East,,,,,Pedestrian hit at mid-block,"Crossing, no Traffic Control",Normal,,,,Yes,,Yes,,,,,,Yes,Yes,,,,164,Wellington Place,77,Waterfront Communities-The Island (77),D14,629456.469671196,4833694.88957058
7154,81636143,2000692125,4/14/2022 4:00:00 AM,316,SPADINA AVE,KING ST W,,Major Arterial,Toronto and East York,43.644992,-79.394862,Non Intersection,No Control,Rain,"Dark, artificial",Wet,Fatal,Pedestrian Collisions,Driver,unknown,None,,South,"Automobile, Station Wagon",Going Ahead,Exceeding Speed Limit,Unknown,,,,,,,Yes,,Yes,,,,,,Yes,Yes,,,,164,Wellington Place,77,Waterfront Communities-The Island (77),D14,629456.469671196,4833694.88957058
7155,81636139,2000699120,4/15/2022 4:00:00 AM,43,DON VALLEY PARKWAY  S,LEASIDE BDGE,,Expressway,Toronto and East York,43.697924,-79.350124,Non Intersection,No Control,Clear,"Dark, artificial",Dry,Fatal,Pedestrian Collisions,Pedestrian,35 to 39,Fatal,15,Unknown,,,,,Other / Undefined,Other,Unknown,,,,Yes,,Yes,,,,,,,,,,,57,Broadview North,57,Broadview North (57),D55,632947.759860506,4839644.46513079
7156,81636140,2000699120,4/15/2022 4:00:00 AM,43,DON VALLEY PARKWAY  S,LEASIDE BDGE,,Expressway,Toronto and East York,43.697924,-79.350124,Non Intersection,No Control,Clear,"Dark, artificial",Dry,Fatal,Pedestrian Collisions,Driver,60 to 64,None,,South,"Automobile, Station Wagon",Going Ahead,Driving Properly,Normal,,,,,,,Yes,,Yes,,,,,,,,,,,57,Broadview North,57,Broadview North (57),D55,632947.759860506,4839644.46513079
7157,81651014,2000709624,4/16/2022 4:00:00 AM,1635,GERRARD ST W,ELIZABETH ST,30 m East of,Minor Arterial,Toronto and East York,43.658164,-79.385913,Non Intersection,No Control,Clear,Daylight,Dry,Non-Fatal Injury,Pedestrian Collisions,Driver,35 to 39,None,,West,"Automobile, Station Wagon",Going Ahead,Driving Properly,Normal,,,,,,,Yes,,Yes,,,,,,,,,,,170,Yonge-Bay Corridor,76,Bay Street Corridor (76),D52,630149.770663925,4835171.81122205
7158,81651015,2000709624,4/16/2022 4:00:00 AM,1635,GERRARD ST W,ELIZABETH ST,30 m East of,Minor Arterial,Toronto and East York,43.658164,-79.385913,Non Intersection,No Control,Clear,Daylight,Dry,Non-Fatal Injury,Pedestrian Collisions,Pedestrian,55 to 59,Major,,South,,,,,Pedestrian hit at mid-block,"Crossing, no Traffic Control",Inattentive,,,,Yes,,Yes,,,,,,,,,,,170,Yonge-Bay Corridor,76,Bay Street Corridor (76),D52,630149.770663925,4835171.81122205
7159,81647780,2000718408,4/18/2022 4:00:00 AM,554,MARTIN GROVE RD,GARFELLA DR,5 m South of,Minor Arterial,Etobicoke York,43.744216,-79.595325,At Intersection,Traffic Signal,Clear,"Dark, artificial",Dry,Non-Fatal Injury,Pedestrian Collisions,Driver,25 to 29,None,,West,"Automobile, Station Wagon",Turning Left,Driving Properly,Inattentive,,,,,,,Yes,,Yes,,,,,,,,,,,2,Mount Olive-Silverstone-Jamestown,2,Mount Olive-Silverstone-Jamestown (2),D23,613102.059439177,4844421.88458314
7160,81647781,2000718408,4/18/2022 4:00:00 AM,554,MARTIN GROVE RD,GARFELLA DR,5 m South of,Minor Arterial,Etobicoke York,43.744216,-79.595325,At Intersection,Traffic Signal,Clear,"Dark, artificial",Dry,Non-Fatal Injury,Pedestrian Collisions,Pedestrian,40 to 44,Major,,East,,,,,Vehicle turns left while ped crosses with ROW at inter.,Crossing with right of way,Normal,,,,Yes,,Yes,,,,,,,,,,,2,Mount Olive-Silverstone-Jamestown,2,Mount Olive-Silverstone-Jamestown (2),D23,613102.059439177,4844421.88458314
7161,81650985,2000768413,4/25/2022 4:00:00 AM,1345,452 DANFORTH AVE,,30 m West of,Major Arterial,Toronto and East York,43.677825,-79.350108,Non Intersection,No Control,Rain,Daylight,Wet,Non-Fatal Injury,Pedestrian Collisions,Moped Driver,35 to 39,Minimal,,West,Moped,Going Ahead,Speed too Fast For Condition,Inattentive,,,,,,,Yes,Yes,,,,,,,Yes,Yes,,,,68,North Riverdale,68,North Riverdale (68),D55,632993.461971135,4837412.21804037
7162,81650986,2000768413,4/25/2022 4:00:00 AM,1345,452 DANFORTH AVE,,30 m West of,Major Arterial,Toronto and East York,43.677825,-79.350108,Non Intersection,No Control,Rain,Daylight,Wet,Non-Fatal Injury,Pedestrian Collisions,Pedestrian,5 to 9,Major,,North,,,,,Pedestrian hit at mid-block,Person Getting on/off Vehicle,Inattentive,,,,Yes,Yes,,,,,,,Yes,Yes,,,,68,North Riverdale,68,North Riverdale (68),D55,632993.461971135,4837412.21804037
7163,81636304,2000774562,4/26/2022 4:00:00 AM,1149,BLUFFWOOD DR,STEELES AVE E,,Major Arterial,North York,43.807639,-79.376056,At Intersection,Traffic Signal,Clear,Daylight,Dry,Fatal,Pedestrian Collisions,Pedestrian,Over 95,Fatal,17,West,,,,,Vehicle turns right while ped crosses with ROW at inter.,Crossing with right of way,Inattentive,,,,Yes,,Yes,,,,,,,,,,,49,Bayview Woods-Steeles,49,Bayview Woods-Steeles (49),D33,630619.21794978,4851788.70294869
7164,81636305,2000774562,4/26/2022 4:00:00 AM,1149,BLUFFWOOD DR,STEELES AVE E,,Major Arterial,North York,43.807639,-79.376056,At Intersection,Traffic Signal,Clear,Daylight,Dry,Fatal,Pedestrian Collisions,Driver,60 to 64,None,,North,"Automobile, Station Wagon",Turning Right,Improper Turn,Inattentive,,,,,,,Yes,,Yes,,,,,,,,,,,49,Bayview Woods-Steeles,49,Bayview Woods-Steeles (49),D33,630619.21794978,4851788.70294869
7165,81646929,2000785196,4/27/2022 4:00:00 AM,2135,MORNINGSIDE AVE,FINCH AVE E,,Minor Arterial,Scarborough,43.819625,-79.221034,At Intersection,Traffic Signal,Clear,"Dark, artificial",Dry,Non-Fatal Injury,Pedestrian Collisions,Driver,25 to 29,None,,South,"Automobile, Station Wagon",Turning Left,Exceeding Speed Limit,Inattentive,,,,,,,Yes,,Yes,,,,,Yes,Yes,Yes,,,,145,Malvern West,132,Malvern (132),D42,643059.664646519,4853376.34436278
7166,81646930,2000785196,4/27/2022 4:00:00 AM,2135,MORNINGSIDE AVE,FINCH AVE E,,Minor Arterial,Scarborough,43.819625,-79.221034,At Intersection,Traffic Signal,Clear,"Dark, artificial",Dry,Non-Fatal Injury,Pedestrian Collisions,Passenger,25 to 29,None,,,,,,,,,,,,,Yes,,Yes,,,,,Yes,Yes,Yes,,,,145,Malvern West,132,Malvern (132),D42,643059.664646519,4853376.34436278
7167,81646931,2000785196,4/27/2022 4:00:00 AM,2135,MORNINGSIDE AVE,FINCH AVE E,,Minor Arterial,Scarborough,43.819625,-79.221034,At Intersection,Traffic Signal,Clear,"Dark, artificial",Dry,Non-Fatal Injury,Pedestrian Collisions,Passenger,25 to 29,None,,,,,,,,,,,,,Yes,,Yes,,,,,Yes,Yes,Yes,,,,145,Malvern West,132,Malvern (132),D42,643059.664646519,4853376.34436278
7168,81646932,2000785196,4/27/2022 4:00:00 AM,2135,MORNINGSIDE AVE,FINCH AVE E,,Minor Arterial,Scarborough,43.819625,-79.221034,At Intersection,Traffic Signal,Clear,"Dark, artificial",Dry,Non-Fatal Injury,Pedestrian Collisions,Pedestrian,20 to 24,Major,,North,,,,,Vehicle turns left while ped crosses with ROW at inter.,Crossing with right of way,Normal,,,,Yes,,Yes,,,,,Yes,Yes,Yes,,,,145,Malvern West,132,Malvern (132),D42,643059.664646519,4853376.34436278
7169,81651031,2000850476,5/7/2022 4:00:00 AM,935,REINER RD,FAYWOOD BLVD,,Collector,,43.749636,-79.450214,At Intersection,Stop Sign,Clear,Daylight,Dry,Non-Fatal Injury,Pedestrian Collisions,Driver,50 to 54,None,,South,"Automobile, Station Wagon",Turning Left,Failed to Yield Right of Way,Inattentive,,,,,,,Yes,,Yes,,,,,,,Yes,,,,33,Clanton Park,33,Clanton Park (33),D32,624774.982623461,4845232.19631195
7170,81651032,2000850476,5/7/2022 4:00:00 AM,935,REINER RD,FAYWOOD BLVD,,Collector,,43.749636,-79.450214,At Intersection,Stop Sign,Clear,Daylight,Dry,Non-Fatal Injury,Pedestrian Collisions,Pedestrian,70 to 74,Major,,North,,,,,Vehicle turns left while ped crosses with ROW at inter.,Crossing with right of way,Normal,,,,Yes,,Yes,,,,,,,Yes,,,,33,Clanton Park,33,Clanton Park (33),D32,624774.982623461,4845232.19631195
7171,81647068,2000874869,5/10/2022 4:00:00 AM,1728,ELLESMERE RD,MIDLAND AVE,,Major Arterial,Scarborough,43.767852,-79.271076,At Intersection,Traffic Signal,Clear,Daylight,Dry,Non-Fatal Injury,Pedestrian Collisions,Driver,55 to 59,None,,East,"Automobile, Station Wagon",Going Ahead,Driving Properly,Inattentive,,,,,,,Yes,,Yes,,,,,,,,,,,156,Bendale-Glen Andrew,127,Bendale (127),D41,639155.49725065,4847540.80267182
7172,81647069,2000874869,5/10/2022 4:00:00 AM,1728,ELLESMERE RD,MIDLAND AVE,,Major Arterial,Scarborough,43.767852,-79.271076,At Intersection,Traffic Signal,Clear,Daylight,Dry,Non-Fatal Injury,Pedestrian Collisions,Pedestrian,10 to 14,Major,,South,,,,,Vehicle is going straight thru inter.while ped cross without ROW,Crossing without right of way,Inattentive,,,,Yes,,Yes,,,,,,,,,,,156,Bendale-Glen Andrew,127,Bendale (127),D41,639155.49725065,4847540.80267182
7173,81703375,2000933204,5/18/2022 4:00:00 AM,1642,WILSON AVE,KEELE ST,,Major Arterial,North York,43.726569,-79.482028,At Intersection,Traffic Signal,Clear,Daylight,Dry,Non-Fatal Injury,Pedestrian Collisions,Driver,70 to 74,None,,West,"Automobile, Station Wagon",Turning Left,Failed to Yield Right of Way,Normal,,,,,,,Yes,,Yes,,,,,,,Yes,,,,155,Downsview,26,Downsview-Roding-CFB (26),D31,622260.518120435,4842622.84330567
7174,81703376,2000933204,5/18/2022 4:00:00 AM,1642,WILSON AVE,KEELE ST,,Major Arterial,North York,43.726569,-79.482028,At Intersection,Traffic Signal,Clear,Daylight,Dry,Non-Fatal Injury,Pedestrian Collisions,Pedestrian,50 to 54,Major,,East,,Going Ahead,,,Vehicle turns left while ped crosses with ROW at inter.,Crossing with right of way,Normal,,,,Yes,,Yes,,,,,,,Yes,,,,155,Downsview,26,Downsview-Roding-CFB (26),D31,622260.518120435,4842622.84330567
7175,81648101,2000962188,5/22/2022 4:00:00 AM,1443,DUFFERIN ST,CROATIA ST,,Major Arterial,Toronto and East York,43.658274,-79.434741,At Intersection,Stop Sign,Clear,Daylight,Dry,Non-Fatal Injury,Pedestrian Collisions,Driver,60 to 64,None,,East,"Automobile, Station Wagon",Turning Left,Failed to Yield Right of Way,Inattentive,,,,,,,Yes,,Yes,,,,,Yes,,Yes,,,,83,Dufferin Grove,83,Dufferin Grove (83),D14,626212.319950746,4835108.59567223
7176,81648102,2000962188,5/22/2022 4:00:00 AM,1443,DUFFERIN ST,CROATIA ST,,Major Arterial,Toronto and East York,43.658274,-79.434741,At Intersection,Stop Sign,Clear,Daylight,Dry,Non-Fatal Injury,Pedestrian Collisions,Passenger,40 to 44,None,,,,,,,,,,,,,Yes,,Yes,,,,,Yes,,Yes,,,,83,Dufferin Grove,83,Dufferin Grove (83),D14,626212.319950746,4835108.59567223
7177,81648103,2000962188,5/22/2022 4:00:00 AM,1443,DUFFERIN ST,CROATIA ST,,Major Arterial,Toronto and East York,43.658274,-79.434741,At Intersection,Stop Sign,Clear,Daylight,Dry,Non-Fatal Injury,Pedestrian Collisions,Pedestrian,65 to 69,Major,,West,,,,,Vehicle turns left while ped crosses without ROW at inter.,Crossing without right of way,Inattentive,,,,Yes,,Yes,,,,,Yes,,Yes,,,,83,Dufferin Grove,83,Dufferin Grove (83),D14,626212.319950746,4835108.59567223
7178,81705171,2001021476,5/30/2022 4:00:00 AM,2012,THE DONWAY E,GUYTOI CRT,3 m North of,Minor Arterial,North York,43.732337,-79.341464,Intersection Related,No Control,Clear,"Dusk, artificial",Dry,Non-Fatal Injury,Pedestrian Collisions,Driver,30 to 34,None,,East,"Automobile, Station Wagon",Going Ahead,Driving Properly,Normal,,,,,,,Yes,,Yes,,,,,,,,,,,42,Banbury-Don Mills,42,Banbury-Don Mills (42),D33,633569.114641285,4843480.44652277
7179,81705172,2001021476,5/30/2022 4:00:00 AM,2012,THE DONWAY E,GUYTOI CRT,3 m North of,Minor Arterial,North York,43.732337,-79.341464,Intersection Related,No Control,Clear,"Dusk, artificial",Dry,Non-Fatal Injury,Pedestrian Collisions,Pedestrian,20 to 24,Major,,North,,,,,Vehicle is going straight thru inter.while ped cross without ROW,Running onto Roadway,Other,,,,Yes,,Yes,,,,,,,,,,,42,Banbury-Don Mills,42,Banbury-Don Mills (42),D33,633569.114641285,4843480.44652277
7180,81651399,2001048848,6/3/2022 4:00:00 AM,1240,25 RIPLEY AVE,,1 m South of,Local,,43.637358,-79.474689,Non Intersection,No Control,Clear,Daylight,Dry,Non-Fatal Injury,Pedestrian Collisions,Driver,45 to 49,None,,North,Delivery Van,Going Ahead,Other,Inattentive,,,,,,,Yes,,Yes,,,,,,Yes,Yes,,,,87,High Park-Swansea,87,High Park-Swansea (87),D11,623033.837900975,4832725.61555468
7181,81651400,2001048848,6/3/2022 4:00:00 AM,1240,25 RIPLEY AVE,,1 m South of,Local,,43.637358,-79.474689,Non Intersection,No Control,Clear,Daylight,Dry,Non-Fatal Injury,Pedestrian Collisions,Pedestrian,30 to 34,Major,,,,,,,Pedestrian hit at mid-block,Pushing/Working on Vehicle,Normal,,,,Yes,,Yes,,,,,,Yes,Yes,,,,87,High Park-Swansea,87,High Park-Swansea (87),D11,623033.837900975,4832725.61555468
7182,81650009,2001063847,6/5/2022 4:00:00 AM,1625,KING ST W,CLOSE AVE,30 m West of,Major Arterial,Toronto and East York,43.637389,-79.43468,Non Intersection,No Control,Clear,Daylight,Dry,Non-Fatal Injury,Pedestrian Collisions,Driver,30 to 34,Minimal,,East,"Automobile, Station Wagon",Going Ahead,Driving Properly,Normal,,,,,,,Yes,,Yes,,,,,,,,,,,85,South Parkdale,85,South Parkdale (85),D14,626260.989055428,4832789.13915163
7183,81650010,2001063847,6/5/2022 4:00:00 AM,1625,KING ST W,CLOSE AVE,30 m West of,Major Arterial,Toronto and East York,43.637389,-79.43468,Non Intersection,No Control,Clear,Daylight,Dry,Non-Fatal Injury,Pedestrian Collisions,Pedestrian,25 to 29,Major,,South,,,,,Pedestrian hit at mid-block,Running onto Roadway,Inattentive,,,,Yes,,Yes,,,,,,,,,,,85,South Parkdale,85,South Parkdale (85),D14,626260.989055428,4832789.13915163
7184,81657670,2001109273,6/11/2022 4:00:00 AM,1236,YONGE ST,ALBERTUS AVE,10 m South o,Major Arterial,North York,43.714495,-79.400012,Intersection Related,No Control,Clear,"Dark, artificial",Dry,Non-Fatal Injury,Pedestrian Collisions,Driver,65 to 69,None,,South,"Automobile, Station Wagon",Going Ahead,Driving Properly,Normal,,,,,,,Yes,,Yes,,,,,,,,,,,99,Mount Pleasant East,99,Mount Pleasant East (99),D53,628892.200512624,4841406.12222929
7185,81657671,2001109273,6/11/2022 4:00:00 AM,1236,YONGE ST,ALBERTUS AVE,10 m South o,Major Arterial,North York,43.714495,-79.400012,Intersection Related,No Control,Clear,"Dark, artificial",Dry,Non-Fatal Injury,Pedestrian Collisions,Pedestrian,20 to 24,Major,,,,,,,Pedestrian hit at mid-block,"Crossing, no Traffic Control",Inattentive,,,,Yes,,Yes,,,,,,,,,,,99,Mount Pleasant East,99,Mount Pleasant East (99),D53,628892.200512624,4841406.12222929
7186,81666383,2001126945,6/14/2022 4:00:00 AM,1159,836 BLOOR ST W,,2 m South of,Major Arterial,Toronto and East York,43.662306,-79.423663,Non Intersection,No Control,Clear,Daylight,Dry,Non-Fatal Injury,Pedestrian Collisions,Cyclist,20 to 24,Minimal,,West,Bicycle,Going Ahead,,,,,,Cyclist strikes pedestrian.,Driving Properly,Unknown,Yes,Yes,,,,,,,,,,,,80,Palmerston-Little Italy,80,Palmerston-Little Italy (80),D14,627097.078894574,4835573.31309338
7187,81666384,2001126945,6/14/2022 4:00:00 AM,1159,836 BLOOR ST W,,2 m South of,Major Arterial,Toronto and East York,43.662306,-79.423663,Non Intersection,No Control,Clear,Daylight,Dry,Non-Fatal Injury,Pedestrian Collisions,Pedestrian,75 to 79,Major,,North,,,,,Pedestrian hit at mid-block,"Crossing, no Traffic Control",Inattentive,,,,Yes,Yes,,,,,,,,,,,,80,Palmerston-Little Italy,80,Palmerston-Little Italy (80),D14,627097.078894574,4835573.31309338