OBJECTID,INDEX,ACCNUM,DATE,TIME,STREET1,STREET2,OFFSET,ROAD_CLASS,DISTRICT,LATITUDE,LONGITUDE,ACCLOC,TRAFFCTL,VISIBILITY,LIGHT,RDSFCOND,ACCLASS,IMPACTYPE,INVTYPE,INVAGE,INJURY,FATAL_NO,INITDIR,VEHTYPE,MANOEUVER,DRIVACT,DRIVCOND,PEDTYPE,PEDACT,PEDCOND,CYCLISTYPE,CYCACT,CYCCOND,PEDESTRIAN,CYCLIST,AUTOMOBILE,MOTORCYCLE,TRUCK,TRSN_CITY_VEH,EMERG_VEH,PASSENGER,SPEEDING,AG_DRIV,REDLIGHT,ALCOHOL,DISABILITY,HOOD_158,NEIGHBOURHOOD_158,HOOD_140,NEIGHBOURHOOD_140,DIVISION,x,y
7188,81646621,2001159151,6/18/2022 4:00:00 AM,1855,GAMBLE AVE,PAPE AVE,,Major Arterial,Toronto and East York,43.690329,-79.349132,At Intersection,Stop Sign,Clear,Daylight,Dry,Non-Fatal Injury,Pedestrian Collisions,Driver,60 to 64,None,,East,"Automobile, Station Wagon",Going Ahead,Failed to Yield Right of Way,Inattentive,,,,,,,Yes,,Yes,,,,,,,Yes,,,,58,Old East York,58,Old East York (58),D55,633044.491089807,4838802.52531756
7189,81646622,2001159151,6/18/2022 4:00:00 AM,1855,GAMBLE AVE,PAPE AVE,,Major Arterial,Toronto and East York,43.690329,-79.349132,At Intersection,Stop Sign,Clear,Daylight,Dry,Non-Fatal Injury,Pedestrian Collisions,Pedestrian,60 to 64,Major,,South,,,,,Vehicle is going straight thru inter.while ped cross with ROW,Crossing with right of way,Normal,,,,Yes,,Yes,,,,,,,Yes,,,,58,Old East York,58,Old East York (58),D55,633044.491089807,4838802.52531756
7190,81646430,2001159560,6/18/2022 4:00:00 AM,2015,BRIMLEY RD,EGLINTON AVE E,,Major Arterial,Scarborough,43.736624,-79.24805,At Intersection,Traffic Signal,Clear,Daylight,Dry,Non-Fatal Injury,Pedestrian Collisions,Driver,35 to 39,None,,North,"Automobile, Station Wagon",Turning Left,Improper Turn,Inattentive,,,,,,,Yes,,Yes,,,,,,,,,,,124,Kennedy Park,124,Kennedy Park (124),D41,641082.169701479,4844111.41052834
7191,81646431,2001159560,6/18/2022 4:00:00 AM,2015,BRIMLEY RD,EGLINTON AVE E,,Major Arterial,Scarborough,43.736624,-79.24805,At Intersection,Traffic Signal,Clear,Daylight,Dry,Non-Fatal Injury,Pedestrian Collisions,Pedestrian,25 to 29,Major,,South,,,,,Vehicle turns left while ped crosses with ROW at inter.,Crossing with right of way,Normal,,,,Yes,,Yes,,,,,,,,,,,124,Kennedy Park,124,Kennedy Park (124),D41,641082.169701479,4844111.41052834
7192,81645403,2001166978,6/20/2022 4:00:00 AM,47,MARKHAM RD,BLAKEMANOR BLVD,,Major Arterial,Scarborough,43.749045,-79.221446,Non Intersection,No Control,Clear,"Dark, artificial",Dry,Fatal,Pedestrian Collisions,Pedestrian,30 to 34,Fatal,22,West,,,,,Pedestrian hit at mid-block,Running onto Roadway,Other,,,,Yes,,,,,Yes,,,,,,,,141,Golfdale-Cedarbrae-Woburn,137,Woburn (137),D43,643194.962052769,4845536.59899077
7193,81645404,2001166978,6/20/2022 4:00:00 AM,47,MARKHAM RD,BLAKEMANOR BLVD,,Major Arterial,Scarborough,43.749045,-79.221446,Non Intersection,No Control,Clear,"Dark, artificial",Dry,Fatal,Pedestrian Collisions,Driver,30 to 34,None,,North,Municipal Transit Bus (TTC),Going Ahead,Driving Properly,Normal,,,,,,,Yes,,,,,Yes,,,,,,,,141,Golfdale-Cedarbrae-Woburn,137,Woburn (137),D43,643194.962052769,4845536.59899077
7194,81645405,2001175617,6/21/2022 4:00:00 AM,906,28 TREMONT CRES,,,Local,North York,43.736521,-79.352756,Non Intersection,No Control,Clear,Daylight,Dry,Fatal,Pedestrian Collisions,Pedestrian,85 to 89,Fatal,23,East,,,,,Vehicle is reversing and hits pedestrian,Walking on Roadway Against Traffic,Normal,,,,Yes,,,,Yes,,,,,,,,,42,Banbury-Don Mills,42,Banbury-Don Mills (42),D33,632650.472861083,4843927.00031265
7195,81645406,2001175617,6/21/2022 4:00:00 AM,906,28 TREMONT CRES,,,Local,North York,43.736521,-79.352756,Non Intersection,No Control,Clear,Daylight,Dry,Fatal,Pedestrian Collisions,Driver,35 to 39,Minimal,,West,Truck (other),Reversing,Other,Normal,,,,,,,Yes,,,,Yes,,,,,,,,,42,Banbury-Don Mills,42,Banbury-Don Mills (42),D33,632650.472861083,4843927.00031265
7196,81645438,2001252821,7/1/2022 4:00:00 AM,2341,WELLINGTON ST W,UNIVERSITY AVE,,Major Arterial,Toronto and East York,43.646311,-79.384059,At Intersection,Traffic Signal,Clear,"Dark, artificial",Wet,Fatal,Pedestrian Collisions,Pedestrian,25 to 29,Fatal,25,Unknown,,,,,Vehicle is going straight thru inter.while ped cross with ROW,Crossing with right of way,Normal,,,,Yes,,Yes,,,,,Yes,,Yes,Yes,Yes,,170,Yonge-Bay Corridor,76,Bay Street Corridor (76),D52,630324.902546037,4833858.28965038
7197,81645444,2001252821,7/1/2022 4:00:00 AM,2341,WELLINGTON ST W,UNIVERSITY AVE,,Major Arterial,Toronto and East York,43.646311,-79.384059,At Intersection,Traffic Signal,Clear,"Dark, artificial",Wet,Fatal,Pedestrian Collisions,Driver,25 to 29,None,,West,"Automobile, Station Wagon",Going Ahead,Disobeyed Traffic Control,"Ability Impaired, Alcohol Over .08",,,,,,,Yes,,Yes,,,,,Yes,,Yes,Yes,Yes,,170,Yonge-Bay Corridor,76,Bay Street Corridor (76),D52,630324.902546037,4833858.28965038
7198,81651482,2001252821,7/1/2022 4:00:00 AM,2341,WELLINGTON ST W,UNIVERSITY AVE,,Major Arterial,Toronto and East York,43.646311,-79.384059,At Intersection,Traffic Signal,Clear,"Dark, artificial",Wet,Fatal,Pedestrian Collisions,Pedestrian,30 to 34,Major,,Unknown,,,,,Pedestrian hit on sidewalk or shoulder,On Sidewalk or Shoulder,Normal,,,,Yes,,Yes,,,,,Yes,,Yes,Yes,Yes,,170,Yonge-Bay Corridor,76,Bay Street Corridor (76),D52,630324.902546037,4833858.28965038
7199,81651483,2001252821,7/1/2022 4:00:00 AM,2341,WELLINGTON ST W,UNIVERSITY AVE,,Major Arterial,Toronto and East York,43.646311,-79.384059,At Intersection,Traffic Signal,Clear,"Dark, artificial",Wet,Fatal,Pedestrian Collisions,Passenger,30 to 34,None,,Unknown,,,,,,,,,,,Yes,,Yes,,,,,Yes,,Yes,Yes,Yes,,170,Yonge-Bay Corridor,76,Bay Street Corridor (76),D52,630324.902546037,4833858.28965038
7200,81651484,2001252821,7/1/2022 4:00:00 AM,2341,WELLINGTON ST W,UNIVERSITY AVE,,Major Arterial,Toronto and East York,43.646311,-79.384059,At Intersection,Traffic Signal,Clear,"Dark, artificial",Wet,Fatal,Pedestrian Collisions,Driver,50 to 54,Minimal,,North,"Automobile, Station Wagon",Going Ahead,Driving Properly,Normal,,,,,,,Yes,,Yes,,,,,Yes,,Yes,Yes,Yes,,170,Yonge-Bay Corridor,76,Bay Street Corridor (76),D52,630324.902546037,4833858.28965038
7201,81651485,2001252821,7/1/2022 4:00:00 AM,2341,WELLINGTON ST W,UNIVERSITY AVE,,Major Arterial,Toronto and East York,43.646311,-79.384059,At Intersection,Traffic Signal,Clear,"Dark, artificial",Wet,Fatal,Pedestrian Collisions,Passenger,30 to 34,Minor,,,,,,,,,,,,,Yes,,Yes,,,,,Yes,,Yes,Yes,Yes,,170,Yonge-Bay Corridor,76,Bay Street Corridor (76),D52,630324.902546037,4833858.28965038
7202,81651486,2001252821,7/1/2022 4:00:00 AM,2341,WELLINGTON ST W,UNIVERSITY AVE,,Major Arterial,Toronto and East York,43.646311,-79.384059,At Intersection,Traffic Signal,Clear,"Dark, artificial",Wet,Fatal,Pedestrian Collisions,Passenger,30 to 34,Minimal,,,,,,,,,,,,,Yes,,Yes,,,,,Yes,,Yes,Yes,Yes,,170,Yonge-Bay Corridor,76,Bay Street Corridor (76),D52,630324.902546037,4833858.28965038
7203,81651487,2001252821,7/1/2022 4:00:00 AM,2341,WELLINGTON ST W,UNIVERSITY AVE,,Major Arterial,Toronto and East York,43.646311,-79.384059,At Intersection,Traffic Signal,Clear,"Dark, artificial",Wet,Fatal,Pedestrian Collisions,Passenger,30 to 34,Minimal,,,,,,,,,,,,,Yes,,Yes,,,,,Yes,,Yes,Yes,Yes,,170,Yonge-Bay Corridor,76,Bay Street Corridor (76),D52,630324.902546037,4833858.28965038
7204,81651488,2001252821,7/1/2022 4:00:00 AM,2341,WELLINGTON ST W,UNIVERSITY AVE,,Major Arterial,Toronto and East York,43.646311,-79.384059,At Intersection,Traffic Signal,Clear,"Dark, artificial",Wet,Fatal,Pedestrian Collisions,Driver,45 to 49,Minimal,,North,"Automobile, Station Wagon",Going Ahead,Driving Properly,Normal,,,,,,,Yes,,Yes,,,,,Yes,,Yes,Yes,Yes,,170,Yonge-Bay Corridor,76,Bay Street Corridor (76),D52,630324.902546037,4833858.28965038
7205,81651489,2001252821,7/1/2022 4:00:00 AM,2341,WELLINGTON ST W,UNIVERSITY AVE,,Major Arterial,Toronto and East York,43.646311,-79.384059,At Intersection,Traffic Signal,Clear,"Dark, artificial",Wet,Fatal,Pedestrian Collisions,Passenger,50 to 54,Minimal,,,,,,,,,,,,,Yes,,Yes,,,,,Yes,,Yes,Yes,Yes,,170,Yonge-Bay Corridor,76,Bay Street Corridor (76),D52,630324.902546037,4833858.28965038
7206,81658183,2001253169,7/2/2022 4:00:00 AM,42,ADELAIDE ST E,YONGE ST,,Major Arterial,Toronto and East York,43.650336,-79.378429,At Intersection,Traffic Signal,Clear,"Dark, artificial",Dry,Non-Fatal Injury,Pedestrian Collisions,Driver,20 to 24,None,,East,"Automobile, Station Wagon",Going Ahead,Exceeding Speed Limit,Normal,,,,,,,Yes,,Yes,,,,,,Yes,Yes,,,,168,Downtown Yonge East,75,Church-Yonge Corridor (75),D51,630770.229410139,4834314.17518071
7207,81658184,2001253169,7/2/2022 4:00:00 AM,42,ADELAIDE ST E,YONGE ST,,Major Arterial,Toronto and East York,43.650336,-79.378429,At Intersection,Traffic Signal,Clear,"Dark, artificial",Dry,Non-Fatal Injury,Pedestrian Collisions,Pedestrian,20 to 24,Major,,South,,,,,Vehicle is going straight thru inter.while ped cross without ROW,Crossing without right of way,Normal,,,,Yes,,Yes,,,,,,Yes,Yes,,,,168,Downtown Yonge East,75,Church-Yonge Corridor (75),D51,630770.229410139,4834314.17518071
7208,81665763,2001286974,7/6/2022 4:00:00 AM,1945,KING ST W,GWYNNE AVE,5 m South of,Major Arterial,Toronto and East York,43.638579,-79.428821,Intersection Related,No Control,Clear,"Dusk, artificial",Dry,Non-Fatal Injury,Pedestrian Collisions,Driver,25 to 29,None,,West,"Automobile, Station Wagon",Going Ahead,Driving Properly,Normal,,,,,,,Yes,,Yes,,,,,,,,,,,85,South Parkdale,85,South Parkdale (85),D14,626731.087482094,4832930.23282579
7209,81665764,2001286974,7/6/2022 4:00:00 AM,1945,KING ST W,GWYNNE AVE,5 m South of,Major Arterial,Toronto and East York,43.638579,-79.428821,Intersection Related,No Control,Clear,"Dusk, artificial",Dry,Non-Fatal Injury,Pedestrian Collisions,Pedestrian,25 to 29,Major,,North,,,,,Vehicle is going straight thru inter.while ped cross without ROW,Crossing without right of way,Inattentive,,,,Yes,,Yes,,,,,,,,,,,85,South Parkdale,85,South Parkdale (85),D14,626731.087482094,4832930.23282579
7210,81666605,2001329600,7/12/2022 4:00:00 AM,1407,QUEEN ST W,BROCK AVE,,Major Arterial,Toronto and East York,43.641402,-79.43233,At Intersection,Traffic Signal,Clear,Daylight,Dry,Non-Fatal Injury,Pedestrian Collisions,Driver,30 to 34,Minor,,East,"Automobile, Station Wagon",Turning Left,Improper Turn,Normal,,,,,,,Yes,,Yes,,,,,,,,,,,85,South Parkdale,85,South Parkdale (85),D14,626442.127497881,4833238.41144295
7211,81666606,2001329600,7/12/2022 4:00:00 AM,1407,QUEEN ST W,BROCK AVE,,Major Arterial,Toronto and East York,43.641402,-79.43233,At Intersection,Traffic Signal,Clear,Daylight,Dry,Non-Fatal Injury,Pedestrian Collisions,Driver,60 to 64,None,,West,"Automobile, Station Wagon",Going Ahead,Driving Properly,Normal,,,,,,,Yes,,Yes,,,,,,,,,,,85,South Parkdale,85,South Parkdale (85),D14,626442.127497881,4833238.41144295
7212,81666607,2001329600,7/12/2022 4:00:00 AM,1407,QUEEN ST W,BROCK AVE,,Major Arterial,Toronto and East York,43.641402,-79.43233,At Intersection,Traffic Signal,Clear,Daylight,Dry,Non-Fatal Injury,Pedestrian Collisions,Pedestrian,50 to 54,Major,,Unknown,,,,,Pedestrian hit on sidewalk or shoulder,On Sidewalk or Shoulder,Normal,,,,Yes,,Yes,,,,,,,,,,,85,South Parkdale,85,South Parkdale (85),D14,626442.127497881,4833238.41144295
7213,81688080,2001330011,7/12/2022 4:00:00 AM,1508,JANE ST,FINCH AVE W,50 m South o,Major Arterial,North York,43.756674,-79.517574,Non Intersection,No Control,Clear,Daylight,Dry,Non-Fatal Injury,Pedestrian Collisions,Driver,40 to 44,None,,North,"Automobile, Station Wagon",Going Ahead,Driving Properly,Normal,,,,,,,Yes,,Yes,,,,,Yes,,,,,,25,Glenfield-Jane Heights,25,Glenfield-Jane Heights (25),D31,619337.722402269,4845914.61088434
7214,81688081,2001330011,7/12/2022 4:00:00 AM,1508,JANE ST,FINCH AVE W,50 m South o,Major Arterial,North York,43.756674,-79.517574,Non Intersection,No Control,Clear,Daylight,Dry,Non-Fatal Injury,Pedestrian Collisions,Passenger,60 to 64,None,,,,,,,,,,,,,Yes,,Yes,,,,,Yes,,,,,,25,Glenfield-Jane Heights,25,Glenfield-Jane Heights (25),D31,619337.722402269,4845914.61088434
7215,81688082,2001330011,7/12/2022 4:00:00 AM,1508,JANE ST,FINCH AVE W,50 m South o,Major Arterial,North York,43.756674,-79.517574,Non Intersection,No Control,Clear,Daylight,Dry,Non-Fatal Injury,Pedestrian Collisions,Passenger,10 to 14,None,,,,,,,,,,,,,Yes,,Yes,,,,,Yes,,,,,,25,Glenfield-Jane Heights,25,Glenfield-Jane Heights (25),D31,619337.722402269,4845914.61088434
7216,81688083,2001330011,7/12/2022 4:00:00 AM,1508,JANE ST,FINCH AVE W,50 m South o,Major Arterial,North York,43.756674,-79.517574,Non Intersection,No Control,Clear,Daylight,Dry,Non-Fatal Injury,Pedestrian Collisions,Passenger,0 to 4,None,,,,,,,,,,,,,Yes,,Yes,,,,,Yes,,,,,,25,Glenfield-Jane Heights,25,Glenfield-Jane Heights (25),D31,619337.722402269,4845914.61088434
7217,81688084,2001330011,7/12/2022 4:00:00 AM,1508,JANE ST,FINCH AVE W,50 m South o,Major Arterial,North York,43.756674,-79.517574,Non Intersection,No Control,Clear,Daylight,Dry,Non-Fatal Injury,Pedestrian Collisions,Pedestrian,15 to 19,Major,,West,,,,,Pedestrian hit at mid-block,"Crossing, no Traffic Control",Normal,,,,Yes,,Yes,,,,,Yes,,,,,,25,Glenfield-Jane Heights,25,Glenfield-Jane Heights (25),D31,619337.722402269,4845914.61088434
7218,81665611,2001333771,7/13/2022 4:00:00 AM,345,NORGROVE CRES,SUMMITCREST DR,50 m North o,Local,Etobicoke York,43.686335,-79.529254,Non Intersection,No Control,Clear,"Dark, artificial",Dry,Non-Fatal Injury,Pedestrian Collisions,Driver,30 to 34,Minor,,North,"Automobile, Station Wagon",Going Ahead,Other,Unknown,,,,,,,Yes,,Yes,,,,,,,,,,,7,Willowridge-Martingrove-Richview,7,Willowridge-Martingrove-Richview (7),D23,618536.085479773,4838085.71517194
7219,81665612,2001333771,7/13/2022 4:00:00 AM,345,NORGROVE CRES,SUMMITCREST DR,50 m North o,Local,Etobicoke York,43.686335,-79.529254,Non Intersection,No Control,Clear,"Dark, artificial",Dry,Non-Fatal Injury,Pedestrian Collisions,Pedestrian,30 to 34,Major,,East,,,,,Pedestrian hit at mid-block,Running onto Roadway,Other,,,,Yes,,Yes,,,,,,,,,,,7,Willowridge-Martingrove-Richview,7,Willowridge-Martingrove-Richview (7),D23,618536.085479773,4838085.71517194
7220,81658022,2001340330,7/13/2022 4:00:00 AM,2338,EGLINTON AVE E,DANFORTH RD,20 m South o,Major Arterial,Scarborough,43.737025,-79.246127,At Intersection,Traffic Signal,Clear,Dark,Dry,Non-Fatal Injury,Pedestrian Collisions,Driver,50 to 54,None,,West,"Automobile, Station Wagon",Turning Left,Improper Turn,Normal,,,,,,,Yes,,Yes,,,,,,,,,,,138,Eglinton East,138,Eglinton East (138),D43,641236.085350773,4844159.22404338
7221,81658023,2001340330,7/13/2022 4:00:00 AM,2338,EGLINTON AVE E,DANFORTH RD,20 m South o,Major Arterial,Scarborough,43.737025,-79.246127,At Intersection,Traffic Signal,Clear,Dark,Dry,Non-Fatal Injury,Pedestrian Collisions,Pedestrian,50 to 54,Major,,West,,,,,Vehicle turns left while ped crosses with ROW at inter.,Crossing with right of way,Normal,,,,Yes,,Yes,,,,,,,,,,,138,Eglinton East,138,Eglinton East (138),D43,641236.085350773,4844159.22404338
7222,81657750,2001379315,7/19/2022 4:00:00 AM,1245,MORNINGSIDE AVE,MILITARY TRL,,Major Arterial,Scarborough,43.789206,-79.194324,At Intersection,Traffic Signal,Clear,Daylight,Dry,Non-Fatal Injury,Pedestrian Collisions,Driver,40 to 44,None,,South,"Automobile, Station Wagon",Turning Left,Failed to Yield Right of Way,Normal,,,,,,,Yes,,Yes,,,,,,,Yes,,,,135,Morningside,135,Morningside (135),D43,645281.362484426,4850044.35583097
7223,81657751,2001379315,7/19/2022 4:00:00 AM,1245,MORNINGSIDE AVE,MILITARY TRL,,Major Arterial,Scarborough,43.789206,-79.194324,At Intersection,Traffic Signal,Clear,Daylight,Dry,Non-Fatal Injury,Pedestrian Collisions,Pedestrian,10 to 14,Major,,South,,,,,Vehicle turns left while ped crosses with ROW at inter.,Crossing with right of way,Normal,,,,Yes,,Yes,,,,,,,Yes,,,,135,Morningside,135,Morningside (135),D43,645281.362484426,4850044.35583097
7224,81656788,2001395408,7/21/2022 4:00:00 AM,1510,WARDEN AVE,COMSTOCK RD,,Major Arterial,Scarborough,43.721461,-79.284953,At Intersection,Traffic Signal,Clear,Daylight,Dry,Fatal,Pedestrian Collisions,Driver,75 to 79,None,,South,"Automobile, Station Wagon",Going Ahead,Driving Properly,Normal,,,,,,,Yes,,Yes,,,,,Yes,,Yes,,,,120,Clairlea-Birchmount,120,Clairlea-Birchmount (120),D41,638145.242449535,4842365.15609655
7225,81656790,2001395408,7/21/2022 4:00:00 AM,1510,WARDEN AVE,COMSTOCK RD,,Major Arterial,Scarborough,43.721461,-79.284953,At Intersection,Traffic Signal,Clear,Daylight,Dry,Fatal,Pedestrian Collisions,Pedestrian,35 to 39,Fatal,28,Unknown,,,,,Pedestrian hit on sidewalk or shoulder,On Sidewalk or Shoulder,Normal,,,,Yes,,Yes,,,,,Yes,,Yes,,,,120,Clairlea-Birchmount,120,Clairlea-Birchmount (120),D41,638145.242449535,4842365.15609655
7226,81656791,2001395408,7/21/2022 4:00:00 AM,1510,WARDEN AVE,COMSTOCK RD,,Major Arterial,Scarborough,43.721461,-79.284953,At Intersection,Traffic Signal,Clear,Daylight,Dry,Fatal,Pedestrian Collisions,Passenger,20 to 24,None,,,,,,,,,,,,,Yes,,Yes,,,,,Yes,,Yes,,,,120,Clairlea-Birchmount,120,Clairlea-Birchmount (120),D41,638145.242449535,4842365.15609655
7227,81658383,2001395408,7/21/2022 4:00:00 AM,1510,WARDEN AVE,COMSTOCK RD,,Major Arterial,Scarborough,43.721461,-79.284953,At Intersection,Traffic Signal,Clear,Daylight,Dry,Fatal,Pedestrian Collisions,Driver,15 to 19,None,,North,"Automobile, Station Wagon",Turning Left,Failed to Yield Right of Way,Normal,,,,,,,Yes,,Yes,,,,,Yes,,Yes,,,,120,Clairlea-Birchmount,120,Clairlea-Birchmount (120),D41,638145.242449535,4842365.15609655
7228,81687420,2001404331,7/22/2022 4:00:00 AM,1815,ST CLAIR AVE W,CALEDONIA RD,50 m East of,Major Arterial,Toronto and East York,43.675387,-79.454189,Non Intersection,No Control,Clear,Daylight,Dry,Non-Fatal Injury,Pedestrian Collisions,Driver,55 to 59,None,,West,Street Car,Going Ahead,Driving Properly,Normal,,,,,,,Yes,,,,,Yes,,,,Yes,,,,92,Corso Italia-Davenport,92,Corso Italia-Davenport (92),D13,624608.730625116,4836979.82171334
7229,81687421,2001404331,7/22/2022 4:00:00 AM,1815,ST CLAIR AVE W,CALEDONIA RD,50 m East of,Major Arterial,Toronto and East York,43.675387,-79.454189,Non Intersection,No Control,Clear,Daylight,Dry,Non-Fatal Injury,Pedestrian Collisions,Pedestrian,45 to 49,Major,,South,,,,,Pedestrian involved in a collision with transit vehicle anywhere along roadway,"Crossing, no Traffic Control",Normal,,,,Yes,,,,,Yes,,,,Yes,,,,92,Corso Italia-Davenport,92,Corso Italia-Davenport (92),D13,624608.730625116,4836979.82171334
7230,81663481,2001427156,7/24/2022 4:00:00 AM,2254,REXDALE BLVD,KIPLING AVE,100 m East o,Major Arterial,Etobicoke York,43.711875,-79.565456,Non Intersection,No Control,Rain,"Dark, artificial",Wet,Non-Fatal Injury,Pedestrian Collisions,Driver,45 to 49,Minimal,,East,"Automobile, Station Wagon",Going Ahead,Failed to Yield Right of Way,"Ability Impaired, Alcohol Over .08",,,,,,,Yes,,Yes,,,,,,,Yes,,Yes,,1,West Humber-Clairville,1,West Humber-Clairville (1),D23,615569.254880464,4840871.17183994
7231,81663482,2001427156,7/24/2022 4:00:00 AM,2254,REXDALE BLVD,KIPLING AVE,100 m East o,Major Arterial,Etobicoke York,43.711875,-79.565456,Non Intersection,No Control,Rain,"Dark, artificial",Wet,Non-Fatal Injury,Pedestrian Collisions,Pedestrian,20 to 24,Major,,Unknown,,,,,Pedestrian hit at mid-block,Pushing/Working on Vehicle,Normal,,,,Yes,,Yes,,,,,,,Yes,,Yes,,1,West Humber-Clairville,1,West Humber-Clairville (1),D23,615569.254880464,4840871.17183994
7232,81704559,2001422943,7/25/2022 4:00:00 AM,950,PARK LAWN RD,LAKE SHORE BLVD W,N OF LAKE SH,Major Arterial,Etobicoke York,43.623656,-79.483226,At Intersection,Traffic Signal,Clear,Daylight,Dry,Non-Fatal Injury,Pedestrian Collisions,Driver,80 to 84,Minimal,,South,"Automobile, Station Wagon",Turning Right,Failed to Yield Right of Way,Normal,,,,,,,Yes,,Yes,,,,,,,Yes,,,,161,Humber Bay Shores,17,Mimico (includes Humber Bay Shores) (17),D22,622373.028376662,4831191.21891317
7233,81704560,2001422943,7/25/2022 4:00:00 AM,950,PARK LAWN RD,LAKE SHORE BLVD W,N OF LAKE SH,Major Arterial,Etobicoke York,43.623656,-79.483226,At Intersection,Traffic Signal,Clear,Daylight,Dry,Non-Fatal Injury,Pedestrian Collisions,Wheelchair,60 to 64,Major,,South,,,,,Vehicle turns right while ped crosses with ROW at inter.,Crossing with right of way,Normal,,,,Yes,,Yes,,,,,,,Yes,,,,161,Humber Bay Shores,17,Mimico (includes Humber Bay Shores) (17),D22,622373.028376662,4831191.21891317
7234,81663769,2001452847,7/29/2022 4:00:00 AM,1156,WILSON  AVE,BATHURST  ST,60 m West of,Major Arterial,North York,43.737059,-79.435085,At/Near Private Drive,No Control,Clear,Daylight,Dry,Non-Fatal Injury,Pedestrian Collisions,Driver,45 to 49,None,,West,"Automobile, Station Wagon",Pulling Onto Shoulder or towardCurb,Speed too Fast For Condition,Inattentive,,,,,,,Yes,,Yes,,,,,Yes,Yes,Yes,,,,33,Clanton Park,33,Clanton Park (33),D32,626019.432005156,4843858.23628532
7235,81663770,2001452847,7/29/2022 4:00:00 AM,1156,WILSON  AVE,BATHURST  ST,60 m West of,Major Arterial,North York,43.737059,-79.435085,At/Near Private Drive,No Control,Clear,Daylight,Dry,Non-Fatal Injury,Pedestrian Collisions,Passenger,15 to 19,None,,,,,,,,,,,,,Yes,,Yes,,,,,Yes,Yes,Yes,,,,33,Clanton Park,33,Clanton Park (33),D32,626019.432005156,4843858.23628532
7236,81663771,2001452847,7/29/2022 4:00:00 AM,1156,WILSON  AVE,BATHURST  ST,60 m West of,Major Arterial,North York,43.737059,-79.435085,At/Near Private Drive,No Control,Clear,Daylight,Dry,Non-Fatal Injury,Pedestrian Collisions,Pedestrian,70 to 74,Major,,West,,,,,Pedestrian hit on sidewalk or shoulder,Other,Other,,,,Yes,,Yes,,,,,Yes,Yes,Yes,,,,33,Clanton Park,33,Clanton Park (33),D32,626019.432005156,4843858.23628532
7237,81658094,2001458223,7/30/2022 4:00:00 AM,336,WILSON AVE,CLAYSON RD,,Major Arterial,North York,43.717631,-79.522998,At Intersection,Traffic Signal,Clear,"Dark, artificial",Dry,Fatal,Pedestrian Collisions,Pedestrian,20 to 24,Fatal,31,North,,,,,Vehicle is going straight thru inter.while ped cross with ROW,Crossing with right of way,Normal,,,,Yes,,Yes,,,,,,Yes,Yes,,Yes,,154,Oakdale-Beverley Heights,26,Downsview-Roding-CFB (26),D31,618978.376749725,4841570.52530786
7238,81658095,2001458223,7/30/2022 4:00:00 AM,336,WILSON AVE,CLAYSON RD,,Major Arterial,North York,43.717631,-79.522998,At Intersection,Traffic Signal,Clear,"Dark, artificial",Dry,Fatal,Pedestrian Collisions,Driver,40 to 44,None,,East,"Automobile, Station Wagon",Going Ahead,Exceeding Speed Limit,"Ability Impaired, Alcohol",,,,,,,Yes,,Yes,,,,,,Yes,Yes,,Yes,,154,Oakdale-Beverley Heights,26,Downsview-Roding-CFB (26),D31,618978.376749725,4841570.52530786
7239,81658097,2001458223,7/30/2022 4:00:00 AM,336,WILSON AVE,CLAYSON RD,,Major Arterial,North York,43.717631,-79.522998,At Intersection,Traffic Signal,Clear,"Dark, artificial",Dry,Fatal,Pedestrian Collisions,Driver,30 to 34,None,,East,"Automobile, Station Wagon",Stopped,Driving Properly,Normal,,,,,,,Yes,,Yes,,,,,,Yes,Yes,,Yes,,154,Oakdale-Beverley Heights,26,Downsview-Roding-CFB (26),D31,618978.376749725,4841570.52530786
7240,81666559,2001463724,7/30/2022 4:00:00 AM,2201,WARDEN AVE,BAMBURGH CRCL,,Major Arterial,Scarborough,43.811564,-79.323329,At Intersection,Traffic Signal,Clear,"Dark, artificial",Dry,Non-Fatal Injury,Pedestrian Collisions,Driver,25 to 29,None,,East,Pick Up Truck,Going Ahead,Disobeyed Traffic Control,Normal,,,,,,,Yes,,Yes,,,,,,,Yes,Yes,,,116,Steeles,116,Steeles (116),D42,634851.433898954,4852309.22221692
7241,81666560,2001463724,7/30/2022 4:00:00 AM,2201,WARDEN AVE,BAMBURGH CRCL,,Major Arterial,Scarborough,43.811564,-79.323329,At Intersection,Traffic Signal,Clear,"Dark, artificial",Dry,Non-Fatal Injury,Pedestrian Collisions,Pedestrian,15 to 19,Major,,South,,,,,Vehicle is going straight thru inter.while ped cross with ROW,Crossing with right of way,Normal,,,,Yes,,Yes,,,,,,,Yes,Yes,,,116,Steeles,116,Steeles (116),D42,634851.433898954,4852309.22221692
7242,81666561,2001463724,7/30/2022 4:00:00 AM,2201,WARDEN AVE,BAMBURGH CRCL,,Major Arterial,Scarborough,43.811564,-79.323329,At Intersection,Traffic Signal,Clear,"Dark, artificial",Dry,Non-Fatal Injury,Pedestrian Collisions,Pedestrian,15 to 19,Major,,South,,,,,Vehicle is going straight thru inter.while ped cross with ROW,Crossing with right of way,Normal,,,,Yes,,Yes,,,,,,,Yes,Yes,,,116,Steeles,116,Steeles (116),D42,634851.433898954,4852309.22221692
7243,81667294,2001485578,8/3/2022 4:00:00 AM,25,JANE ST,ALLIANCE AVE,100 m South ,Major Arterial,Toronto and East York,43.675166,-79.495258,Non Intersection,No Control,Clear,"Dark, artificial",Dry,Non-Fatal Injury,Pedestrian Collisions,Driver,55 to 59,None,,North,"Automobile, Station Wagon",Slowing or Stopping,Other,Other,,,,,,,Yes,,Yes,,,,,,,,,,,111,Rockcliffe-Smythe,111,Rockcliffe-Smythe (111),D12,621298.550833944,4836894.40055219