OBJECTID,INDEX,ACCNUM,DATE,TIME,STREET1,STREET2,OFFSET,ROAD_CLASS,DISTRICT,LATITUDE,LONGITUDE,ACCLOC,TRAFFCTL,VISIBILITY,LIGHT,RDSFCOND,ACCLASS,IMPACTYPE,INVTYPE,INVAGE,INJURY,FATAL_NO,INITDIR,VEHTYPE,MANOEUVER,DRIVACT,DRIVCOND,PEDTYPE,PEDACT,PEDCOND,CYCLISTYPE,CYCACT,CYCCOND,PEDESTRIAN,CYCLIST,AUTOMOBILE,MOTORCYCLE,TRUCK,TRSN_CITY_VEH,EMERG_VEH,PASSENGER,SPEEDING,AG_DRIV,REDLIGHT,ALCOHOL,DISABILITY,HOOD_158,NEIGHBOURHOOD_158,HOOD_140,NEIGHBOURHOOD_140,DIVISION,x,y
7244,81667295,2001485578,8/3/2022 4:00:00 AM,25,JANE ST,ALLIANCE AVE,100 m South ,Major Arterial,Toronto and East York,43.675166,-79.495258,Non Intersection,No Control,Clear,"Dark, artificial",Dry,Non-Fatal Injury,Pedestrian Collisions,Pedestrian,20 to 24,Major,,Unknown,,,,,Other / Undefined,Other,Normal,,,,Yes,,Yes,,,,,,,,,,,111,Rockcliffe-Smythe,111,Rockcliffe-Smythe (111),D12,621298.550833944,4836894.40055219
7245,81663310,2001487064,8/3/2022 4:00:00 AM,855,DEAUVILLE LANE,GRENOBLE DR,,Collector,North York,43.716502,-79.330341,At Intersection,Stop Sign,Clear,Daylight,Dry,Non-Fatal Injury,Pedestrian Collisions,Driver,90 to 94,None,,North,"Automobile, Station Wagon",Going Ahead,Failed to Yield Right of Way,Inattentive,,,,,,,Yes,,Yes,,,,,,,Yes,,,,44,Flemingdon Park,44,Flemingdon Park (44),D55,634500.341694419,4841739.72959813
7246,81663311,2001487064,8/3/2022 4:00:00 AM,855,DEAUVILLE LANE,GRENOBLE DR,,Collector,North York,43.716502,-79.330341,At Intersection,Stop Sign,Clear,Daylight,Dry,Non-Fatal Injury,Pedestrian Collisions,Pedestrian,40 to 44,Major,,West,,,,,Vehicle is going straight thru inter.while ped cross with ROW,Crossing with right of way,Normal,,,,Yes,,Yes,,,,,,,Yes,,,,44,Flemingdon Park,44,Flemingdon Park (44),D55,634500.341694419,4841739.72959813
7247,81658377,2001490698,8/3/2022 4:00:00 AM,1800,ROYAL YORK RD,STANLEY AVE,,Minor Arterial,Etobicoke York,43.614253,-79.497592,At Intersection,No Control,Clear,Daylight,Dry,Fatal,Pedestrian Collisions,Driver,35 to 39,None,,South,"Automobile, Station Wagon",Turning Left,Improper Turn,Inattentive,,,,,,,Yes,,Yes,,,,,,,,,,,160,Mimico-Queensway,17,Mimico (includes Humber Bay Shores) (17),D22,621232.867407965,4830125.82696467
7248,81658382,2001490698,8/3/2022 4:00:00 AM,1800,ROYAL YORK RD,STANLEY AVE,,Minor Arterial,Etobicoke York,43.614253,-79.497592,At Intersection,No Control,Clear,Daylight,Dry,Fatal,Pedestrian Collisions,Pedestrian,85 to 89,Fatal,36,North,,Going Ahead,,,Vehicle turns left while ped crosses with ROW at inter.,Crossing with right of way,Normal,,,,Yes,,Yes,,,,,,,,,,,160,Mimico-Queensway,17,Mimico (includes Humber Bay Shores) (17),D22,621232.867407965,4830125.82696467
7249,81664490,2001506529,8/5/2022 4:00:00 AM,2231,QUEEN  ST E,ORCHARD PARK BLVD,12 m East of,Minor Arterial,Toronto and East York,43.666957,-79.313518,Intersection Related,No Control,Clear,"Dark, artificial",Dry,Non-Fatal Injury,Pedestrian Collisions,Driver,60 to 64,None,,East,Pick Up Truck,Going Ahead,Driving Properly,Normal,,,,,,,Yes,,Yes,,,,,,,,,,,63,The Beaches,63,The Beaches (63),D55,635967.460260085,4836264.49975926
7250,81664491,2001506529,8/5/2022 4:00:00 AM,2231,QUEEN  ST E,ORCHARD PARK BLVD,12 m East of,Minor Arterial,Toronto and East York,43.666957,-79.313518,Intersection Related,No Control,Clear,"Dark, artificial",Dry,Non-Fatal Injury,Pedestrian Collisions,Pedestrian,60 to 64,Major,,North,,,,,Pedestrian hit at mid-block,"Crossing, no Traffic Control",Normal,,,,Yes,,Yes,,,,,,,,,,,63,The Beaches,63,The Beaches (63),D55,635967.460260085,4836264.49975926
7251,81663756,2001507092,8/6/2022 4:00:00 AM,40,ST CLAIR  AVE W,LAUGHTON  AVE,1662 St Clai,Major Arterial,Etobicoke York,43.674651,-79.457607,At Intersection,Traffic Signal,Clear,"Dark, artificial",Dry,Non-Fatal Injury,Pedestrian Collisions,Driver,45 to 49,None,,West,"Automobile, Station Wagon",Going Ahead,Other,"Ability Impaired, Alcohol",,,,,,,Yes,,Yes,,,,,,,,,Yes,,91,Weston-Pelham Park,91,Weston-Pellam Park (91),D11,624334.721081284,4836892.9500449
7252,81663757,2001507092,8/6/2022 4:00:00 AM,40,ST CLAIR  AVE W,LAUGHTON  AVE,1662 St Clai,Major Arterial,Etobicoke York,43.674651,-79.457607,At Intersection,Traffic Signal,Clear,"Dark, artificial",Dry,Non-Fatal Injury,Pedestrian Collisions,Pedestrian,55 to 59,Major,,North,,,,,Vehicle is going straight thru inter.while ped cross without ROW,Crossing without right of way,Inattentive,,,,Yes,,Yes,,,,,,,,,Yes,,91,Weston-Pelham Park,91,Weston-Pellam Park (91),D11,624334.721081284,4836892.9500449
7253,81664139,2001513623,8/7/2022 4:00:00 AM,13,HIGHWAY 2A  E,HIGHLAND CREEK OVERPASS,200 m East o,Expressway,Scarborough,43.784403,-79.165149,Non Intersection,No Control,Clear,Dark,Dry,Fatal,Pedestrian Collisions,Driver,45 to 49,None,,East,"Automobile, Station Wagon",Going Ahead,Driving Properly,Normal,,,,,,,Yes,,Yes,,,,,,,,,,,133,Centennial Scarborough,133,Centennial Scarborough (133),D43,647640.584486775,4849562.52968185
7254,81664140,2001513623,8/7/2022 4:00:00 AM,13,HIGHWAY 2A  E,HIGHLAND CREEK OVERPASS,200 m East o,Expressway,Scarborough,43.784403,-79.165149,Non Intersection,No Control,Clear,Dark,Dry,Fatal,Pedestrian Collisions,Pedestrian,45 to 49,Fatal,40,Unknown,,,,,Pedestrian hit at mid-block,"Crossing, no Traffic Control",Inattentive,,,,Yes,,Yes,,,,,,,,,,,133,Centennial Scarborough,133,Centennial Scarborough (133),D43,647640.584486775,4849562.52968185
7255,81703108,2001514494,8/7/2022 4:00:00 AM,414,KENNEDY RD,MERRIAN RD,18 m East of,Major Arterial,Scarborough,43.727336,-79.26588,At Intersection,Traffic Signal,Clear,"Dark, artificial",Dry,Non-Fatal Injury,Pedestrian Collisions,Motorcycle Driver,30 to 34,Major,,South,Motorcycle,Going Ahead,Other,Unknown,,,,,,,Yes,,,Yes,,,,,,,,,,124,Kennedy Park,124,Kennedy Park (124),D41,639667.916488414,4843049.6321199
7256,81703109,2001514494,8/7/2022 4:00:00 AM,414,KENNEDY RD,MERRIAN RD,18 m East of,Major Arterial,Scarborough,43.727336,-79.26588,At Intersection,Traffic Signal,Clear,"Dark, artificial",Dry,Non-Fatal Injury,Pedestrian Collisions,Pedestrian,60 to 64,Major,,West,,,,,Vehicle is going straight thru inter.while ped cross without ROW,Crossing without right of way,Normal,,,,Yes,,,Yes,,,,,,,,,,124,Kennedy Park,124,Kennedy Park (124),D41,639667.916488414,4843049.6321199
7257,81665131,2001535137,8/10/2022 4:00:00 AM,648,525 ELM ST,,5 m South of,Collector,Toronto and East York,43.655848,-79.391498,Non Intersection,No Control,Clear,Daylight,Dry,Non-Fatal Injury,Pedestrian Collisions,Driver,25 to 29,None,,East,"Automobile, Station Wagon",Going Ahead,Driving Properly,Normal,,,,,,,Yes,,Yes,,,,,,,,,,,78,Kensington-Chinatown,78,Kensington-Chinatown (78),D52,629704.413253995,4834905.84336218
7258,81665132,2001535137,8/10/2022 4:00:00 AM,648,525 ELM ST,,5 m South of,Collector,Toronto and East York,43.655848,-79.391498,Non Intersection,No Control,Clear,Daylight,Dry,Non-Fatal Injury,Pedestrian Collisions,Pedestrian,30 to 34,Major,,North,,,,,Pedestrian hit at mid-block,"Crossing, no Traffic Control",Normal,,,,Yes,,Yes,,,,,,,,,,,78,Kensington-Chinatown,78,Kensington-Chinatown (78),D52,629704.413253995,4834905.84336218
7259,81687366,2001536072,8/10/2022 4:00:00 AM,939,MARTIN GROVE RD,STEELES AVE W,15 m South o,Minor Arterial,Etobicoke York,43.757792,-79.603336,Non Intersection,No Control,Clear,Daylight,Dry,Non-Fatal Injury,Pedestrian Collisions,Driver,50 to 54,None,,West,"Automobile, Station Wagon",Turning Left,Driving Properly,Normal,,,,,,,Yes,,Yes,,,,,,,,,,,1,West Humber-Clairville,1,West Humber-Clairville (1),D23,612431.601110422,4845918.7897384
7260,81687367,2001536072,8/10/2022 4:00:00 AM,939,MARTIN GROVE RD,STEELES AVE W,15 m South o,Minor Arterial,Etobicoke York,43.757792,-79.603336,Non Intersection,No Control,Clear,Daylight,Dry,Non-Fatal Injury,Pedestrian Collisions,Pedestrian,60 to 64,Major,,West,,,,,Pedestrian hit at mid-block,"Crossing, no Traffic Control",Normal,,,,Yes,,Yes,,,,,,,,,,,1,West Humber-Clairville,1,West Humber-Clairville (1),D23,612431.601110422,4845918.7897384
7261,81663657,2001555147,8/12/2022 4:00:00 AM,2105,LAKE SHORE BLVD W [E/B],BRITISH COLUMBIA RD,29 m South o,Major Arterial,Toronto and East York,43.631171,-79.429263,Non Intersection,Traffic Signal,Clear,Daylight,Dry,Non-Fatal Injury,Pedestrian Collisions,Driver,40 to 44,None,,East,"Automobile, Station Wagon",Going Ahead,Driving Properly,Normal,,,,,,,Yes,,Yes,,,,,,,,,,,85,South Parkdale,85,South Parkdale (85),D14,626711.003936745,4832106.80549933
7262,81663658,2001555147,8/12/2022 4:00:00 AM,2105,LAKE SHORE BLVD W [E/B],BRITISH COLUMBIA RD,29 m South o,Major Arterial,Toronto and East York,43.631171,-79.429263,Non Intersection,Traffic Signal,Clear,Daylight,Dry,Non-Fatal Injury,Pedestrian Collisions,Pedestrian,30 to 34,Major,,South,,,,,Vehicle is going straight thru inter.while ped cross without ROW,Crossing marked crosswalk without ROW,Normal,,,,Yes,,Yes,,,,,,,,,,,85,South Parkdale,85,South Parkdale (85),D14,626711.003936745,4832106.80549933
7263,81665219,2001598507,8/19/2022 4:00:00 AM,25,KEELE ST,SHEPPARD AVE W,5 m East of,Major Arterial,North York,43.744704,-79.486408,At Intersection,Traffic Signal,Clear,"Dark, artificial",Dry,Non-Fatal Injury,Pedestrian Collisions,Truck Driver,55 to 59,None,,North,Truck (other),Turning Right,Improper Turn,Inattentive,,,,,,,Yes,,,,Yes,,,,,,,,,155,Downsview,26,Downsview-Roding-CFB (26),D31,621870.948110537,4844630.5435465
7264,81665220,2001598507,8/19/2022 4:00:00 AM,25,KEELE ST,SHEPPARD AVE W,5 m East of,Major Arterial,North York,43.744704,-79.486408,At Intersection,Traffic Signal,Clear,"Dark, artificial",Dry,Non-Fatal Injury,Pedestrian Collisions,Pedestrian,55 to 59,Major,,North,,,,,Vehicle turns right while ped crosses with ROW at inter.,Crossing with right of way,Normal,,,,Yes,,,,Yes,,,,,,,,,155,Downsview,26,Downsview-Roding-CFB (26),D31,621870.948110537,4844630.5435465
7265,81664405,2001669318,8/29/2022 4:00:00 AM,35,LAKE SHORE BLVD W,JAMESON AVE,,Major Arterial,Toronto and East York,43.633269,-79.43452,Intersection Related,No Control,Clear,"Dark, artificial",Dry,Non-Fatal Injury,Pedestrian Collisions,Driver,unknown,None,,West,"Automobile, Station Wagon",Going Ahead,Other,Unknown,,,,,,,Yes,,Yes,,,,,,,,,,,85,South Parkdale,85,South Parkdale (85),D14,626282.524583366,4832331.80419781
7266,81664406,2001669318,8/29/2022 4:00:00 AM,35,LAKE SHORE BLVD W,JAMESON AVE,,Major Arterial,Toronto and East York,43.633269,-79.43452,Intersection Related,No Control,Clear,"Dark, artificial",Dry,Non-Fatal Injury,Pedestrian Collisions,Pedestrian,35 to 39,Major,,North,,,,,Pedestrian hit at mid-block,Walking on Roadway Against Traffic,Inattentive,,,,Yes,,Yes,,,,,,,,,,,85,South Parkdale,85,South Parkdale (85),D14,626282.524583366,4832331.80419781
7267,81664703,2001686607,8/31/2022 4:00:00 AM,1147,ROGERS RD,GILBERT AVE,3 m North of,Minor Arterial,Etobicoke York,43.683348,-79.459544,At Intersection,No Control,Clear,Daylight,Dry,Non-Fatal Injury,Pedestrian Collisions,Driver,55 to 59,None,,East,"Automobile, Station Wagon",Turning Left,Failed to Yield Right of Way,Inattentive,,,,,,,Yes,,Yes,,,,,,,Yes,,,,109,Caledonia-Fairbank,109,Caledonia-Fairbank (109),D13,624160.635587263,4837855.967103
7268,81664704,2001686607,8/31/2022 4:00:00 AM,1147,ROGERS RD,GILBERT AVE,3 m North of,Minor Arterial,Etobicoke York,43.683348,-79.459544,At Intersection,No Control,Clear,Daylight,Dry,Non-Fatal Injury,Pedestrian Collisions,Pedestrian,70 to 74,Major,,West,,,,,Vehicle turns left while ped crosses with ROW at inter.,"Crossing, Pedestrian Crossover",Normal,,,,Yes,,Yes,,,,,,,Yes,,,,109,Caledonia-Fairbank,109,Caledonia-Fairbank (109),D13,624160.635587263,4837855.967103
7269,81664643,2001720780,9/5/2022 4:00:00 AM,424,YONGE ST,COLLEGE ST,,Major Arterial,Toronto and East York,43.661299,-79.383067,At Intersection,Traffic Signal,Clear,"Dark, artificial",Dry,Fatal,Pedestrian Collisions,Driver,30 to 34,None,,South,"Automobile, Station Wagon",Overtaking,Improper Passing,Unknown,,,,,,,Yes,,Yes,,,,,,,Yes,,,,168,Downtown Yonge East,75,Church-Yonge Corridor (75),D51,630372.471095927,4835524.46277915
7270,81664645,2001720780,9/5/2022 4:00:00 AM,424,YONGE ST,COLLEGE ST,,Major Arterial,Toronto and East York,43.661299,-79.383067,At Intersection,Traffic Signal,Clear,"Dark, artificial",Dry,Fatal,Pedestrian Collisions,Driver,25 to 29,None,,South,"Automobile, Station Wagon",Stopped,Driving Properly,Normal,,,,,,,Yes,,Yes,,,,,,,Yes,,,,168,Downtown Yonge East,75,Church-Yonge Corridor (75),D51,630372.471095927,4835524.46277915
7271,81665627,2001720780,9/5/2022 4:00:00 AM,424,YONGE ST,COLLEGE ST,,Major Arterial,Toronto and East York,43.661299,-79.383067,At Intersection,Traffic Signal,Clear,"Dark, artificial",Dry,Fatal,Pedestrian Collisions,Pedestrian,40 to 44,Fatal,42,Unknown,,,,,Other / Undefined,Other,Other,,,,Yes,,Yes,,,,,,,Yes,,,,168,Downtown Yonge East,75,Church-Yonge Corridor (75),D51,630372.471095927,4835524.46277915
7272,81666157,2001733583,9/6/2022 4:00:00 AM,2222,DANFORTH RD,MIDLAND AVE,71 m West of,Major Arterial,Scarborough,43.724185,-79.25436,Non Intersection,No Control,Clear,"Dawn, artificial",Dry,Non-Fatal Injury,Pedestrian Collisions,Driver,55 to 59,None,,West,"Automobile, Station Wagon",Going Ahead,Driving Properly,Normal,,,,,,,Yes,,Yes,,,,,,,,,,,124,Kennedy Park,124,Kennedy Park (124),D41,640603.13324827,4842719.14861242
7273,81666158,2001733583,9/6/2022 4:00:00 AM,2222,DANFORTH RD,MIDLAND AVE,71 m West of,Major Arterial,Scarborough,43.724185,-79.25436,Non Intersection,No Control,Clear,"Dawn, artificial",Dry,Non-Fatal Injury,Pedestrian Collisions,Pedestrian,25 to 29,Major,,South,,,,,Pedestrian hit at mid-block,"Crossing, no Traffic Control",Unknown,,,,Yes,,Yes,,,,,,,,,,,124,Kennedy Park,124,Kennedy Park (124),D41,640603.13324827,4842719.14861242
7274,81664955,2001748727,9/8/2022 4:00:00 AM,2033,106 LAWRENCE  AVE E,ARDROSSAN  PL,106 LAWRENCE,Major Arterial,North York,43.726405,-79.395648,Non Intersection,No Control,Clear,"Dawn, artificial",Dry,Property Damage O,Pedestrian Collisions,Driver,50 to 54,None,,West,Municipal Transit Bus (TTC),Going Ahead,Driving Properly,Normal,,,,,,,Yes,,,,,Yes,,,,,,,,103,Lawrence Park South,103,Lawrence Park South (103),D53,629218.15397346,4842735.69393631
7275,81664956,2001748727,9/8/2022 4:00:00 AM,2033,106 LAWRENCE  AVE E,ARDROSSAN  PL,106 LAWRENCE,Major Arterial,North York,43.726405,-79.395648,Non Intersection,No Control,Clear,"Dawn, artificial",Dry,Property Damage O,Pedestrian Collisions,Pedestrian,15 to 19,Major,,Unknown,,,,,Pedestrian hit at mid-block,Running onto Roadway,Other,,,,Yes,,,,,Yes,,,,,,,,103,Lawrence Park South,103,Lawrence Park South (103),D53,629218.15397346,4842735.69393631
7276,81665821,2001844231,9/22/2022 4:00:00 AM,850,TRETHEWEY DR AND PAULSON ROAD,PAULSON RD,10 m West of,Minor Arterial,,43.693583,-79.482257,Intersection Related,No Control,Clear,Daylight,Dry,Non-Fatal Injury,Pedestrian Collisions,Driver,65 to 69,None,,West,"Automobile, Station Wagon",Going Ahead,Driving Properly,Normal,,,,,,,Yes,,Yes,,,,,,,,,,,112,Beechborough-Greenbrook,112,Beechborough-Greenbrook (112),D12,622309.149349291,4838958.95037998
7277,81665822,2001844231,9/22/2022 4:00:00 AM,850,TRETHEWEY DR AND PAULSON ROAD,PAULSON RD,10 m West of,Minor Arterial,,43.693583,-79.482257,Intersection Related,No Control,Clear,Daylight,Dry,Non-Fatal Injury,Pedestrian Collisions,Pedestrian,15 to 19,Major,,South,,,,,Vehicle is going straight thru inter.while ped cross without ROW,Crossing without right of way,Normal,,,,Yes,,Yes,,,,,,,,,,,112,Beechborough-Greenbrook,112,Beechborough-Greenbrook (112),D12,622309.149349291,4838958.95037998
7278,81666453,2001859884,9/24/2022 4:00:00 AM,1100,BLOOR ST W,GARDENVALE RD,5 m East of,Major Arterial,Etobicoke York,43.645594,-79.518939,At Intersection,Traffic Signal,Clear,Daylight,Dry,Non-Fatal Injury,Pedestrian Collisions,Driver,25 to 29,None,,South,"Automobile, Station Wagon",Turning Left,Failed to Yield Right of Way,Inattentive,,,,,,,Yes,,Yes,,,,,,,Yes,,,,16,Stonegate-Queensway,16,Stonegate-Queensway (16),D22,619448.214731173,4833575.69038799
7279,81666454,2001859884,9/24/2022 4:00:00 AM,1100,BLOOR ST W,GARDENVALE RD,5 m East of,Major Arterial,Etobicoke York,43.645594,-79.518939,At Intersection,Traffic Signal,Clear,Daylight,Dry,Non-Fatal Injury,Pedestrian Collisions,Pedestrian,55 to 59,Major,,North,,,,,Vehicle turns left while ped crosses with ROW at inter.,Crossing with right of way,Normal,,,,Yes,,Yes,,,,,,,Yes,,,,16,Stonegate-Queensway,16,Stonegate-Queensway (16),D22,619448.214731173,4833575.69038799
7280,81665685,2001864755,9/25/2022 4:00:00 AM,316,GAMMA ST,VALERMO DR,,Local,Etobicoke York,43.60818,-79.539325,Non Intersection,No Control,Clear,"Dusk, artificial",Dry,Non-Fatal Injury,Pedestrian Collisions,Driver,45 to 49,None,,South,Passenger Van,Going Ahead,Other,"Ability Impaired, Alcohol Over .08",,,,,,,Yes,,Yes,,,,,,,Yes,,Yes,,20,Alderwood,20,Alderwood (20),D22,617877.166924807,4829391.26786963
7281,81665686,2001864755,9/25/2022 4:00:00 AM,316,GAMMA ST,VALERMO DR,,Local,Etobicoke York,43.60818,-79.539325,Non Intersection,No Control,Clear,"Dusk, artificial",Dry,Non-Fatal Injury,Pedestrian Collisions,Pedestrian,40 to 44,Major,,Unknown,,,,,Pedestrian hit on sidewalk or shoulder,On Sidewalk or Shoulder,Normal,,,,Yes,,Yes,,,,,,,Yes,,Yes,,20,Alderwood,20,Alderwood (20),D22,617877.166924807,4829391.26786963
7282,81707366,2001876381,9/26/2022 4:00:00 AM,1909,COSBURN AV,GLEBEMOUNT AVE,,Minor Arterial,Toronto and East York,43.695437,-79.32162,Intersection Related,Pedestrian Crossover,Rain,"Dark, artificial",Wet,Non-Fatal Injury,Pedestrian Collisions,Driver,30 to 34,None,,East,"Automobile, Station Wagon",Going Ahead,Disobeyed Traffic Control,Inattentive,,,,,,,Yes,,Yes,,,,,,,Yes,,,,59,Danforth East York,59,Danforth East York (59),D55,635250.241962212,4839414.35013159
7283,81707367,2001876381,9/26/2022 4:00:00 AM,1909,COSBURN AV,GLEBEMOUNT AVE,,Minor Arterial,Toronto and East York,43.695437,-79.32162,Intersection Related,Pedestrian Crossover,Rain,"Dark, artificial",Wet,Non-Fatal Injury,Pedestrian Collisions,Pedestrian,60 to 64,Major,,,,,,,Pedestrian hit a PXO/ped. Mid-block signal,"Crossing, Pedestrian Crossover",Normal,,,,Yes,,Yes,,,,,,,Yes,,,,59,Danforth East York,59,Danforth East York (59),D55,635250.241962212,4839414.35013159
7284,81673502,2001876450,9/26/2022 4:00:00 AM,1920,KINGSTON RD,MORNINGSIDE AV,,Major Arterial,Scarborough,43.770507,-79.18687,At Intersection,Traffic Signal,Rain,Dark,Wet,Non-Fatal Injury,Pedestrian Collisions,Driver,40 to 44,None,,East,Municipal Transit Bus (TTC),Turning Left,Driving Properly,Normal,,,,,,,Yes,,,,,Yes,,,,,,,,136,West Hill,136,West Hill (136),D43,645926.592106992,4847980.64477133
7285,81673503,2001876450,9/26/2022 4:00:00 AM,1920,KINGSTON RD,MORNINGSIDE AV,,Major Arterial,Scarborough,43.770507,-79.18687,At Intersection,Traffic Signal,Rain,Dark,Wet,Non-Fatal Injury,Pedestrian Collisions,Pedestrian,25 to 29,Major,,Unknown,,,,,Vehicle turns left while ped crosses without ROW at inter.,Crossing marked crosswalk without ROW,Inattentive,,,,Yes,,,,,Yes,,,,,,,,136,West Hill,136,West Hill (136),D43,645926.592106992,4847980.64477133
7286,81673238,2001891464,9/28/2022 4:00:00 AM,2012,WILSON AVE,DALLNER RD,,Major Arterial,Etobicoke York,43.719824,-79.513767,At Intersection,No Control,Clear,"Dark, artificial",Dry,Non-Fatal Injury,Pedestrian Collisions,Driver,unknown,None,,East,"Automobile, Station Wagon",Going Ahead,Driving Properly,Unknown,,,,,,,Yes,,Yes,,,,,,,,,,,154,Oakdale-Beverley Heights,26,Downsview-Roding-CFB (26),D31,619717.608848148,4841827.38079856
7287,81673239,2001891464,9/28/2022 4:00:00 AM,2012,WILSON AVE,DALLNER RD,,Major Arterial,Etobicoke York,43.719824,-79.513767,At Intersection,No Control,Clear,"Dark, artificial",Dry,Non-Fatal Injury,Pedestrian Collisions,Pedestrian,55 to 59,Major,,Unknown,,,,,Vehicle is going straight thru inter.while ped cross without ROW,Walking on Roadway Against Traffic,Other,,,,Yes,,Yes,,,,,,,,,,,154,Oakdale-Beverley Heights,26,Downsview-Roding-CFB (26),D31,619717.608848148,4841827.38079856
7288,81688315,2001894189,9/29/2022 4:00:00 AM,904,STEELES AVE W,FENMAR DR,,Major Arterial,Etobicoke York,43.766474,-79.564739,At Intersection,Traffic Signal,Clear,Daylight,Dry,Non-Fatal Injury,Pedestrian Collisions,Driver,70 to 74,None,,South,Pick Up Truck,Turning Left,Failed to Yield Right of Way,Inattentive,,,,,,,Yes,,Yes,,,,,Yes,,Yes,,,,21,Humber Summit,21,Humber Summit (21),D31,615521.973653696,4846936.17031821
7289,81688316,2001894189,9/29/2022 4:00:00 AM,904,STEELES AVE W,FENMAR DR,,Major Arterial,Etobicoke York,43.766474,-79.564739,At Intersection,Traffic Signal,Clear,Daylight,Dry,Non-Fatal Injury,Pedestrian Collisions,Passenger,65 to 69,None,,,,,,,,,,,,,Yes,,Yes,,,,,Yes,,Yes,,,,21,Humber Summit,21,Humber Summit (21),D31,615521.973653696,4846936.17031821
7290,81688317,2001894189,9/29/2022 4:00:00 AM,904,STEELES AVE W,FENMAR DR,,Major Arterial,Etobicoke York,43.766474,-79.564739,At Intersection,Traffic Signal,Clear,Daylight,Dry,Non-Fatal Injury,Pedestrian Collisions,Pedestrian,50 to 54,Major,,North,,,,,Vehicle turns left while ped crosses with ROW at inter.,Crossing with right of way,Normal,,,,Yes,,Yes,,,,,Yes,,Yes,,,,21,Humber Summit,21,Humber Summit (21),D31,615521.973653696,4846936.17031821
7291,81667084,2001905181,9/30/2022 4:00:00 AM,1731,CARLTON ST,JARVIS ST,,Major Arterial,Toronto and East York,43.662413,-79.376689,At Intersection,Traffic Signal,Clear,Daylight,Dry,Non-Fatal Injury,Pedestrian Collisions,Driver,25 to 29,None,,West,"Automobile, Station Wagon",Turning Left,Failed to Yield Right of Way,Normal,,,,,,,Yes,,Yes,Yes,,,,Yes,,Yes,,,,73,Moss Park,73,Moss Park (73),D51,630884.310613812,4835658.22934923
7292,81667085,2001905181,9/30/2022 4:00:00 AM,1731,CARLTON ST,JARVIS ST,,Major Arterial,Toronto and East York,43.662413,-79.376689,At Intersection,Traffic Signal,Clear,Daylight,Dry,Non-Fatal Injury,Pedestrian Collisions,Motorcycle Driver,55 to 59,Major,,East,Motorcycle,Going Ahead,Driving Properly,Normal,,,,,,,Yes,,Yes,Yes,,,,Yes,,Yes,,,,73,Moss Park,73,Moss Park (73),D51,630884.310613812,4835658.22934923
7293,81667086,2001905181,9/30/2022 4:00:00 AM,1731,CARLTON ST,JARVIS ST,,Major Arterial,Toronto and East York,43.662413,-79.376689,At Intersection,Traffic Signal,Clear,Daylight,Dry,Non-Fatal Injury,Pedestrian Collisions,Passenger,unknown,None,,,,,,,,,,,,,Yes,,Yes,Yes,,,,Yes,,Yes,,,,73,Moss Park,73,Moss Park (73),D51,630884.310613812,4835658.22934923
7294,81667087,2001905181,9/30/2022 4:00:00 AM,1731,CARLTON ST,JARVIS ST,,Major Arterial,Toronto and East York,43.662413,-79.376689,At Intersection,Traffic Signal,Clear,Daylight,Dry,Non-Fatal Injury,Pedestrian Collisions,Pedestrian,35 to 39,Minimal,,Unknown,,,,,Pedestrian hit on sidewalk or shoulder,On Sidewalk or Shoulder,Normal,,,,Yes,,Yes,Yes,,,,Yes,,Yes,,,,73,Moss Park,73,Moss Park (73),D51,630884.310613812,4835658.22934923
7295,81667088,2001905181,9/30/2022 4:00:00 AM,1731,CARLTON ST,JARVIS ST,,Major Arterial,Toronto and East York,43.662413,-79.376689,At Intersection,Traffic Signal,Clear,Daylight,Dry,Non-Fatal Injury,Pedestrian Collisions,Pedestrian,35 to 39,Minimal,,Unknown,,,,,Pedestrian hit on sidewalk or shoulder,On Sidewalk or Shoulder,Normal,,,,Yes,,Yes,Yes,,,,Yes,,Yes,,,,73,Moss Park,73,Moss Park (73),D51,630884.310613812,4835658.22934923
7296,81702733,2001916054,10/2/2022 4:00:00 AM,934,DUNDAS ST W,BROCK AVE,3 m North of,Minor Arterial,Toronto and East York,43.649817,-79.435558,At Intersection,Traffic Signal,Clear,Daylight,Dry,Non-Fatal Injury,Pedestrian Collisions,Driver,55 to 59,None,,South,"Automobile, Station Wagon",Turning Left,Failed to Yield Right of Way,Inattentive,,,,,,,Yes,,Yes,,,,,,,Yes,,,,84,Little Portugal,84,Little Portugal (84),D11,626164.149762303,4834168.09310325
7297,81702734,2001916054,10/2/2022 4:00:00 AM,934,DUNDAS ST W,BROCK AVE,3 m North of,Minor Arterial,Toronto and East York,43.649817,-79.435558,At Intersection,Traffic Signal,Clear,Daylight,Dry,Non-Fatal Injury,Pedestrian Collisions,Pedestrian,85 to 89,Major,,North,,,,,Vehicle turns left while ped crosses with ROW at inter.,Crossing with right of way,Normal,,,,Yes,,Yes,,,,,,,Yes,,,,84,Little Portugal,84,Little Portugal (84),D11,626164.149762303,4834168.09310325