OBJECTID,INDEX,ACCNUM,DATE,TIME,STREET1,STREET2,OFFSET,ROAD_CLASS,DISTRICT,LATITUDE,LONGITUDE,ACCLOC,TRAFFCTL,VISIBILITY,LIGHT,RDSFCOND,ACCLASS,IMPACTYPE,INVTYPE,INVAGE,INJURY,FATAL_NO,INITDIR,VEHTYPE,MANOEUVER,DRIVACT,DRIVCOND,PEDTYPE,PEDACT,PEDCOND,CYCLISTYPE,CYCACT,CYCCOND,PEDESTRIAN,CYCLIST,AUTOMOBILE,MOTORCYCLE,TRUCK,TRSN_CITY_VEH,EMERG_VEH,PASSENGER,SPEEDING,AG_DRIV,REDLIGHT,ALCOHOL,DISABILITY,HOOD_158,NEIGHBOURHOOD_158,HOOD_140,NEIGHBOURHOOD_140,DIVISION,x,y
7298,81666602,2001965274,10/9/2022 4:00:00 AM,1021,BATHURST ST,DEWLANE DR,25 m North o,Major Arterial,North York,43.785918,-79.446056,Non Intersection,No Control,Clear,Daylight,Dry,Non-Fatal Injury,Pedestrian Collisions,Driver,30 to 34,None,,South,Municipal Transit Bus (TTC),Going Ahead,Driving Properly,Normal,,,,,,,Yes,,,,,Yes,,Yes,,,,,,35,Westminster-Branson,35,Westminster-Branson (35),D32,625034.132022507,4849268.13079414
7299,81666603,2001965274,10/9/2022 4:00:00 AM,1021,BATHURST ST,DEWLANE DR,25 m North o,Major Arterial,North York,43.785918,-79.446056,Non Intersection,No Control,Clear,Daylight,Dry,Non-Fatal Injury,Pedestrian Collisions,Passenger,70 to 74,Minimal,,,,,,,,,,,,,Yes,,,,,Yes,,Yes,,,,,,35,Westminster-Branson,35,Westminster-Branson (35),D32,625034.132022507,4849268.13079414
7300,81666604,2001965274,10/9/2022 4:00:00 AM,1021,BATHURST ST,DEWLANE DR,25 m North o,Major Arterial,North York,43.785918,-79.446056,Non Intersection,No Control,Clear,Daylight,Dry,Non-Fatal Injury,Pedestrian Collisions,Pedestrian,20 to 24,Major,,East,,,,,Pedestrian involved in a collision with transit vehicle anywhere along roadway,Other,Other,,,,Yes,,,,,Yes,,Yes,,,,,,35,Westminster-Branson,35,Westminster-Branson (35),D32,625034.132022507,4849268.13079414
7301,81687857,2002003837,10/14/2022 4:00:00 AM,2118,REXDALE BLVD,QUEENS PLATE DR,,Major Arterial,Etobicoke York,43.716525,-79.592578,At Intersection,Traffic Signal,Clear,"Dark, artificial",Dry,Non-Fatal Injury,Pedestrian Collisions,Driver,50 to 54,None,,East,"Automobile, Station Wagon",Going Ahead,Driving Properly,Normal,,,,,,,Yes,,Yes,,,,,,,,,,,1,West Humber-Clairville,1,West Humber-Clairville (1),D23,613375.4777935,4841350.16360385
7302,81687858,2002003837,10/14/2022 4:00:00 AM,2118,REXDALE BLVD,QUEENS PLATE DR,,Major Arterial,Etobicoke York,43.716525,-79.592578,At Intersection,Traffic Signal,Clear,"Dark, artificial",Dry,Non-Fatal Injury,Pedestrian Collisions,Pedestrian,55 to 59,Major,,South,,,,,Vehicle is going straight thru inter.while ped cross without ROW,Crossing without right of way,Had Been Drinking,,,,Yes,,Yes,,,,,,,,,,,1,West Humber-Clairville,1,West Humber-Clairville (1),D23,613375.4777935,4841350.16360385
7303,81667607,2002039370,10/20/2022 4:00:00 AM,726,DUFFERIN ST,FINCH AVE W,25 m North o,Major Arterial,North York,43.768851,-79.46693,Non Intersection,No Control,Clear,Dark,Dry,Non-Fatal Injury,Pedestrian Collisions,Driver,60 to 64,None,,South,Municipal Transit Bus (TTC),Going Ahead,Driving Properly,Normal,,,,,,,Yes,,,,,Yes,,,,,,,,27,York University Heights,27,York University Heights (27),D32,623389.644325795,4847341.26424898
7304,81667608,2002039370,10/20/2022 4:00:00 AM,726,DUFFERIN ST,FINCH AVE W,25 m North o,Major Arterial,North York,43.768851,-79.46693,Non Intersection,No Control,Clear,Dark,Dry,Non-Fatal Injury,Pedestrian Collisions,Pedestrian,65 to 69,Major,,West,,,,,Pedestrian involved in a collision with transit vehicle anywhere along roadway,"Crossing, no Traffic Control",Inattentive,,,,Yes,,,,,Yes,,,,,,,,27,York University Heights,27,York University Heights (27),D32,623389.644325795,4847341.26424898
7305,81688757,2002076009,10/25/2022 4:00:00 AM,1028,BLOOR ST W,DURIE ST,3 m East of,Major Arterial,Toronto and East York,43.650427,-79.479053,At Intersection,Traffic Signal,Clear,Daylight,Dry,Non-Fatal Injury,Pedestrian Collisions,Driver,30 to 34,None,,South,Pick Up Truck,Turning Left,Failed to Yield Right of Way,Normal,,,,,,,Yes,,Yes,,,,,,,Yes,,,,87,High Park-Swansea,87,High Park-Swansea (87),D11,622655.229157146,4834170.63540253
7306,81688758,2002076009,10/25/2022 4:00:00 AM,1028,BLOOR ST W,DURIE ST,3 m East of,Major Arterial,Toronto and East York,43.650427,-79.479053,At Intersection,Traffic Signal,Clear,Daylight,Dry,Non-Fatal Injury,Pedestrian Collisions,Pedestrian,90 to 94,Major,,North,,,,,Vehicle turns left while ped crosses with ROW at inter.,Crossing with right of way,Normal,,,,Yes,,Yes,,,,,,,Yes,,,,87,High Park-Swansea,87,High Park-Swansea (87),D11,622655.229157146,4834170.63540253
7307,81688606,2002085156,10/26/2022 4:00:00 AM,1420,KENNEDY RD,TROJAN GT,,Major Arterial,Scarborough,43.803809,-79.298167,At Intersection,Traffic Signal,Rain,Daylight,Wet,Non-Fatal Injury,Pedestrian Collisions,Driver,55 to 59,None,,East,"Automobile, Station Wagon",Turning Left,Failed to Yield Right of Way,Inattentive,,,,,,,Yes,,Yes,,,,,,,Yes,,,,130,Milliken,130,Milliken (130),D42,636892.901251575,4851489.22258952
7308,81688607,2002085156,10/26/2022 4:00:00 AM,1420,KENNEDY RD,TROJAN GT,,Major Arterial,Scarborough,43.803809,-79.298167,At Intersection,Traffic Signal,Rain,Daylight,Wet,Non-Fatal Injury,Pedestrian Collisions,Pedestrian,40 to 44,Major,,North,,,,,Vehicle turns left while ped crosses with ROW at inter.,Crossing with right of way,Normal,,,,Yes,,Yes,,,,,,,Yes,,,,130,Milliken,130,Milliken (130),D42,636892.901251575,4851489.22258952
7309,81667605,2002101830,10/28/2022 4:00:00 AM,1953,BATHURST ST,DUPONT ST,,Major Arterial,Toronto and East York,43.673144,-79.414356,At Intersection,Traffic Signal,Clear,"Dark, artificial",Dry,Non-Fatal Injury,Pedestrian Collisions,Truck Driver,35 to 39,None,,West,Truck - Open,Going Ahead,Exceeding Speed Limit,Inattentive,,,,,,,Yes,,,,Yes,,,,Yes,Yes,,,,95,Annex,95,Annex (95),D14,627824.485090511,4836791.31714435
7310,81667606,2002101830,10/28/2022 4:00:00 AM,1953,BATHURST ST,DUPONT ST,,Major Arterial,Toronto and East York,43.673144,-79.414356,At Intersection,Traffic Signal,Clear,"Dark, artificial",Dry,Non-Fatal Injury,Pedestrian Collisions,Pedestrian,70 to 74,Major,,Unknown,,,,,Vehicle is going straight thru inter.while ped cross without ROW,Other,Normal,,,,Yes,,,,Yes,,,,Yes,Yes,,,,95,Annex,95,Annex (95),D14,627824.485090511,4836791.31714435
7311,81679736,2002116363,10/31/2022 4:00:00 AM,1,KINGSTON RD,WARDEN AVE,,Major Arterial,Scarborough,43.687659,-79.270877,At Intersection,Traffic Signal,Clear,"Dark, artificial",Dry,Non-Fatal Injury,Pedestrian Collisions,Driver,25 to 29,None,,South,Intercity Bus,Turning Left,Failed to Yield Right of Way,Inattentive,,,,,,,Yes,,,,,Yes,,,,Yes,,,,122,Birchcliffe-Cliffside,122,Birchcliffe-Cliffside (122),D41,639357.368479867,4838634.51823145
7312,81679737,2002116363,10/31/2022 4:00:00 AM,1,KINGSTON RD,WARDEN AVE,,Major Arterial,Scarborough,43.687659,-79.270877,At Intersection,Traffic Signal,Clear,"Dark, artificial",Dry,Non-Fatal Injury,Pedestrian Collisions,Pedestrian,50 to 54,Major,,Unknown,,,,,Vehicle turns left while ped crosses with ROW at inter.,Crossing with right of way,Had Been Drinking,,,,Yes,,,,,Yes,,,,Yes,,,,122,Birchcliffe-Cliffside,122,Birchcliffe-Cliffside (122),D41,639357.368479867,4838634.51823145
7313,81673647,2002125571,11/1/2022 4:00:00 AM,930,540 Finch Ave W,,157 m West o,Major Arterial,North York,43.773532,-79.444728,Non Intersection,No Control,Rain,Daylight,Wet,Property Damage O,Pedestrian Collisions,Driver,45 to 49,None,,West,"Automobile, Station Wagon",Going Ahead,Driving Properly,Normal,,,,,,,Yes,,Yes,,,,,,,,,,,35,Westminster-Branson,35,Westminster-Branson (35),D32,625166.829598794,4847894.48283153
7314,81673648,2002125571,11/1/2022 4:00:00 AM,930,540 Finch Ave W,,157 m West o,Major Arterial,North York,43.773532,-79.444728,Non Intersection,No Control,Rain,Daylight,Wet,Property Damage O,Pedestrian Collisions,Pedestrian,80 to 84,Major,,South,,,,,Pedestrian hit at mid-block,"Crossing, no Traffic Control",Unknown,,,,Yes,,Yes,,,,,,,,,,,35,Westminster-Branson,35,Westminster-Branson (35),D32,625166.829598794,4847894.48283153
7315,81679833,2002142687,11/3/2022 4:00:00 AM,1500,LESLIE ST,RAVEL RD,,Major Arterial,North York,43.791484,-79.36835,At Intersection,Stop Sign,"Fog, Mist, Smoke, Dust",Daylight,Dry,Non-Fatal Injury,Pedestrian Collisions,Driver,55 to 59,None,,West,"Automobile, Station Wagon",Turning Left,Improper Turn,Inattentive,,,,,,,Yes,,Yes,,,,,,,,,,,48,Hillcrest Village,48,Hillcrest Village (48),D33,631274.418381331,4850006.62778933
7316,81679834,2002142687,11/3/2022 4:00:00 AM,1500,LESLIE ST,RAVEL RD,,Major Arterial,North York,43.791484,-79.36835,At Intersection,Stop Sign,"Fog, Mist, Smoke, Dust",Daylight,Dry,Non-Fatal Injury,Pedestrian Collisions,Pedestrian,25 to 29,Major,,East,,,,,Vehicle turns left while ped crosses without ROW at inter.,Crossing without right of way,Normal,,,,Yes,,Yes,,,,,,,,,,,48,Hillcrest Village,48,Hillcrest Village (48),D33,631274.418381331,4850006.62778933
7317,81680319,2002154142,11/5/2022 4:00:00 AM,210,BATHURST ST,HARBORD ST,6 m North of,Major Arterial,Toronto and East York,43.661509,-79.40974,Intersection Related,Traffic Signal,Clear,"Dark, artificial",Dry,Non-Fatal Injury,Pedestrian Collisions,Driver,unknown,None,,South,"Automobile, Station Wagon",Going Ahead,Other,Unknown,,,,,,,Yes,,Yes,,,,,,,,,,,79,University,79,University (79),D14,628221.371944731,4835506.21863904
7318,81680320,2002154142,11/5/2022 4:00:00 AM,210,BATHURST ST,HARBORD ST,6 m North of,Major Arterial,Toronto and East York,43.661509,-79.40974,Intersection Related,Traffic Signal,Clear,"Dark, artificial",Dry,Non-Fatal Injury,Pedestrian Collisions,Pedestrian,20 to 24,Major,,East,,,,,Other / Undefined,Other,Other,,,,Yes,,Yes,,,,,,,,,,,79,University,79,University (79),D14,628221.371944731,4835506.21863904
7319,81703296,2002181067,11/8/2022 5:00:00 AM,1808,MILLWICK DR,ISLINGTON AVE,1 m West of,Major Arterial,Etobicoke York,43.759955,-79.571773,At Intersection,Traffic Signal,Clear,"Dark, artificial",Dry,Non-Fatal Injury,Pedestrian Collisions,Driver,65 to 69,None,,West,"Automobile, Station Wagon",Turning Left,Failed to Yield Right of Way,Inattentive,,,,,,,Yes,,Yes,,,,,,,Yes,,,,21,Humber Summit,21,Humber Summit (21),D31,614968.300017892,4846202.35131174
7320,81703297,2002181067,11/8/2022 5:00:00 AM,1808,MILLWICK DR,ISLINGTON AVE,1 m West of,Major Arterial,Etobicoke York,43.759955,-79.571773,At Intersection,Traffic Signal,Clear,"Dark, artificial",Dry,Non-Fatal Injury,Pedestrian Collisions,Pedestrian,45 to 49,Major,,East,,,,,Vehicle turns left while ped crosses with ROW at inter.,Crossing with right of way,Normal,,,,Yes,,Yes,,,,,,,Yes,,,,21,Humber Summit,21,Humber Summit (21),D31,614968.300017892,4846202.35131174
7321,81679838,2002186776,11/9/2022 5:00:00 AM,1422,BAYVIEW AVE,RUDDINGTON DR,,Major Arterial,North York,43.788016,-79.392719,At Intersection,Traffic Signal,Clear,Daylight,Dry,Non-Fatal Injury,Pedestrian Collisions,Driver,85 to 89,None,,West,"Automobile, Station Wagon",Turning Left,Failed to Yield Right of Way,Inattentive,,,,,,,Yes,,Yes,,,,,,,Yes,,,,49,Bayview Woods-Steeles,49,Bayview Woods-Steeles (49),D33,629321.271290446,4849583.09146264
7322,81679839,2002186776,11/9/2022 5:00:00 AM,1422,BAYVIEW AVE,RUDDINGTON DR,,Major Arterial,North York,43.788016,-79.392719,At Intersection,Traffic Signal,Clear,Daylight,Dry,Non-Fatal Injury,Pedestrian Collisions,Pedestrian,80 to 84,Major,,East,,,,,Vehicle turns left while ped crosses with ROW at inter.,Crossing with right of way,Normal,,,,Yes,,Yes,,,,,,,Yes,,,,49,Bayview Woods-Steeles,49,Bayview Woods-Steeles (49),D33,629321.271290446,4849583.09146264
7323,81679796,2002210376,11/12/2022 5:00:00 AM,2030,SHOREHAM DR,IAN MACDONALD BLVD,,Minor Arterial,North York,43.772437,-79.511371,Intersection Related,Traffic Signal,Clear,"Dark, artificial",Dry,Non-Fatal Injury,Pedestrian Collisions,Driver,unknown,None,,Unknown,,Unknown,Other,Unknown,,,,,,,Yes,,,,,,,,,,,,,27,York University Heights,27,York University Heights (27),D31,619805.608144897,4847674.28239007
7324,81679797,2002210376,11/12/2022 5:00:00 AM,2030,SHOREHAM DR,IAN MACDONALD BLVD,,Minor Arterial,North York,43.772437,-79.511371,Intersection Related,Traffic Signal,Clear,"Dark, artificial",Dry,Non-Fatal Injury,Pedestrian Collisions,Pedestrian,15 to 19,Major,,Unknown,,,,,Unknown,Crossing with right of way,Normal,,,,Yes,,,,,,,,,,,,,27,York University Heights,27,York University Heights (27),D31,619805.608144897,4847674.28239007
7325,81679947,2002229389,11/15/2022 5:00:00 AM,1656,MARTIN GROVE RD,ALBION RD,60 m North o,Minor Arterial,,43.7429,-79.594669,Non Intersection,No Control,Clear,"Dusk, artificial",Wet,Non-Fatal Injury,Pedestrian Collisions,Driver,80 to 84,None,,South,"Automobile, Station Wagon",Going Ahead,Driving Properly,Normal,,,,,,,Yes,,Yes,,,,,,,,,,,2,Mount Olive-Silverstone-Jamestown,2,Mount Olive-Silverstone-Jamestown (2),D23,613157.359055345,4844276.61974304
7326,81679948,2002229389,11/15/2022 5:00:00 AM,1656,MARTIN GROVE RD,ALBION RD,60 m North o,Minor Arterial,,43.7429,-79.594669,Non Intersection,No Control,Clear,"Dusk, artificial",Wet,Non-Fatal Injury,Pedestrian Collisions,Pedestrian,30 to 34,Major,,West,,,,,Pedestrian hit at mid-block,"Crossing, no Traffic Control",Inattentive,,,,Yes,,Yes,,,,,,,,,,,2,Mount Olive-Silverstone-Jamestown,2,Mount Olive-Silverstone-Jamestown (2),D23,613157.359055345,4844276.61974304
7327,81680676,2002230917,11/15/2022 5:00:00 AM,2127,WILSON HEIGHTS BV,REINER RD,1 m South of,Minor Arterial,North York,43.748702,-79.454868,At Intersection,Traffic Signal,Snow,"Dark, artificial",Wet,Non-Fatal Injury,Pedestrian Collisions,Driver,50 to 54,None,,West,"Automobile, Station Wagon",Turning Left,Failed to Yield Right of Way,Inattentive,,,,,,,Yes,,Yes,,,,,,,Yes,,,,33,Clanton Park,33,Clanton Park (33),D32,624402.215663944,4845121.46207211
7328,81680677,2002230917,11/15/2022 5:00:00 AM,2127,WILSON HEIGHTS BV,REINER RD,1 m South of,Minor Arterial,North York,43.748702,-79.454868,At Intersection,Traffic Signal,Snow,"Dark, artificial",Wet,Non-Fatal Injury,Pedestrian Collisions,Pedestrian,25 to 29,Major,,East,,,,,Vehicle turns left while ped crosses with ROW at inter.,Crossing with right of way,Normal,,,,Yes,,Yes,,,,,,,Yes,,,,33,Clanton Park,33,Clanton Park (33),D32,624402.215663944,4845121.46207211
7329,81680811,2002299583,11/25/2022 5:00:00 AM,1251,1100 QUEEN ST W,,10 m West of,Major Arterial,Toronto and East York,43.643286,-79.422908,Non Intersection,No Control,Clear,Daylight,Dry,Non-Fatal Injury,Pedestrian Collisions,Driver,85 to 89,None,,East,"Automobile, Station Wagon",Going Ahead,Driving Properly,Normal,,,,,,,Yes,,Yes,,,,,,,,,,,84,Little Portugal,84,Little Portugal (84),D14,627198.100768837,4833462.0507318
7330,81680812,2002299583,11/25/2022 5:00:00 AM,1251,1100 QUEEN ST W,,10 m West of,Major Arterial,Toronto and East York,43.643286,-79.422908,Non Intersection,No Control,Clear,Daylight,Dry,Non-Fatal Injury,Pedestrian Collisions,Pedestrian,20 to 24,Major,,North,,,,,Pedestrian hit at mid-block,"Crossing, no Traffic Control",Inattentive,,,,Yes,,Yes,,,,,,,,,,,84,Little Portugal,84,Little Portugal (84),D14,627198.100768837,4833462.0507318
7331,81680770,2002306761,11/26/2022 5:00:00 AM,1248,LAKE SHORE BV W,LONG BRANCH AV,70 m West of,Major Arterial,Etobicoke York,43.594088,-79.534808,Non Intersection,No Control,Clear,Daylight,Dry,Non-Fatal Injury,Pedestrian Collisions,,85 to 89,None,,West,"Automobile, Station Wagon",Reversing,,,,,,,,,Yes,,Yes,,,,,,,,,,,19,Long Branch,19,Long Branch (19),D22,618269.301234254,4827832.60554018
7332,81680771,2002306761,11/26/2022 5:00:00 AM,1248,LAKE SHORE BV W,LONG BRANCH AV,70 m West of,Major Arterial,Etobicoke York,43.594088,-79.534808,Non Intersection,No Control,Clear,Daylight,Dry,Non-Fatal Injury,Pedestrian Collisions,Pedestrian,75 to 79,Major,,Unknown,,,,,Vehicle is reversing and hits pedestrian,Person Getting on/off Vehicle,Unknown,,,,Yes,,Yes,,,,,,,,,,,19,Long Branch,19,Long Branch (19),D22,618269.301234254,4827832.60554018
7333,81687885,2002315818,11/27/2022 5:00:00 AM,1810,BATHURST ST,FORT YORK BLVD,,Major Arterial,Toronto and East York,43.638747,-79.400577,At Intersection,Traffic Signal,Rain,"Dark, artificial",Wet,Non-Fatal Injury,Pedestrian Collisions,Driver,35 to 39,None,,West,"Automobile, Station Wagon",Turning Left,Failed to Yield Right of Way,Inattentive,,,,,,,Yes,,Yes,,,,,,,Yes,,,,165,Harbourfront-CityPlace,77,Waterfront Communities-The Island (77),D14,629008.908574978,4832992.40293806
7334,81687886,2002315818,11/27/2022 5:00:00 AM,1810,BATHURST ST,FORT YORK BLVD,,Major Arterial,Toronto and East York,43.638747,-79.400577,At Intersection,Traffic Signal,Rain,"Dark, artificial",Wet,Non-Fatal Injury,Pedestrian Collisions,Pedestrian,20 to 24,Major,,West,,,,,Vehicle turns left while ped crosses with ROW at inter.,Crossing with right of way,Normal,,,,Yes,,Yes,,,,,,,Yes,,,,165,Harbourfront-CityPlace,77,Waterfront Communities-The Island (77),D14,629008.908574978,4832992.40293806
7335,81680541,2002316382,11/27/2022 5:00:00 AM,1943,ALBION RD,TODD BROOK DR,8 m East of,Major Arterial,Etobicoke York,43.73828,-79.57162,Intersection Related,No Control,Rain,"Dark, artificial",Wet,Property Damage O,Pedestrian Collisions,Driver,40 to 44,None,,West,"Automobile, Station Wagon",Going Ahead,Driving Properly,Normal,,,,,,,Yes,,Yes,,,,,,,,,,,3,Thistletown-Beaumond Heights,3,Thistletown-Beaumond Heights (3),D23,615022.124817801,4843795.24182387
7336,81680542,2002316382,11/27/2022 5:00:00 AM,1943,ALBION RD,TODD BROOK DR,8 m East of,Major Arterial,Etobicoke York,43.73828,-79.57162,Intersection Related,No Control,Rain,"Dark, artificial",Wet,Property Damage O,Pedestrian Collisions,Pedestrian,45 to 49,Major,,South,,,,,Vehicle is going straight thru inter.while ped cross without ROW,Crossing without right of way,Other,,,,Yes,,Yes,,,,,,,,,,,3,Thistletown-Beaumond Heights,3,Thistletown-Beaumond Heights (3),D23,615022.124817801,4843795.24182387
7337,81688854,2002319142,11/28/2022 5:00:00 AM,840,LINDEN AVE,HARMONY AVE,1 m North of,Local,Scarborough,43.72008,-79.25677,Intersection Related,No Control,Clear,Daylight,Dry,Non-Fatal Injury,Pedestrian Collisions,Driver,35 to 39,None,,South,"Automobile, Station Wagon",Going Ahead,Driving Properly,Normal,,,,,,,Yes,,Yes,,,,,,,,,,,124,Kennedy Park,124,Kennedy Park (124),D41,640418.607048803,4842259.14164158
7338,81688855,2002319142,11/28/2022 5:00:00 AM,840,LINDEN AVE,HARMONY AVE,1 m North of,Local,Scarborough,43.72008,-79.25677,Intersection Related,No Control,Clear,Daylight,Dry,Non-Fatal Injury,Pedestrian Collisions,Pedestrian,10 to 14,Major,,West,,,,,Vehicle is going straight thru inter.while ped cross without ROW,Running onto Roadway,Normal,,,,Yes,,Yes,,,,,,,,,,,124,Kennedy Park,124,Kennedy Park (124),D41,640418.607048803,4842259.14164158
7339,81689064,2002374058,12/5/2022 5:00:00 AM,1505,INNISWOOD DR,HOWARTH AVE,56 m West of,Local,Scarborough,43.73823,-79.305957,Non Intersection,No Control,Clear,Daylight,Dry,Non-Fatal Injury,Pedestrian Collisions,Driver,40 to 44,None,,West,"Automobile, Station Wagon",Going Ahead,Driving Properly,Normal,,,,,,,Yes,,Yes,,,,,Yes,,,,,,119,Wexford/Maryvale,119,Wexford/Maryvale (119),D41,636415.296889357,4844192.80258181
7340,81689065,2002374058,12/5/2022 5:00:00 AM,1505,INNISWOOD DR,HOWARTH AVE,56 m West of,Local,Scarborough,43.73823,-79.305957,Non Intersection,No Control,Clear,Daylight,Dry,Non-Fatal Injury,Pedestrian Collisions,Passenger,10 to 14,None,,,,,,,,,,,,,Yes,,Yes,,,,,Yes,,,,,,119,Wexford/Maryvale,119,Wexford/Maryvale (119),D41,636415.296889357,4844192.80258181
7341,81689066,2002374058,12/5/2022 5:00:00 AM,1505,INNISWOOD DR,HOWARTH AVE,56 m West of,Local,Scarborough,43.73823,-79.305957,Non Intersection,No Control,Clear,Daylight,Dry,Non-Fatal Injury,Pedestrian Collisions,Pedestrian,10 to 14,Major,,South,,,,,Pedestrian hit at mid-block,Running onto Roadway,Inattentive,,,,Yes,,Yes,,,,,Yes,,,,,,119,Wexford/Maryvale,119,Wexford/Maryvale (119),D41,636415.296889357,4844192.80258181
7342,81688383,2002376276,12/5/2022 5:00:00 AM,2018,LAWRENCE AV E,CURLEW DRIVE,80 m East of,Major Arterial,North York,43.741168,-79.317989,Non Intersection,No Control,Clear,"Dark, artificial",Dry,Non-Fatal Injury,Pedestrian Collisions,Driver,55 to 59,None,,West,"Automobile, Station Wagon",Going Ahead,Driving Properly,Normal,,,,,,,Yes,,Yes,,,,,,,,,,,43,Victoria Village,43,Victoria Village (43),D33,635439.766965748,4844499.37011917
7343,81688384,2002376276,12/5/2022 5:00:00 AM,2018,LAWRENCE AV E,CURLEW DRIVE,80 m East of,Major Arterial,North York,43.741168,-79.317989,Non Intersection,No Control,Clear,"Dark, artificial",Dry,Non-Fatal Injury,Pedestrian Collisions,Driver,20 to 24,None,,West,"Automobile, Station Wagon",Going Ahead,Driving Properly,Normal,,,,,,,Yes,,Yes,,,,,,,,,,,43,Victoria Village,43,Victoria Village (43),D33,635439.766965748,4844499.37011917
7344,81688385,2002376276,12/5/2022 5:00:00 AM,2018,LAWRENCE AV E,CURLEW DRIVE,80 m East of,Major Arterial,North York,43.741168,-79.317989,Non Intersection,No Control,Clear,"Dark, artificial",Dry,Non-Fatal Injury,Pedestrian Collisions,Pedestrian,60 to 64,Major,,Unknown,,,,,Pedestrian hit at mid-block,"Crossing, no Traffic Control","Ability Impaired, Drugs",,,,Yes,,Yes,,,,,,,,,,,43,Victoria Village,43,Victoria Village (43),D33,635439.766965748,4844499.37011917
7345,81704603,2002405693,12/9/2022 5:00:00 AM,1710,JANE ST,FINCH AVE W,25 m West of,Major Arterial,,43.755824,-79.517314,Non Intersection,No Control,Clear,Daylight,Dry,Non-Fatal Injury,Pedestrian Collisions,Driver,55 to 59,None,,North,Pick Up Truck,Going Ahead,Other,Normal,,,,,,,Yes,,Yes,,,,,,,,,,,25,Glenfield-Jane Heights,25,Glenfield-Jane Heights (25),D31,619360.342913854,4845820.58053659
7346,81704604,2002405693,12/9/2022 5:00:00 AM,1710,JANE ST,FINCH AVE W,25 m West of,Major Arterial,,43.755824,-79.517314,Non Intersection,No Control,Clear,Daylight,Dry,Non-Fatal Injury,Pedestrian Collisions,Pedestrian,40 to 44,Major,,West,,,,,Pedestrian hit at private driveway,"Crossing, no Traffic Control",Normal,,,,Yes,,Yes,,,,,,,,,,,25,Glenfield-Jane Heights,25,Glenfield-Jane Heights (25),D31,619360.342913854,4845820.58053659
7347,81687243,2002424464,12/12/2022 5:00:00 AM,1118,DUNDAS ST W,SPADINA AVE,,Major Arterial,Toronto and East York,43.652869,-79.398006,At Intersection,Traffic Signal,Clear,Daylight,Dry,Fatal,Pedestrian Collisions,Driver,55 to 59,None,,West,"Automobile, Station Wagon",Turning Right,Failed to Yield Right of Way,Inattentive,,,,,,,Yes,,Yes,,,,,,,Yes,,,,78,Kensington-Chinatown,78,Kensington-Chinatown (78),D52,629186.011241904,4834564.8337786
7348,81687244,2002424464,12/12/2022 5:00:00 AM,1118,DUNDAS ST W,SPADINA AVE,,Major Arterial,Toronto and East York,43.652869,-79.398006,At Intersection,Traffic Signal,Clear,Daylight,Dry,Fatal,Pedestrian Collisions,Pedestrian,70 to 74,Fatal,49,West,,,,,Vehicle turns right while ped crosses with ROW at inter.,Crossing with right of way,Other,,,,Yes,,Yes,,,,,,,Yes,,,,78,Kensington-Chinatown,78,Kensington-Chinatown (78),D52,629186.011241904,4834564.8337786
7349,81688808,2002447253,12/15/2022 5:00:00 AM,1134,MAITLAND PL,HOMEWOOD AVE,,Collector,Toronto and East York,43.665648,-79.375507,At Intersection,No Control,Freezing Rain,Daylight,Wet,Non-Fatal Injury,Pedestrian Collisions,Driver,60 to 64,Major,,North,"Automobile, Station Wagon",Turning Left,Improper Turn,Inattentive,,,,,,,Yes,,Yes,,,,,,Yes,Yes,,,,71,Cabbagetown-South St.James Town,71,Cabbagetown-South St.James Town (71),D51,630972.578731289,4836019.38475341
7350,81688809,2002447253,12/15/2022 5:00:00 AM,1134,MAITLAND PL,HOMEWOOD AVE,,Collector,Toronto and East York,43.665648,-79.375507,At Intersection,No Control,Freezing Rain,Daylight,Wet,Non-Fatal Injury,Pedestrian Collisions,Pedestrian,unknown,Minor,,Unknown,,,,,Vehicle turns left while ped crosses with ROW at inter.,Other,Other,,,,Yes,,Yes,,,,,,Yes,Yes,,,,71,Cabbagetown-South St.James Town,71,Cabbagetown-South St.James Town (71),D51,630972.578731289,4836019.38475341
7351,81705055,2002449618,12/15/2022 5:00:00 AM,1720,SHAW ST,KING ST W,,Major Arterial,Toronto and East York,43.641364,-79.414981,At Intersection,Traffic Signal,Freezing Rain,"Dark, artificial",Slush,Non-Fatal Injury,Pedestrian Collisions,Driver,25 to 29,None,,South,"Automobile, Station Wagon",Turning Right,Failed to Yield Right of Way,Inattentive,,,,,,,Yes,,Yes,,,,,,,Yes,,,,162,West Queen West,82,Niagara (82),D14,627841.52460367,4833260.76725872