OBJECTID,INDEX,ACCNUM,DATE,TIME,STREET1,STREET2,OFFSET,ROAD_CLASS,DISTRICT,LATITUDE,LONGITUDE,ACCLOC,TRAFFCTL,VISIBILITY,LIGHT,RDSFCOND,ACCLASS,IMPACTYPE,INVTYPE,INVAGE,INJURY,FATAL_NO,INITDIR,VEHTYPE,MANOEUVER,DRIVACT,DRIVCOND,PEDTYPE,PEDACT,PEDCOND,CYCLISTYPE,CYCACT,CYCCOND,PEDESTRIAN,CYCLIST,AUTOMOBILE,MOTORCYCLE,TRUCK,TRSN_CITY_VEH,EMERG_VEH,PASSENGER,SPEEDING,AG_DRIV,REDLIGHT,ALCOHOL,DISABILITY,HOOD_158,NEIGHBOURHOOD_158,HOOD_140,NEIGHBOURHOOD_140,DIVISION,x,y
7352,81705056,2002449618,12/15/2022 5:00:00 AM,1720,SHAW ST,KING ST W,,Major Arterial,Toronto and East York,43.641364,-79.414981,At Intersection,Traffic Signal,Freezing Rain,"Dark, artificial",Slush,Non-Fatal Injury,Pedestrian Collisions,Pedestrian,65 to 69,Major,,Unknown,,,,,Vehicle turns right while ped crosses with ROW at inter.,Crossing with right of way,Normal,,,,Yes,,Yes,,,,,,,Yes,,,,162,West Queen West,82,Niagara (82),D14,627841.52460367,4833260.76725872
7353,81704238,2002450489,12/15/2022 5:00:00 AM,1925,936 DIXON RD,,150 m West o,Major Arterial,Etobicoke York,43.686591,-79.597255,Non Intersection,No Control,Snow,Dark,Loose Snow,Non-Fatal Injury,Pedestrian Collisions,Driver,50 to 54,None,,West,"Automobile, Station Wagon",Going Ahead,Driving Properly,Normal,,,,,,,Yes,,Yes,,,,,,,,,,,1,West Humber-Clairville,1,West Humber-Clairville (1),D23,613054.964058528,4838019.20167754
7354,81704239,2002450489,12/15/2022 5:00:00 AM,1925,936 DIXON RD,,150 m West o,Major Arterial,Etobicoke York,43.686591,-79.597255,Non Intersection,No Control,Snow,Dark,Loose Snow,Non-Fatal Injury,Pedestrian Collisions,Pedestrian,25 to 29,Major,,North,,,,,Pedestrian hit at mid-block,"Crossing, no Traffic Control",Inattentive,,,,Yes,,Yes,,,,,,,,,,,1,West Humber-Clairville,1,West Humber-Clairville (1),D23,613054.964058528,4838019.20167754
7355,81704240,2002450489,12/15/2022 5:00:00 AM,1925,936 DIXON RD,,150 m West o,Major Arterial,Etobicoke York,43.686591,-79.597255,Non Intersection,No Control,Snow,Dark,Loose Snow,Non-Fatal Injury,Pedestrian Collisions,Pedestrian,40 to 44,Minor,,North,,,,,Pedestrian hit at mid-block,"Crossing, no Traffic Control",Inattentive,,,,Yes,,Yes,,,,,,,,,,,1,West Humber-Clairville,1,West Humber-Clairville (1),D23,613054.964058528,4838019.20167754
7356,81704144,2002494669,12/21/2022 5:00:00 AM,1750,GLOUCESTER GRV,WINNETT AVE,,Local,,43.696864,-79.436534,At Intersection,Stop Sign,Clear,Dark,Wet,Non-Fatal Injury,Pedestrian Collisions,Driver,35 to 39,None,,North,Pick Up Truck,Turning Left,Failed to Yield Right of Way,Normal,,,,,,,Yes,,Yes,,,,,,,Yes,,,,106,Humewood-Cedarvale,106,Humewood-Cedarvale (106),D13,625986.95488572,4839391.80890347
7357,81704145,2002494669,12/21/2022 5:00:00 AM,1750,GLOUCESTER GRV,WINNETT AVE,,Local,,43.696864,-79.436534,At Intersection,Stop Sign,Clear,Dark,Wet,Non-Fatal Injury,Pedestrian Collisions,Pedestrian,30 to 34,Major,,North,,,,,Vehicle turns left while ped crosses with ROW at inter.,Crossing with right of way,Normal,,,,Yes,,Yes,,,,,,,Yes,,,,106,Humewood-Cedarvale,106,Humewood-Cedarvale (106),D13,625986.95488572,4839391.80890347
7358,81704146,2002494669,12/21/2022 5:00:00 AM,1750,GLOUCESTER GRV,WINNETT AVE,,Local,,43.696864,-79.436534,At Intersection,Stop Sign,Clear,Dark,Wet,Non-Fatal Injury,Pedestrian Collisions,Pedestrian,5 to 9,Minimal,,North,,,,,Vehicle turns left while ped crosses with ROW at inter.,Crossing with right of way,Normal,,,,Yes,,Yes,,,,,,,Yes,,,,106,Humewood-Cedarvale,106,Humewood-Cedarvale (106),D13,625986.95488572,4839391.80890347
7359,81704147,2002494669,12/21/2022 5:00:00 AM,1750,GLOUCESTER GRV,WINNETT AVE,,Local,,43.696864,-79.436534,At Intersection,Stop Sign,Clear,Dark,Wet,Non-Fatal Injury,Pedestrian Collisions,Pedestrian,0 to 4,Minor,,North,,,,,Vehicle turns left while ped crosses with ROW at inter.,Crossing with right of way,Normal,,,,Yes,,Yes,,,,,,,Yes,,,,106,Humewood-Cedarvale,106,Humewood-Cedarvale (106),D13,625986.95488572,4839391.80890347
7360,81704148,2002494669,12/21/2022 5:00:00 AM,1750,GLOUCESTER GRV,WINNETT AVE,,Local,,43.696864,-79.436534,At Intersection,Stop Sign,Clear,Dark,Wet,Non-Fatal Injury,Pedestrian Collisions,Pedestrian,0 to 4,Minimal,,North,,,,,Vehicle turns left while ped crosses with ROW at inter.,Crossing with right of way,Normal,,,,Yes,,Yes,,,,,,,Yes,,,,106,Humewood-Cedarvale,106,Humewood-Cedarvale (106),D13,625986.95488572,4839391.80890347
7361,81703961,2002556621,12/30/2022 5:00:00 AM,2234,BLOOR ST W,MONTROSE AVE,76 m West of,Major Arterial,Toronto and East York,43.662856,-79.421268,Non Intersection,No Control,Rain,"Dark, artificial",Wet,Non-Fatal Injury,Pedestrian Collisions,Driver,35 to 39,None,,East,"Automobile, Station Wagon",Going Ahead,Driving Properly,Normal,,,,,,,Yes,,Yes,,,,,,,,,,,80,Palmerston-Little Italy,80,Palmerston-Little Italy (80),D14,627289.022778985,4835638.06957138
7362,81703962,2002556621,12/30/2022 5:00:00 AM,2234,BLOOR ST W,MONTROSE AVE,76 m West of,Major Arterial,Toronto and East York,43.662856,-79.421268,Non Intersection,No Control,Rain,"Dark, artificial",Wet,Non-Fatal Injury,Pedestrian Collisions,Pedestrian,40 to 44,Major,,South,,,,,Pedestrian hit at mid-block,"Crossing, no Traffic Control",Inattentive,,,,Yes,,Yes,,,,,,,,,,,80,Palmerston-Little Italy,80,Palmerston-Little Italy (80),D14,627289.022778985,4835638.06957138
7363,81689752,3000027148,1/4/2023 5:00:00 AM,1710,LAKE SHORE BLVD W,SECOND ST,,Major Arterial,Etobicoke York,43.601916,-79.499606,At Intersection,No Control,Rain,Dark,Wet,Fatal,Pedestrian Collisions,Driver,60 to 64,None,,West,Pick Up Truck,Turning Right,Failed to Yield Right of Way,Unknown,,,,,,,Yes,,Yes,,,,,,,Yes,,,,18,New Toronto,18,New Toronto (18),D22,621095.104697478,4828752.71624594
7364,81689753,3000027148,1/4/2023 5:00:00 AM,1710,LAKE SHORE BLVD W,SECOND ST,,Major Arterial,Etobicoke York,43.601916,-79.499606,At Intersection,No Control,Rain,Dark,Wet,Fatal,Pedestrian Collisions,Pedestrian,55 to 59,Fatal,1,West,,,,,Vehicle turns right while ped crosses with ROW at inter.,Crossing with right of way,Normal,,,,Yes,,Yes,,,,,,,Yes,,,,18,New Toronto,18,New Toronto (18),D22,621095.104697478,4828752.71624594
7365,81704156,3000027334,1/4/2023 5:00:00 AM,1730,MARKHAM RD,FINCH AVE E,5 m North of,Major Arterial,Scarborough,43.812941,-79.242976,At Intersection,Traffic Signal,Rain,"Dark, artificial",Wet,Non-Fatal Injury,Pedestrian Collisions,Driver,75 to 79,None,,North,"Automobile, Station Wagon",Turning Left,Failed to Yield Right of Way,Inattentive,,,,,,,Yes,,Yes,,,,,,,Yes,,,,145,Malvern West,132,Malvern (132),D42,641310.894425486,4852596.26444192
7366,81704157,3000027334,1/4/2023 5:00:00 AM,1730,MARKHAM RD,FINCH AVE E,5 m North of,Major Arterial,Scarborough,43.812941,-79.242976,At Intersection,Traffic Signal,Rain,"Dark, artificial",Wet,Non-Fatal Injury,Pedestrian Collisions,Pedestrian,20 to 24,Major,,East,"Automobile, Station Wagon",Unknown,,,Vehicle turns left while ped crosses with ROW at inter.,Crossing with right of way,Normal,,,,Yes,,Yes,,,,,,,Yes,,,,145,Malvern West,132,Malvern (132),D42,641310.894425486,4852596.26444192
7367,81753316,3000027415,1/4/2023 5:00:00 AM,1740,DON MILLS RD,WYNFORD DR,,Major Arterial,North York,43.723014,-79.339534,Intersection Related,Traffic Signal,Rain,Dark,Wet,Non-Fatal Injury,Pedestrian Collisions,Driver,75 to 79,None,,South,"Automobile, Station Wagon",Turning Left,,Unknown,,,,,,,Yes,,Yes,,,,,,,,,,,42,Banbury-Don Mills,42,Banbury-Don Mills (42),D33,633745.295944117,4842448.10416438
7368,81753317,3000027415,1/4/2023 5:00:00 AM,1740,DON MILLS RD,WYNFORD DR,,Major Arterial,North York,43.723014,-79.339534,Intersection Related,Traffic Signal,Rain,Dark,Wet,Non-Fatal Injury,Pedestrian Collisions,Pedestrian,50 to 54,Major,,,,,,,Vehicle turns left while ped crosses with ROW at inter.,Crossing with right of way,Normal,,,,Yes,,Yes,,,,,,,,,,,42,Banbury-Don Mills,42,Banbury-Don Mills (42),D33,633745.295944117,4842448.10416438
7369,81705222,3000037155,1/5/2023 5:00:00 AM,2224,488 QUEEN ST W,DENISON AVE,,Major Arterial,Toronto and East York,43.64778,-79.400768,Non Intersection,No Control,Rain,"Dark, artificial",Wet,Non-Fatal Injury,Pedestrian Collisions,Driver,20 to 24,None,,East,"Automobile, Station Wagon",Going Ahead,Driving Properly,Normal,,,,,,,Yes,,Yes,,,,,,,,,,,164,Wellington Place,77,Waterfront Communities-The Island (77),D14,628974.171322298,4833995.33759615
7370,81705223,3000037155,1/5/2023 5:00:00 AM,2224,488 QUEEN ST W,DENISON AVE,,Major Arterial,Toronto and East York,43.64778,-79.400768,Non Intersection,No Control,Rain,"Dark, artificial",Wet,Non-Fatal Injury,Pedestrian Collisions,Pedestrian,55 to 59,Major,,North,"Automobile, Station Wagon",Unknown,,,Pedestrian hit at mid-block,"Crossing, no Traffic Control",Inattentive,,,,Yes,,Yes,,,,,,,,,,,164,Wellington Place,77,Waterfront Communities-The Island (77),D14,628974.171322298,4833995.33759615
7371,81702436,3000042197,1/6/2023 5:00:00 AM,1518,YONGE ST,HILLSDALE AVE E,,Major Arterial,North York,43.703326,-79.397647,Intersection Related,No Control,Clear,Daylight,Dry,Fatal,Pedestrian Collisions,Truck Driver,25 to 29,None,,North,Truck - Open,Pulling Away from Shoulder or Curb,Other,Inattentive,,,,,,,Yes,,,,Yes,,,,,,,,,174,South Eglinton-Davisville,104,Mount Pleasant West (104),D53,629106.700518533,4840169.32738392
7372,81702437,3000042197,1/6/2023 5:00:00 AM,1518,YONGE ST,HILLSDALE AVE E,,Major Arterial,North York,43.703326,-79.397647,Intersection Related,No Control,Clear,Daylight,Dry,Fatal,Pedestrian Collisions,Pedestrian,70 to 74,Fatal,3,Unknown,,,,,Other / Undefined,On Sidewalk or Shoulder,Normal,,,,Yes,,,,Yes,,,,,,,,,174,South Eglinton-Davisville,104,Mount Pleasant West (104),D53,629106.700518533,4840169.32738392
7373,81705126,3000066042,1/9/2023 5:00:00 AM,1830,4138 LAWRENCE AVE E,,10 m West of,Major Arterial,Scarborough,43.76697,-79.192462,Non Intersection,No Control,Rain,Dark,Wet,Non-Fatal Injury,Pedestrian Collisions,Driver,65 to 69,None,,East,"Automobile, Station Wagon",Going Ahead,Driving Properly,Normal,,,,,,,Yes,,Yes,,,,,,,,,,,136,West Hill,136,West Hill (136),D43,645485.09983746,4847577.96468928
7374,81705127,3000066042,1/9/2023 5:00:00 AM,1830,4138 LAWRENCE AVE E,,10 m West of,Major Arterial,Scarborough,43.76697,-79.192462,Non Intersection,No Control,Rain,Dark,Wet,Non-Fatal Injury,Pedestrian Collisions,Driver,65 to 69,None,,West,"Automobile, Station Wagon",Going Ahead,Driving Properly,Normal,,,,,,,Yes,,Yes,,,,,,,,,,,136,West Hill,136,West Hill (136),D43,645485.09983746,4847577.96468928
7375,81705128,3000066042,1/9/2023 5:00:00 AM,1830,4138 LAWRENCE AVE E,,10 m West of,Major Arterial,Scarborough,43.76697,-79.192462,Non Intersection,No Control,Rain,Dark,Wet,Non-Fatal Injury,Pedestrian Collisions,Pedestrian,70 to 74,Major,,North,"Automobile, Station Wagon",Unknown,,,Pedestrian hit at mid-block,Crossing without right of way,Normal,,,,Yes,,Yes,,,,,,,,,,,136,West Hill,136,West Hill (136),D43,645485.09983746,4847577.96468928
7376,81689754,3000066794,1/9/2023 5:00:00 AM,2037,JANE ST,WILSON AVE,,Major Arterial,North York,43.721511,-79.508746,Non Intersection,No Control,Rain,"Dark, artificial",Wet,Fatal,Pedestrian Collisions,Driver,55 to 59,None,2,South,Pick Up Truck,Going Ahead,Driving Properly,Normal,,,,,,,Yes,,Yes,,,,,,,,,,,154,Oakdale-Beverley Heights,26,Downsview-Roding-CFB (26),D31,620118.687610117,4842022.01063983
7377,81689755,3000066794,1/9/2023 5:00:00 AM,2037,JANE ST,WILSON AVE,,Major Arterial,North York,43.721511,-79.508746,Non Intersection,No Control,Rain,"Dark, artificial",Wet,Fatal,Pedestrian Collisions,Pedestrian,60 to 64,Fatal,,West,,,,,Pedestrian hit at mid-block,"Crossing, no Traffic Control",Had Been Drinking,,,,Yes,,Yes,,,,,,,,,,,154,Oakdale-Beverley Heights,26,Downsview-Roding-CFB (26),D31,620118.687610117,4842022.01063983
7378,81704448,3000104809,1/14/2023 5:00:00 AM,1518,MCCOWAN RD,BELLECHASSE ST,26 m North o,Major Arterial,Scarborough,43.761367,-79.247363,Non Intersection,No Control,Clear,Daylight,Dry,Non-Fatal Injury,Pedestrian Collisions,Driver,35 to 39,None,,North,"Automobile, Station Wagon",Going Ahead,Lost control,Inattentive,,,,,,,Yes,,Yes,,,,,,,,,,,142,Woburn North,137,Woburn (137),D43,641079.346467959,4846860.66766112
7379,81704449,3000104809,1/14/2023 5:00:00 AM,1518,MCCOWAN RD,BELLECHASSE ST,26 m North o,Major Arterial,Scarborough,43.761367,-79.247363,Non Intersection,No Control,Clear,Daylight,Dry,Non-Fatal Injury,Pedestrian Collisions,Pedestrian,25 to 29,Major,,Unknown,"Automobile, Station Wagon",Unknown,,,Pedestrian hit on sidewalk or shoulder,On Sidewalk or Shoulder,Normal,,,,Yes,,Yes,,,,,,,,,,,142,Woburn North,137,Woburn (137),D43,641079.346467959,4846860.66766112
7380,81704450,3000104809,1/14/2023 5:00:00 AM,1518,MCCOWAN RD,BELLECHASSE ST,26 m North o,Major Arterial,Scarborough,43.761367,-79.247363,Non Intersection,No Control,Clear,Daylight,Dry,Non-Fatal Injury,Pedestrian Collisions,Pedestrian,25 to 29,Minimal,,Unknown,"Automobile, Station Wagon",Unknown,,,Pedestrian hit on sidewalk or shoulder,On Sidewalk or Shoulder,Normal,,,,Yes,,Yes,,,,,,,,,,,142,Woburn North,137,Woburn (137),D43,641079.346467959,4846860.66766112
7381,81704790,3000112044,1/15/2023 5:00:00 AM,1455,PHARMACY AV,KNIGHTSBRIDGE RD,,Minor Arterial,Scarborough,43.716071,-79.293628,At Intersection,Traffic Signal,Clear,Daylight,Dry,Non-Fatal Injury,Pedestrian Collisions,Driver,65 to 69,None,,West,"Automobile, Station Wagon",Turning Left,Failed to Yield Right of Way,Normal,,,,,,,Yes,,Yes,,,,,Yes,,Yes,,,,120,Clairlea-Birchmount,120,Clairlea-Birchmount (120),D41,637458.797517814,4841752.09385942
7382,81704791,3000112044,1/15/2023 5:00:00 AM,1455,PHARMACY AV,KNIGHTSBRIDGE RD,,Minor Arterial,Scarborough,43.716071,-79.293628,At Intersection,Traffic Signal,Clear,Daylight,Dry,Non-Fatal Injury,Pedestrian Collisions,Passenger,65 to 69,None,,,,,,,,,,,,,Yes,,Yes,,,,,Yes,,Yes,,,,120,Clairlea-Birchmount,120,Clairlea-Birchmount (120),D41,637458.797517814,4841752.09385942
7383,81704792,3000112044,1/15/2023 5:00:00 AM,1455,PHARMACY AV,KNIGHTSBRIDGE RD,,Minor Arterial,Scarborough,43.716071,-79.293628,At Intersection,Traffic Signal,Clear,Daylight,Dry,Non-Fatal Injury,Pedestrian Collisions,Pedestrian,65 to 69,Major,,South,"Automobile, Station Wagon",Unknown,,,Vehicle turns left while ped crosses with ROW at inter.,Crossing with right of way,Normal,,,,Yes,,Yes,,,,,Yes,,Yes,,,,120,Clairlea-Birchmount,120,Clairlea-Birchmount (120),D41,637458.797517814,4841752.09385942
7384,81804683,3000138276,1/18/2023 5:00:00 AM,1741,RENFORTH DR,EGLINTON AVE W,,,,43.666106,-79.587642,Intersection Related,Traffic Signal,Clear,"Dark, artificial",Dry,Non-Fatal Injury,Pedestrian Collisions,Driver,85 to 89,None,,South,"Automobile, Station Wagon",Going Ahead,Failed to Yield Right of Way,Normal,,,,,,,Yes,,Yes,,,,,,,Yes,,,,11,Eringate-Centennial-West Deane,11,Eringate-Centennial-West Deane (11),D22,613868.4717049,4835757.22372473
7385,81804684,3000138276,1/18/2023 5:00:00 AM,1741,RENFORTH DR,EGLINTON AVE W,,,,43.666106,-79.587642,Intersection Related,Traffic Signal,Clear,"Dark, artificial",Dry,Non-Fatal Injury,Pedestrian Collisions,Pedestrian,25 to 29,Major,,,,,,,,,Normal,,,,Yes,,Yes,,,,,,,Yes,,,,11,Eringate-Centennial-West Deane,11,Eringate-Centennial-West Deane (11),D22,613868.4717049,4835757.22372473
7386,81702435,3000188867,1/24/2023 5:00:00 AM,2359,THE WESTWAY,WINCOTT DR,,Minor Arterial,Etobicoke York,43.687297,-79.549693,Non Intersection,No Control,Clear,"Dark, artificial",Dry,Fatal,Pedestrian Collisions,Driver,85 to 89,None,,East,"Automobile, Station Wagon",Going Ahead,Driving Properly,Normal,,,,,,,Yes,,Yes,,,,,Yes,,,,,,7,Willowridge-Martingrove-Richview,7,Willowridge-Martingrove-Richview (7),D23,616886.904999864,4838163.54780949
7387,81702438,3000188867,1/24/2023 5:00:00 AM,2359,THE WESTWAY,WINCOTT DR,,Minor Arterial,Etobicoke York,43.687297,-79.549693,Non Intersection,No Control,Clear,"Dark, artificial",Dry,Fatal,Pedestrian Collisions,Pedestrian,55 to 59,Fatal,4,South,,,,,Pedestrian hit at mid-block,"Crossing, no Traffic Control",Inattentive,,,,Yes,,Yes,,,,,Yes,,,,,,7,Willowridge-Martingrove-Richview,7,Willowridge-Martingrove-Richview (7),D23,616886.904999864,4838163.54780949
7388,81705552,3000188867,1/24/2023 5:00:00 AM,2359,THE WESTWAY,WINCOTT DR,,Minor Arterial,Etobicoke York,43.687297,-79.549693,Non Intersection,No Control,Clear,"Dark, artificial",Dry,Fatal,Pedestrian Collisions,Passenger,80 to 84,None,,,,,,,,,,,,,Yes,,Yes,,,,,Yes,,,,,,7,Willowridge-Martingrove-Richview,7,Willowridge-Martingrove-Richview (7),D23,616886.904999864,4838163.54780949
7389,81706142,3000250618,2/1/2023 5:00:00 AM,1736,QUEENS QUAY E,RICHARDSON ST,98 m East of,Minor Arterial,Toronto and East York,43.644271,-79.367778,Intersection Related,No Control,Clear,"Dusk, artificial",Dry,Non-Fatal Injury,Pedestrian Collisions,Driver,unknown,None,,West,"Automobile, Station Wagon",Going Ahead,Speed too Fast For Condition,Unknown,,,,,,,Yes,,Yes,,,,,,Yes,Yes,,,,166,St Lawrence-East Bayfront-The Islands,77,Waterfront Communities-The Island (77),D51,631642.42795282,4833657.41710303
7390,81706143,3000250618,2/1/2023 5:00:00 AM,1736,QUEENS QUAY E,RICHARDSON ST,98 m East of,Minor Arterial,Toronto and East York,43.644271,-79.367778,Intersection Related,No Control,Clear,"Dusk, artificial",Dry,Non-Fatal Injury,Pedestrian Collisions,Pedestrian,55 to 59,Major,,North,"Automobile, Station Wagon",,,,Vehicle is going straight thru inter.while ped cross without ROW,Crossing without right of way,Normal,,,,Yes,,Yes,,,,,,Yes,Yes,,,,166,St Lawrence-East Bayfront-The Islands,77,Waterfront Communities-The Island (77),D51,631642.42795282,4833657.41710303
7391,81705809,3000268080,2/3/2023 5:00:00 AM,1835,DUBRAY AV,WILSON AV,,Major Arterial,North York,43.728076,-79.47771,Intersection Related,Traffic Signal,Clear,"Dark, artificial",Dry,Non-Fatal Injury,Pedestrian Collisions,Driver,30 to 34,None,,West,"Automobile, Station Wagon",Going Ahead,Driving Properly,Normal,,,,,,,Yes,,Yes,,,,,,,,,,,155,Downsview,26,Downsview-Roding-CFB (26),D31,622605.226853305,4842796.59660813
7392,81705810,3000268080,2/3/2023 5:00:00 AM,1835,DUBRAY AV,WILSON AV,,Major Arterial,North York,43.728076,-79.47771,Intersection Related,Traffic Signal,Clear,"Dark, artificial",Dry,Non-Fatal Injury,Pedestrian Collisions,Pedestrian,70 to 74,Major,,Unknown,"Automobile, Station Wagon",Unknown,,,Vehicle is going straight thru inter.while ped cross without ROW,Crossing without right of way,Normal,,,,Yes,,Yes,,,,,,,,,,,155,Downsview,26,Downsview-Roding-CFB (26),D31,622605.226853305,4842796.59660813
7393,81705739,3000289640,2/6/2023 5:00:00 AM,1415,JANE ST,ARDAGH ST,,Major Arterial,Toronto and East York,43.65557,-79.487056,Intersection Related,Traffic Signal,Clear,Daylight,Dry,Non-Fatal Injury,Pedestrian Collisions,Driver,75 to 79,None,,South,"Automobile, Station Wagon",Turning Left,Failed to Yield Right of Way,Unknown,,,,,,,Yes,,Yes,,,,,,,Yes,,,,114,Lambton Baby Point,114,Lambton Baby Point (114),D11,621999.415593371,4834730.03440785
7394,81705740,3000289640,2/6/2023 5:00:00 AM,1415,JANE ST,ARDAGH ST,,Major Arterial,Toronto and East York,43.65557,-79.487056,Intersection Related,Traffic Signal,Clear,Daylight,Dry,Non-Fatal Injury,Pedestrian Collisions,Pedestrian,75 to 79,Major,,Unknown,"Automobile, Station Wagon",Unknown,,,Vehicle turns left while ped crosses with ROW at inter.,Crossing with right of way,Unknown,,,,Yes,,Yes,,,,,,,Yes,,,,114,Lambton Baby Point,114,Lambton Baby Point (114),D11,621999.415593371,4834730.03440785
7395,81705916,3000293296,2/6/2023 5:00:00 AM,2230,YONGE ST,AVONDALE AVE,FLORENCE AVE,Major Arterial,North York,43.758174,-79.410106,Intersection Related,Traffic Signal,Clear,"Dark, artificial",Dry,Non-Fatal Injury,Pedestrian Collisions,Driver,35 to 39,None,,South,"Automobile, Station Wagon",Going Ahead,Other,Normal,,,,,,,Yes,,Yes,,,,,,,,,,,153,Avondale,51,Willowdale East (51),D32,627985.949106174,4846241.66541262
7396,81705917,3000293296,2/6/2023 5:00:00 AM,2230,YONGE ST,AVONDALE AVE,FLORENCE AVE,Major Arterial,North York,43.758174,-79.410106,Intersection Related,Traffic Signal,Clear,"Dark, artificial",Dry,Non-Fatal Injury,Pedestrian Collisions,Pedestrian,70 to 74,Major,,East,"Automobile, Station Wagon",Unknown,,,Vehicle is going straight thru inter.while ped cross with ROW,Crossing with right of way,Normal,,,,Yes,,Yes,,,,,,,,,,,153,Avondale,51,Willowdale East (51),D32,627985.949106174,4846241.66541262
7397,81806573,3000302593,2/8/2023 5:00:00 AM,204,BURNHAMTHORPE RD,MILL ST,150 m West o,,,43.638129,-79.58546,Non Intersection,No Control,Clear,"Dark, artificial",Wet,Non-Fatal Injury,Pedestrian Collisions,Driver,30 to 34,None,,East,"Automobile, Station Wagon",Going Ahead,Other,Normal,,,,,,,Yes,,Yes,,,,,,,,,,,11,Eringate-Centennial-West Deane,11,Eringate-Centennial-West Deane (11),D22,614097.355397748,4832653.02133778
7398,81806574,3000302593,2/8/2023 5:00:00 AM,204,BURNHAMTHORPE RD,MILL ST,150 m West o,,,43.638129,-79.58546,Non Intersection,No Control,Clear,"Dark, artificial",Wet,Non-Fatal Injury,Pedestrian Collisions,Pedestrian,25 to 29,Major,,,,,,,,,Other,,,,Yes,,Yes,,,,,,,,,,,11,Eringate-Centennial-West Deane,11,Eringate-Centennial-West Deane (11),D22,614097.355397748,4832653.02133778
7399,81706194,3000318941,2/10/2023 5:00:00 AM,34,VIEWMOUNT AVE,WILLIAM R ALLEN RD S,60 m North o,Expressway,North York,43.708083,-79.440563,Non Intersection,No Control,Clear,"Dark, artificial",Wet,Non-Fatal Injury,Pedestrian Collisions,Driver,30 to 34,None,,South,"Automobile, Station Wagon",Going Ahead,Driving Properly,Normal,,,,,,,Yes,,Yes,,,,,,,,,,,31,Yorkdale-Glen Park,31,Yorkdale-Glen Park (31),D13,625638.85061346,4840631.72075095
7400,81706195,3000318941,2/10/2023 5:00:00 AM,34,VIEWMOUNT AVE,WILLIAM R ALLEN RD S,60 m North o,Expressway,North York,43.708083,-79.440563,Non Intersection,No Control,Clear,"Dark, artificial",Wet,Non-Fatal Injury,Pedestrian Collisions,Pedestrian,35 to 39,Major,,Unknown,"Automobile, Station Wagon",Unknown,,,Other / Undefined,Crossing without right of way,Unknown,,,,Yes,,Yes,,,,,,,,,,,31,Yorkdale-Glen Park,31,Yorkdale-Glen Park (31),D13,625638.85061346,4840631.72075095
7401,81708244,3000348503,2/13/2023 5:00:00 AM,1633,RECTORY RD,WESTON RD,2 m East of,Minor Arterial,Toronto and East York,43.705966,-79.531192,Intersection Related,No Control,Clear,Daylight,Dry,Non-Fatal Injury,Pedestrian Collisions,Driver,25 to 29,None,,West,Pick Up Truck,Turning Right,Failed to Yield Right of Way,Other,,,,,,,Yes,,Yes,,,,,,,Yes,,,,113,Weston,113,Weston (113),D12,618341.268271667,4840263.23597365
7402,81708245,3000348503,2/13/2023 5:00:00 AM,1633,RECTORY RD,WESTON RD,2 m East of,Minor Arterial,Toronto and East York,43.705966,-79.531192,Intersection Related,No Control,Clear,Daylight,Dry,Non-Fatal Injury,Pedestrian Collisions,Pedestrian,25 to 29,Major,,,,,,,,Crossing with right of way,Normal,,,,Yes,,Yes,,,,,,,Yes,,,,113,Weston,113,Weston (113),D12,618341.268271667,4840263.23597365
7403,81708246,3000348503,2/13/2023 5:00:00 AM,1633,RECTORY RD,WESTON RD,2 m East of,Minor Arterial,Toronto and East York,43.705966,-79.531192,Intersection Related,No Control,Clear,Daylight,Dry,Non-Fatal Injury,Pedestrian Collisions,Pedestrian,0 to 4,Minor,,,,,,,,Crossing with right of way,Normal,,,,Yes,,Yes,,,,,,,Yes,,,,113,Weston,113,Weston (113),D12,618341.268271667,4840263.23597365
7404,81706248,3000375558,2/17/2023 5:00:00 AM,30,SPADINA AV,DUNDAS ST W,,Major Arterial,Toronto and East York,43.652953,-79.398021,Intersection Related,Traffic Signal,Rain,"Dusk, artificial",Wet,Non-Fatal Injury,Pedestrian Collisions,Driver,20 to 24,None,,West,"Automobile, Station Wagon",Turning Left,Failed to Yield Right of Way,Normal,,,,,,,Yes,,Yes,,,,,Yes,,Yes,,,,78,Kensington-Chinatown,78,Kensington-Chinatown (78),D52,629184.621512558,4834574.13972818
7405,81706249,3000375558,2/17/2023 5:00:00 AM,30,SPADINA AV,DUNDAS ST W,,Major Arterial,Toronto and East York,43.652953,-79.398021,Intersection Related,Traffic Signal,Rain,"Dusk, artificial",Wet,Non-Fatal Injury,Pedestrian Collisions,Passenger,20 to 24,None,,,,,,,,,,,,,Yes,,Yes,,,,,Yes,,Yes,,,,78,Kensington-Chinatown,78,Kensington-Chinatown (78),D52,629184.621512558,4834574.13972818
7406,81706250,3000375558,2/17/2023 5:00:00 AM,30,SPADINA AV,DUNDAS ST W,,Major Arterial,Toronto and East York,43.652953,-79.398021,Intersection Related,Traffic Signal,Rain,"Dusk, artificial",Wet,Non-Fatal Injury,Pedestrian Collisions,Pedestrian,20 to 24,Minor,,North,"Automobile, Station Wagon",Unknown,,,Vehicle turns left while ped crosses with ROW at inter.,Crossing with right of way,Unknown,,,,Yes,,Yes,,,,,Yes,,Yes,,,,78,Kensington-Chinatown,78,Kensington-Chinatown (78),D52,629184.621512558,4834574.13972818