OBJECTID,INDEX,ACCNUM,DATE,TIME,STREET1,STREET2,OFFSET,ROAD_CLASS,DISTRICT,LATITUDE,LONGITUDE,ACCLOC,TRAFFCTL,VISIBILITY,LIGHT,RDSFCOND,ACCLASS,IMPACTYPE,INVTYPE,INVAGE,INJURY,FATAL_NO,INITDIR,VEHTYPE,MANOEUVER,DRIVACT,DRIVCOND,PEDTYPE,PEDACT,PEDCOND,CYCLISTYPE,CYCACT,CYCCOND,PEDESTRIAN,CYCLIST,AUTOMOBILE,MOTORCYCLE,TRUCK,TRSN_CITY_VEH,EMERG_VEH,PASSENGER,SPEEDING,AG_DRIV,REDLIGHT,ALCOHOL,DISABILITY,HOOD_158,NEIGHBOURHOOD_158,HOOD_140,NEIGHBOURHOOD_140,DIVISION,x,y
7407,81706251,3000375558,2/17/2023 5:00:00 AM,30,SPADINA AV,DUNDAS ST W,,Major Arterial,Toronto and East York,43.652953,-79.398021,Intersection Related,Traffic Signal,Rain,"Dusk, artificial",Wet,Non-Fatal Injury,Pedestrian Collisions,Pedestrian,20 to 24,Major,,North,"Automobile, Station Wagon",Unknown,,,Vehicle turns left while ped crosses with ROW at inter.,Crossing with right of way,Unknown,,,,Yes,,Yes,,,,,Yes,,Yes,,,,78,Kensington-Chinatown,78,Kensington-Chinatown (78),D52,629184.621512558,4834574.13972818
7408,81738437,3000375758,2/17/2023 5:00:00 AM,136,WILSON AVE,DUFFERIN ST,,Major Arterial,North York,43.732096,-79.458881,Intersection Related,Traffic Signal,Rain,"Dark, artificial",Wet,Non-Fatal Injury,Pedestrian Collisions,Pedestrian,15 to 19,Major,,,,,,,Vehicle turns left while ped crosses with ROW at inter.,Crossing with right of way,Normal,,,,Yes,,,,,,,,,,,,,33,Clanton Park,26,Downsview-Roding-CFB (26),D32,624113.423865699,4843271.10545609
7409,81707186,3000457330,2/27/2023 5:00:00 AM,1723,RICHMOND ST W,PORTLAND ST,2 m West of,Major Arterial,Toronto and East York,43.646899,-79.401134,Intersection Related,Traffic Signal,Snow,"Dusk, artificial",Loose Snow,Non-Fatal Injury,Pedestrian Collisions,Driver,20 to 24,None,,West,"Automobile, Station Wagon",Turning Left,Improper Turn,,,,,,,,Yes,,Yes,,,,,,,,,,,164,Wellington Place,77,Waterfront Communities-The Island (77),D14,628946.53910441,4833896.92233888
7410,81707187,3000457330,2/27/2023 5:00:00 AM,1723,RICHMOND ST W,PORTLAND ST,2 m West of,Major Arterial,Toronto and East York,43.646899,-79.401134,Intersection Related,Traffic Signal,Snow,"Dusk, artificial",Loose Snow,Non-Fatal Injury,Pedestrian Collisions,Driver,35 to 39,None,,West,"Automobile, Station Wagon",Going Ahead,Driving Properly,Normal,,,,,,,Yes,,Yes,,,,,,,,,,,164,Wellington Place,77,Waterfront Communities-The Island (77),D14,628946.53910441,4833896.92233888
7411,81707188,3000457330,2/27/2023 5:00:00 AM,1723,RICHMOND ST W,PORTLAND ST,2 m West of,Major Arterial,Toronto and East York,43.646899,-79.401134,Intersection Related,Traffic Signal,Snow,"Dusk, artificial",Loose Snow,Non-Fatal Injury,Pedestrian Collisions,Pedestrian,45 to 49,Major,,Unknown,"Automobile, Station Wagon",Unknown,,,Pedestrian hit on sidewalk or shoulder,On Sidewalk or Shoulder,Unknown,,,,Yes,,Yes,,,,,,,,,,,164,Wellington Place,77,Waterfront Communities-The Island (77),D14,628946.53910441,4833896.92233888
7412,81707510,3000472403,3/1/2023 5:00:00 AM,1515,TOWER DR,WARDEN AVE,,Major Arterial,Scarborough,43.75434,-79.298351,Intersection Related,Traffic Signal,Clear,Daylight,Dry,Non-Fatal Injury,Pedestrian Collisions,Driver,65 to 69,None,,West,"Automobile, Station Wagon",Turning Left,Failed to Yield Right of Way,Normal,,,,,,,Yes,,Yes,,,,,,,Yes,,,,119,Wexford/Maryvale,119,Wexford/Maryvale (119),D41,636991.032800075,4845994.61243579
7413,81707511,3000472403,3/1/2023 5:00:00 AM,1515,TOWER DR,WARDEN AVE,,Major Arterial,Scarborough,43.75434,-79.298351,Intersection Related,Traffic Signal,Clear,Daylight,Dry,Non-Fatal Injury,Pedestrian Collisions,Pedestrian,45 to 49,Major,,West,"Automobile, Station Wagon",Other,,,Vehicle turns left while ped crosses with ROW at inter.,Crossing with right of way,Normal,,,,Yes,,Yes,,,,,,,Yes,,,,119,Wexford/Maryvale,119,Wexford/Maryvale (119),D41,636991.032800075,4845994.61243579
7414,81707170,3000481546,3/2/2023 5:00:00 AM,1731,QUEEN'S PLATE DR,REXDALE BV,,Major Arterial,Etobicoke York,43.716517,-79.592654,Intersection Related,Traffic Signal,Clear,Dusk,Other,Non-Fatal Injury,Pedestrian Collisions,Driver,25 to 29,None,,South,"Automobile, Station Wagon",Turning Right,Failed to Yield Right of Way,Normal,,,,,,,Yes,,Yes,,,,,,,Yes,,,,1,West Humber-Clairville,1,West Humber-Clairville (1),D23,613369.370625935,4841349.17114363
7415,81707171,3000481546,3/2/2023 5:00:00 AM,1731,QUEEN'S PLATE DR,REXDALE BV,,Major Arterial,Etobicoke York,43.716517,-79.592654,Intersection Related,Traffic Signal,Clear,Dusk,Other,Non-Fatal Injury,Pedestrian Collisions,Pedestrian,55 to 59,Major,,North,"Automobile, Station Wagon",Unknown,,,Vehicle turns right while ped crosses with ROW at inter.,Crossing with right of way,Unknown,,,,Yes,,Yes,,,,,,,Yes,,,,1,West Humber-Clairville,1,West Humber-Clairville (1),D23,613369.370625935,4841349.17114363
7416,81755137,3000499467,3/4/2023 5:00:00 AM,2230,JANE ST,WESTON RD,,Major Arterial ,Toronto and East York,43.69131,-79.500865,Intersection Related,Traffic Signal,Clear,"Dark, artificial",Wet,Non-Fatal Injury,Pedestrian Collisions,Pedestrian,45 to 49,Major,,,,,,,Vehicle is going straight thru inter.while ped cross without ROW,Crossing without right of way,Had Been Drinking,,,,Yes,,,,,,,,,,,,,115,Mount Dennis,115,Mount Dennis (115),D12,620814.152545825,4838679.22423494
7417,81707349,3000539041,3/9/2023 5:00:00 AM,2115,RUNNYMEDE RD,DUNDAS ST W,2 m East of,Major Arterial,Toronto and East York,43.665591,-79.482082,Intersection Related,Traffic Signal,Clear,"Dark, artificial",Dry,Non-Fatal Injury,Pedestrian Collisions,Driver,unknown,None,,East,"Automobile, Station Wagon",Turning Left,,Unknown,,,,,,,Yes,,Yes,,,,,,,,,,,90,Junction Area,90,Junction Area (90),D11,622380.147078135,4835850.32220273
7418,81707350,3000539041,3/9/2023 5:00:00 AM,2115,RUNNYMEDE RD,DUNDAS ST W,2 m East of,Major Arterial,Toronto and East York,43.665591,-79.482082,Intersection Related,Traffic Signal,Clear,"Dark, artificial",Dry,Non-Fatal Injury,Pedestrian Collisions,Pedestrian,30 to 34,Major,,Unknown,"Automobile, Station Wagon",Unknown,,,Vehicle turns left while ped crosses with ROW at inter.,Crossing with right of way,Unknown,,,,Yes,,Yes,,,,,,,,,,,90,Junction Area,90,Junction Area (90),D11,622380.147078135,4835850.32220273
7419,81738618,3000606776,3/18/2023 4:00:00 AM,1830,BATHURST ST,DREWRY AVE,41 m East of,Major Arterial,North York,43.781161,-79.444316,Intersection Related,Traffic Signal,Clear,Daylight,Dry,Non-Fatal Injury,Pedestrian Collisions,Driver,25 to 29,None,,West,"Automobile, Station Wagon",Going Ahead,Driving Properly,Unknown,,,,,,,Yes,,Yes,,,,,,,,,,,36,Newtonbrook West,36,Newtonbrook West (36),D32,625184.066335326,4848742.42250193
7420,81738619,3000606776,3/18/2023 4:00:00 AM,1830,BATHURST ST,DREWRY AVE,41 m East of,Major Arterial,North York,43.781161,-79.444316,Intersection Related,Traffic Signal,Clear,Daylight,Dry,Non-Fatal Injury,Pedestrian Collisions,Pedestrian,85 to 89,Major,,,,,,,,Crossing with right of way,Normal,,,,Yes,,Yes,,,,,,,,,,,36,Newtonbrook West,36,Newtonbrook West (36),D32,625184.066335326,4848742.42250193
7421,81709978,3000686439,3/28/2023 4:00:00 AM,2050,YONGE ST,BOWOOD AV,9 m North of,Major Arterial,Toronto and East York,43.728587,-79.403117,Non Intersection,No Control,Clear,"Dark, artificial",Dry,Non-Fatal Injury,Pedestrian Collisions,Driver,60 to 64,None,,North,"Automobile, Station Wagon",Going Ahead,Driving Properly,Normal,,,,,,,Yes,,Yes,,,,,,,,,,,105,Lawrence Park North,105,Lawrence Park North (105),D32,628611.907989146,4842966.41720565
7422,81709979,3000686439,3/28/2023 4:00:00 AM,2050,YONGE ST,BOWOOD AV,9 m North of,Major Arterial,Toronto and East York,43.728587,-79.403117,Non Intersection,No Control,Clear,"Dark, artificial",Dry,Non-Fatal Injury,Pedestrian Collisions,Pedestrian,60 to 64,Major,,,,,,,Vehicle hits the pedestrian walking or running out from between parked vehicles at mid-block,,Unknown,,,,Yes,,Yes,,,,,,,,,,,105,Lawrence Park North,105,Lawrence Park North (105),D32,628611.907989146,4842966.41720565
7423,81708808,3000693299,3/29/2023 4:00:00 AM,1715,DON MILLS RD,OVERLEA BV,,Minor Arterial,Toronto and East York,43.710002,-79.334369,Intersection Related,Traffic Signal,Clear,Daylight,Dry,Non-Fatal Injury,Pedestrian Collisions,Driver,30 to 34,None,,South,"Automobile, Station Wagon",Turning Left,,Unknown,,,,,,,Yes,,Yes,,,,,Yes,,,,,,44,Flemingdon Park,44,Flemingdon Park (44),D55,634190.367266919,4841011.28249048
7424,81708809,3000693299,3/29/2023 4:00:00 AM,1715,DON MILLS RD,OVERLEA BV,,Minor Arterial,Toronto and East York,43.710002,-79.334369,Intersection Related,Traffic Signal,Clear,Daylight,Dry,Non-Fatal Injury,Pedestrian Collisions,Pedestrian,40 to 44,Major,,,,,,,Vehicle turns left while ped crosses with ROW at inter.,Crossing with right of way,Normal,,,,Yes,,Yes,,,,,Yes,,,,,,44,Flemingdon Park,44,Flemingdon Park (44),D55,634190.367266919,4841011.28249048
7425,81708810,3000693299,3/29/2023 4:00:00 AM,1715,DON MILLS RD,OVERLEA BV,,Minor Arterial,Toronto and East York,43.710002,-79.334369,Intersection Related,Traffic Signal,Clear,Daylight,Dry,Non-Fatal Injury,Pedestrian Collisions,Passenger,0 to 4,None,,,,,,,,,,,,,Yes,,Yes,,,,,Yes,,,,,,44,Flemingdon Park,44,Flemingdon Park (44),D55,634190.367266919,4841011.28249048
7426,81708581,3000715851,4/1/2023 4:00:00 AM,1105,LAWRENCE AV E,MOSSBANK DR,2 m North of,Major Arterial,Scarborough,43.76287,-79.211017,Intersection Related,Traffic Signal,Clear,Daylight,Dry,Non-Fatal Injury,Pedestrian Collisions,Driver,65 to 69,None,,South,"Automobile, Station Wagon",Turning Left,Failed to Yield Right of Way,Other,,,,,,,Yes,,Yes,,,,,Yes,,Yes,,,,141,Golfdale-Cedarbrae-Woburn,137,Woburn (137),D43,644001.46455533,4847090.16134978
7427,81708582,3000715851,4/1/2023 4:00:00 AM,1105,LAWRENCE AV E,MOSSBANK DR,2 m North of,Major Arterial,Scarborough,43.76287,-79.211017,Intersection Related,Traffic Signal,Clear,Daylight,Dry,Non-Fatal Injury,Pedestrian Collisions,Passenger,0 to 4,None,,,,,,,,,,,,,Yes,,Yes,,,,,Yes,,Yes,,,,141,Golfdale-Cedarbrae-Woburn,137,Woburn (137),D43,644001.46455533,4847090.16134978
7428,81708583,3000715851,4/1/2023 4:00:00 AM,1105,LAWRENCE AV E,MOSSBANK DR,2 m North of,Major Arterial,Scarborough,43.76287,-79.211017,Intersection Related,Traffic Signal,Clear,Daylight,Dry,Non-Fatal Injury,Pedestrian Collisions,Pedestrian,60 to 64,Major,,,,,,,Vehicle turns left while ped crosses with ROW at inter.,Crossing with right of way,Normal,,,,Yes,,Yes,,,,,Yes,,Yes,,,,141,Golfdale-Cedarbrae-Woburn,137,Woburn (137),D43,644001.46455533,4847090.16134978
7429,81709384,3000810912,4/13/2023 4:00:00 AM,600,84 BARRINGTON AVE,,,Local,Toronto and East York,43.691287,-79.301807,Non Intersection,No Control,Clear,Daylight,Dry,Fatal,Pedestrian Collisions,Driver,70 to 74,None,,East,"Automobile, Station Wagon",Going Ahead,Lost control,Fatigue,,,,,,,Yes,,Yes,,,,,,,,,,,61,Taylor-Massey,61,Taylor-Massey (61),D55,636856.307009989,4838985.94437455
7430,81709386,3000810912,4/13/2023 4:00:00 AM,600,84 BARRINGTON AVE,,,Local,Toronto and East York,43.691287,-79.301807,Non Intersection,No Control,Clear,Daylight,Dry,Fatal,Pedestrian Collisions,Pedestrian,60 to 64,Fatal,7,West,,,,,Other / Undefined,Coming From Behind Parked Vehicle,Normal,,,,Yes,,Yes,,,,,,,,,,,61,Taylor-Massey,61,Taylor-Massey (61),D55,636856.307009989,4838985.94437455
7431,81709180,3000823067,4/14/2023 4:00:00 AM,1205,YONGE ST,DUNDAS SQ,,Major Arterial,Etobicoke York,43.655715,-79.380611,Intersection Related,Traffic Signal,Clear,Daylight,Dry,Non-Fatal Injury,Pedestrian Collisions,Pedestrian,30 to 34,Major,,,,,,,Other / Undefined,Running onto Roadway,Other,,,,Yes,,,,,,,,,,,,,168,Downtown Yonge East,75,Church-Yonge Corridor (75),D51,630582.603359216,4834908.14774435
7432,81709382,3000839391,4/16/2023 4:00:00 AM,824,BLOOR ST W,ABERFOYLE CRES,,Major Arterial,Etobicoke York,43.645594,-79.518939,At Intersection,Traffic Signal,Clear,Daylight,Dry,Fatal,Pedestrian Collisions,Pedestrian,65 to 69,Fatal,8,,,,,,Unknown,Other,Normal,,,,Yes,,Yes,,,,,,,,,,,16,Stonegate-Queensway,16,Stonegate-Queensway (16),D22,619448.214731173,4833575.69038799
7433,81709383,3000839391,4/16/2023 4:00:00 AM,824,BLOOR ST W,ABERFOYLE CRES,,Major Arterial,Etobicoke York,43.645594,-79.518939,At Intersection,Traffic Signal,Clear,Daylight,Dry,Fatal,Pedestrian Collisions,Driver,70 to 74,,,East,"Automobile, Station Wagon",Going Ahead,Other,Other,,,,,,,Yes,,Yes,,,,,,,,,,,16,Stonegate-Queensway,16,Stonegate-Queensway (16),D22,619448.214731173,4833575.69038799
7434,81709959,3000851315,4/17/2023 4:00:00 AM,1650,JONES AV,GERRARD ST E,,Minor Arterial,Etobicoke York,43.669257,-79.335567,Other,Traffic Signal,Rain,Daylight,Wet,Non-Fatal Injury,Pedestrian Collisions,Driver,20 to 24,None,,East,"Automobile, Station Wagon",Going Ahead,Driving Properly,Normal,,,,,,,Yes,,Yes,,,,,,,,,,,70,South Riverdale,70,South Riverdale (70),D55,634184.681449906,4836484.04351671
7435,81709960,3000851315,4/17/2023 4:00:00 AM,1650,JONES AV,GERRARD ST E,,Minor Arterial,Etobicoke York,43.669257,-79.335567,Other,Traffic Signal,Rain,Daylight,Wet,Non-Fatal Injury,Pedestrian Collisions,Pedestrian,20 to 24,Major,,,,,,,Pedestrian hit a PXO/ped. Mid-block signal,Crossing marked crosswalk without ROW,Normal,,,,Yes,,Yes,,,,,,,,,,,70,South Riverdale,70,South Riverdale (70),D55,634184.681449906,4836484.04351671
7436,81709086,3000861369,4/18/2023 4:00:00 AM,2013,JARVIS ST,SHUTER ST,,Major Arterial,Toronto and East York,43.655368,-79.373889,Intersection Related,Traffic Signal,Clear,"Dark, artificial",Dry,Non-Fatal Injury,Pedestrian Collisions,Truck Driver,45 to 49,None,,East,Truck - Open,Turning Right,Improper Turn,Normal,,,,,,,Yes,,,,Yes,,,,,,,,,73,Moss Park,73,Moss Park (73),D51,631125.406042599,4834880.20951744
7437,81709087,3000861369,4/18/2023 4:00:00 AM,2013,JARVIS ST,SHUTER ST,,Major Arterial,Toronto and East York,43.655368,-79.373889,Intersection Related,Traffic Signal,Clear,"Dark, artificial",Dry,Non-Fatal Injury,Pedestrian Collisions,Pedestrian,80 to 84,Major,,,,,,,Vehicle turns right while ped crosses with ROW at inter.,Crossing with right of way,Normal,,,,Yes,,,,Yes,,,,,,,,,73,Moss Park,73,Moss Park (73),D51,631125.406042599,4834880.20951744
7438,81731841,3001015199,5/7/2023 4:00:00 AM,35,MARKHAM RD,SHEPPARD AVE E,100 metres W,Major Arterial,Scarborough,43.793566,-79.239902,Non Intersection,No Control,Clear,Dark,Dry,Fatal,Pedestrian Collisions,Pedestrian,55 to 59,Fatal,11,South,,,,,Pedestrian hit at mid-block,Crossing without right of way,Other,,,,Yes,,Yes,,,,,,,Yes,,,,128,Agincourt South-Malvern West,128,Agincourt South-Malvern West (128),D42,641603.899234509,4850449.61165734
7439,81731842,3001015199,5/7/2023 4:00:00 AM,35,MARKHAM RD,SHEPPARD AVE E,100 metres W,Major Arterial,Scarborough,43.793566,-79.239902,Non Intersection,No Control,Clear,Dark,Dry,Fatal,Pedestrian Collisions,Driver,20 to 24,None,,West,"Automobile, Station Wagon",Going Ahead,Failed to Yield Right of Way,Other,,,,,,,Yes,,Yes,,,,,,,Yes,,,,128,Agincourt South-Malvern West,128,Agincourt South-Malvern West (128),D42,641603.899234509,4850449.61165734
7440,81738444,3001037077,5/9/2023 4:00:00 AM,1531,BANBURY RD,YORK MILLS RD,,Collector,North York,43.752497,-79.365459,Intersection Related,Traffic Signal,Clear,Daylight,Dry,Non-Fatal Injury,Pedestrian Collisions,Driver,90 to 94,None,,East,"Automobile, Station Wagon",Going Ahead,Driving Properly,Normal,,,,,,,Yes,,Yes,,,,,,,,,,,42,Banbury-Don Mills,40,St.Andrew-Windfields (40),D33,631592.495920625,4845681.11266237
7441,81738445,3001037077,5/9/2023 4:00:00 AM,1531,BANBURY RD,YORK MILLS RD,,Collector,North York,43.752497,-79.365459,Intersection Related,Traffic Signal,Clear,Daylight,Dry,Non-Fatal Injury,Pedestrian Collisions,Pedestrian,10 to 14,Major,,,,,,,Vehicle is going straight thru inter.while ped cross without ROW,Crossing without right of way,Normal,,,,Yes,,Yes,,,,,,,,,,,42,Banbury-Don Mills,40,St.Andrew-Windfields (40),D33,631592.495920625,4845681.11266237
7442,81805889,3001165167,5/24/2023 4:00:00 AM,830,AVENUE RD,BERNARD AVE,20 m East of,,,43.674007,-79.396274,Intersection Related,Stop Sign,Clear,"Daylight, artificial",Dry,Non-Fatal Injury,Pedestrian Collisions,Driver,35 to 39,None,,East,"Automobile, Station Wagon",Turning Left,,Unknown,,,,,,,Yes,,Yes,,,,,,,,,,,95,Annex,95,Annex (95),D53,629280.301959055,4836915.18794526
7443,81805890,3001165167,5/24/2023 4:00:00 AM,830,AVENUE RD,BERNARD AVE,20 m East of,,,43.674007,-79.396274,Intersection Related,Stop Sign,Clear,"Daylight, artificial",Dry,Non-Fatal Injury,Pedestrian Collisions,Pedestrian,70 to 74,Major,,,,,,,,,Unknown,,,,Yes,,Yes,,,,,,,,,,,95,Annex,95,Annex (95),D53,629280.301959055,4836915.18794526
7444,81739171,3001193849,5/27/2023 4:00:00 AM,1237,FORT YORK BV,LAKE SHORE BV W,,Collector,Toronto and East York,43.635489,-79.40668,Intersection Related,Traffic Signal,Clear,Daylight,Dry,Non-Fatal Injury,Pedestrian Collisions,Motorcycle Driver,25 to 29,None,,East,Motorcycle,Going Ahead,Improper Passing,Normal,,,,,,,Yes,,Yes,Yes,,,,,,Yes,,,,163,Fort York-Liberty Village,82,Niagara (82),D14,628523.583319463,4832621.09257249
7445,81739172,3001193849,5/27/2023 4:00:00 AM,1237,FORT YORK BV,LAKE SHORE BV W,,Collector,Toronto and East York,43.635489,-79.40668,Intersection Related,Traffic Signal,Clear,Daylight,Dry,Non-Fatal Injury,Pedestrian Collisions,Driver,50 to 54,None,,East,"Automobile, Station Wagon",Slowing or Stopping,Driving Properly,Normal,,,,,,,Yes,,Yes,Yes,,,,,,Yes,,,,163,Fort York-Liberty Village,82,Niagara (82),D14,628523.583319463,4832621.09257249
7446,81739173,3001193849,5/27/2023 4:00:00 AM,1237,FORT YORK BV,LAKE SHORE BV W,,Collector,Toronto and East York,43.635489,-79.40668,Intersection Related,Traffic Signal,Clear,Daylight,Dry,Non-Fatal Injury,Pedestrian Collisions,Pedestrian,35 to 39,Major,,,,,,,Vehicle is going straight thru inter.while ped cross without ROW,"Crossing, Pedestrian Crossover",Normal,,,,Yes,,Yes,Yes,,,,,,Yes,,,,163,Fort York-Liberty Village,82,Niagara (82),D14,628523.583319463,4832621.09257249
7447,81746226,3001204708,5/28/2023 4:00:00 AM,1706,KEELE ST,SHEPPARD AV W,24 m West of,Major Arterial,North York,43.744734,-79.486705,Non Intersection,Traffic Signal,Clear,Daylight,Dry,Non-Fatal Injury,Pedestrian Collisions,Driver,35 to 39,None,,East,"Automobile, Station Wagon",Going Ahead,Driving Properly,Normal,,,,,,,Yes,,Yes,,,,,Yes,,,,,,155,Downsview,27,York University Heights (27),D31,621846.973296489,4844633.4386111
7448,81746227,3001204708,5/28/2023 4:00:00 AM,1706,KEELE ST,SHEPPARD AV W,24 m West of,Major Arterial,North York,43.744734,-79.486705,Non Intersection,Traffic Signal,Clear,Daylight,Dry,Non-Fatal Injury,Pedestrian Collisions,Pedestrian,45 to 49,Major,,North,,,,,Vehicle is going straight thru inter.while ped cross without ROW,Crossing without right of way,Normal,,,,Yes,,Yes,,,,,Yes,,,,,,155,Downsview,27,York University Heights (27),D31,621846.973296489,4844633.4386111
7449,81746228,3001204708,5/28/2023 4:00:00 AM,1706,KEELE ST,SHEPPARD AV W,24 m West of,Major Arterial,North York,43.744734,-79.486705,Non Intersection,Traffic Signal,Clear,Daylight,Dry,Non-Fatal Injury,Pedestrian Collisions,Passenger,35 to 39,None,,,"Automobile, Station Wagon",,,,,,,,,,Yes,,Yes,,,,,Yes,,,,,,155,Downsview,27,York University Heights (27),D31,621846.973296489,4844633.4386111
7450,81739094,3001223136,5/30/2023 4:00:00 AM,1512,HOLLAND PARK AV,OAKWOOD AV,,Local,Toronto and East York,43.686377,-79.438388,Intersection Related,Stop Sign,Clear,Daylight,Dry,Non-Fatal Injury,Pedestrian Collisions,Driver,55 to 59,None,,East,Pick Up Truck,Turning Left,Failed to Yield Right of Way,Normal,,,,,,,Yes,,Yes,,,,,,,Yes,,,,107,Oakwood Village,107,Oakwood Village (107),D13,625859.488852343,4838224.26831417
7451,81739095,3001223136,5/30/2023 4:00:00 AM,1512,HOLLAND PARK AV,OAKWOOD AV,,Local,Toronto and East York,43.686377,-79.438388,Intersection Related,Stop Sign,Clear,Daylight,Dry,Non-Fatal Injury,Pedestrian Collisions,Pedestrian,55 to 59,Major,,,,,,,Vehicle turns left while ped crosses with ROW at inter.,"Crossing, Pedestrian Crossover",Normal,,,,Yes,,Yes,,,,,,,Yes,,,,107,Oakwood Village,107,Oakwood Village (107),D13,625859.488852343,4838224.26831417
7452,81806878,3001239733,6/1/2023 4:00:00 AM,744,REXDALE BV,QUEEN'S PLATE DR,,,,43.716537,-79.592579,Intersection Related,Traffic Signal,Clear,Daylight,Dry,Non-Fatal Injury,Pedestrian Collisions,Truck Driver,50 to 54,None,,East,Truck-Tractor,Going Ahead,Driving Properly,Normal,,,,,,,Yes,,,,Yes,,,Yes,,,,,,1,West Humber-Clairville,1,West Humber-Clairville (1),D23,613375.374607899,4841351.4950017
7453,81806879,3001239733,6/1/2023 4:00:00 AM,744,REXDALE BV,QUEEN'S PLATE DR,,,,43.716537,-79.592579,Intersection Related,Traffic Signal,Clear,Daylight,Dry,Non-Fatal Injury,Pedestrian Collisions,Passenger,35 to 39,None,,,,,,,,,,,,,Yes,,,,Yes,,,Yes,,,,,,1,West Humber-Clairville,1,West Humber-Clairville (1),D23,613375.374607899,4841351.4950017
7454,81806880,3001239733,6/1/2023 4:00:00 AM,744,REXDALE BV,QUEEN'S PLATE DR,,,,43.716537,-79.592579,Intersection Related,Traffic Signal,Clear,Daylight,Dry,Non-Fatal Injury,Pedestrian Collisions,Pedestrian,10 to 14,Major,,,,,,,,,Unknown,,,,Yes,,,,Yes,,,Yes,,,,,,1,West Humber-Clairville,1,West Humber-Clairville (1),D23,613375.374607899,4841351.4950017
7455,81754819,3001254670,6/2/2023 4:00:00 AM,1448,MARLEE AVE,GLENCAIRN AVE,70 m North o,Major Arterial,North York,43.708998,-79.443813,Non Intersection,No Control,Clear,Daylight,Dry,Non-Fatal Injury,Pedestrian Collisions,Driver,30 to 34,None,,North,"Automobile, Station Wagon",Going Ahead,Driving Properly,Normal,,,,,,,Yes,,Yes,,,,,,,,,,,31,Yorkdale-Glen Park,31,Yorkdale-Glen Park (31),D13,625375.098420413,4840728.42379378
7456,81754820,3001254670,6/2/2023 4:00:00 AM,1448,MARLEE AVE,GLENCAIRN AVE,70 m North o,Major Arterial,North York,43.708998,-79.443813,Non Intersection,No Control,Clear,Daylight,Dry,Non-Fatal Injury,Pedestrian Collisions,Pedestrian,45 to 49,Major,,,,,,,Pedestrian hit at mid-block,"Crossing, no Traffic Control",Normal,,,,Yes,,Yes,,,,,,,,,,,31,Yorkdale-Glen Park,31,Yorkdale-Glen Park (31),D13,625375.098420413,4840728.42379378
7457,81806159,3001259368,6/2/2023 4:00:00 AM,2200,STEELES AVE E,Bluffwood Dr,61 m East of,,,43.80788,-79.375339,Non Intersection,,Clear,Dark,Dry,Non-Fatal Injury,Pedestrian Collisions,Driver,55 to 59,None,,West,"Automobile, Station Wagon",Going Ahead,Driving Properly,Normal,,,,,,,Yes,,Yes,,,,,,,,,,,49,Bayview Woods-Steeles,NSA,NSA,D33,630676.363631421,4851816.60192197
7458,81806160,3001259368,6/2/2023 4:00:00 AM,2200,STEELES AVE E,Bluffwood Dr,61 m East of,,,43.80788,-79.375339,Non Intersection,,Clear,Dark,Dry,Non-Fatal Injury,Pedestrian Collisions,Pedestrian,60 to 64,Major,,,,,,,,,Unknown,,,,Yes,,Yes,,,,,,,,,,,49,Bayview Woods-Steeles,NSA,NSA,D33,630676.363631421,4851816.60192197
7459,81806606,3001266373,6/3/2023 4:00:00 AM,1750,Dufferin St,OVERBROOK PL,,,,43.76105,-79.465183,Intersection Related,Traffic Signal,Clear,Daylight,Dry,Non-Fatal Injury,Pedestrian Collisions,Motorcycle Driver,50 to 54,Major,,North,Motorcycle,Going Ahead,,Unknown,,,,,,,Yes,,,Yes,,,,,,,,,,34,Bathurst Manor,34,Bathurst Manor (34),D32,623546.311073973,4846477.45105704
7460,81806607,3001266373,6/3/2023 4:00:00 AM,1750,Dufferin St,OVERBROOK PL,,,,43.76105,-79.465183,Intersection Related,Traffic Signal,Clear,Daylight,Dry,Non-Fatal Injury,Pedestrian Collisions,Pedestrian,10 to 14,Minor,,,,,,,,,Unknown,,,,Yes,,,Yes,,,,,,,,,,34,Bathurst Manor,34,Bathurst Manor (34),D32,623546.311073973,4846477.45105704
7461,81748554,3001286165,6/5/2023 4:00:00 AM,2155,SHERBOURNE ST,EARL ST,,Minor Arterial,Toronto and East York,43.668715,-79.375324,Other,Pedestrian Crossover,Clear,"Dark, artificial",Dry,Non-Fatal Injury,Pedestrian Collisions,Driver,60 to 64,None,,North,"Automobile, Station Wagon",Going Ahead,Driving Properly,Normal,,,,,,,Yes,,Yes,,,,,Yes,,,,,,74,North St.James Town,74,North St.James Town (74),D51,630980.662045333,4836360.30523064
7462,81748555,3001286165,6/5/2023 4:00:00 AM,2155,SHERBOURNE ST,EARL ST,,Minor Arterial,Toronto and East York,43.668715,-79.375324,Other,Pedestrian Crossover,Clear,"Dark, artificial",Dry,Non-Fatal Injury,Pedestrian Collisions,Passenger,70 to 74,None,,,,,,,,,,,,,Yes,,Yes,,,,,Yes,,,,,,74,North St.James Town,74,North St.James Town (74),D51,630980.662045333,4836360.30523064