OBJECTID,INDEX,ACCNUM,DATE,TIME,STREET1,STREET2,OFFSET,ROAD_CLASS,DISTRICT,LATITUDE,LONGITUDE,ACCLOC,TRAFFCTL,VISIBILITY,LIGHT,RDSFCOND,ACCLASS,IMPACTYPE,INVTYPE,INVAGE,INJURY,FATAL_NO,INITDIR,VEHTYPE,MANOEUVER,DRIVACT,DRIVCOND,PEDTYPE,PEDACT,PEDCOND,CYCLISTYPE,CYCACT,CYCCOND,PEDESTRIAN,CYCLIST,AUTOMOBILE,MOTORCYCLE,TRUCK,TRSN_CITY_VEH,EMERG_VEH,PASSENGER,SPEEDING,AG_DRIV,REDLIGHT,ALCOHOL,DISABILITY,HOOD_158,NEIGHBOURHOOD_158,HOOD_140,NEIGHBOURHOOD_140,DIVISION,x,y
7463,81748556,3001286165,6/5/2023 4:00:00 AM,2155,SHERBOURNE ST,EARL ST,,Minor Arterial,Toronto and East York,43.668715,-79.375324,Other,Pedestrian Crossover,Clear,"Dark, artificial",Dry,Non-Fatal Injury,Pedestrian Collisions,Passenger,70 to 74,None,,,,,,,,,,,,,Yes,,Yes,,,,,Yes,,,,,,74,North St.James Town,74,North St.James Town (74),D51,630980.662045333,4836360.30523064
7464,81748557,3001286165,6/5/2023 4:00:00 AM,2155,SHERBOURNE ST,EARL ST,,Minor Arterial,Toronto and East York,43.668715,-79.375324,Other,Pedestrian Crossover,Clear,"Dark, artificial",Dry,Non-Fatal Injury,Pedestrian Collisions,Pedestrian,65 to 69,Major,,,,,,,Pedestrian hit a PXO/ped. Mid-block signal,"Crossing, Pedestrian Crossover",Normal,,,,Yes,,Yes,,,,,Yes,,,,,,74,North St.James Town,74,North St.James Town (74),D51,630980.662045333,4836360.30523064
7465,81731848,3001288337,6/6/2023 4:00:00 AM,731,MOUNT PLEASANT BLOOR RAMP,MOUNT PLEASANT RD,,Major Arterial ,Toronto and East York,43.672358,-79.379527,Other,Stop Sign,Clear,Daylight,Dry,Fatal,Pedestrian Collisions,Pedestrian,25 to 29,Fatal,15,North,,,,,Vehicle turns right while ped crosses with ROW at inter.,Crossing with right of way,Normal,,,,Yes,,Yes,,,,,,,Yes,,,,98,Rosedale-Moore Park,98,Rosedale-Moore Park (98),D53,630633.910676518,4836758.28186655
7466,81731849,3001288337,6/6/2023 4:00:00 AM,731,MOUNT PLEASANT BLOOR RAMP,MOUNT PLEASANT RD,,Major Arterial ,Toronto and East York,43.672358,-79.379527,Other,Stop Sign,Clear,Daylight,Dry,Fatal,Pedestrian Collisions,Driver,25 to 29,None,,West,Tow Truck,Merging,Failed to Yield Right of Way,Other,,,,,,,Yes,,Yes,,,,,,,Yes,,,,98,Rosedale-Moore Park,98,Rosedale-Moore Park (98),D53,630633.910676518,4836758.28186655
7467,81787723,3001292986,6/6/2023 4:00:00 AM,1637,ISLINGTON AV,TITAN RD,,Major Arterial,Etobicoke York,43.630881,-79.517734,Intersection Related,Traffic Signal,Clear,Daylight,Dry,Non-Fatal Injury,Pedestrian Collisions,Driver,65 to 69,None,,North,"Automobile, Station Wagon",Going Ahead,Driving Properly,Normal,,,,,,,Yes,,Yes,,,,,,,,,,,16,Stonegate-Queensway,16,Stonegate-Queensway (16),D22,619574.579161611,4831943.36209812
7468,81787724,3001292986,6/6/2023 4:00:00 AM,1637,ISLINGTON AV,TITAN RD,,Major Arterial,Etobicoke York,43.630881,-79.517734,Intersection Related,Traffic Signal,Clear,Daylight,Dry,Non-Fatal Injury,Pedestrian Collisions,Pedestrian,0 to 4,Major,,,,,,,Vehicle is going straight thru inter.while ped cross with ROW,Crossing with right of way,Normal,,,,Yes,,Yes,,,,,,,,,,,16,Stonegate-Queensway,16,Stonegate-Queensway (16),D22,619574.579161611,4831943.36209812
7469,81746890,3001307011,6/8/2023 4:00:00 AM,742,WOODBINE AV,GERRARD ST E,,Major Arterial,Toronto and East York,43.680796,-79.310725,Intersection Related,Traffic Signal,Clear,Daylight,Dry,Non-Fatal Injury,Pedestrian Collisions,Truck Driver,40 to 44,None,,North,Truck - Dump,Turning Right,Improper Turn,,,,,,,,Yes,,,,Yes,,,,,,,,,62,East End-Danforth,62,East End-Danforth (62),D55,636161.3375982,4837806.09225702
7470,81746891,3001307011,6/8/2023 4:00:00 AM,742,WOODBINE AV,GERRARD ST E,,Major Arterial,Toronto and East York,43.680796,-79.310725,Intersection Related,Traffic Signal,Clear,Daylight,Dry,Non-Fatal Injury,Pedestrian Collisions,Pedestrian,50 to 54,Major,,,,,,,Pedestrian involved in a collision with transit vehicle anywhere along roadway,On Sidewalk or Shoulder,Normal,,,,Yes,,,,Yes,,,,,,,,,62,East End-Danforth,62,East End-Danforth (62),D55,636161.3375982,4837806.09225702
7471,81746288,3001327997,6/10/2023 4:00:00 AM,1453,205 CHURCH ST,Uphill Ave,2 m South of,Collector,Toronto and East York,43.708586,-79.50854,Non Intersection,No Control,Clear,Daylight,Dry,Non-Fatal Injury,Pedestrian Collisions,Driver,80 to 84,None,,North,Pick Up Truck,Reversing,Other,Normal,,,,,,,Yes,,Yes,,,,,,,,,,,113,Weston,113,Weston (113),D12,620161.110184557,4840586.80743872
7472,81746289,3001327997,6/10/2023 4:00:00 AM,1453,205 CHURCH ST,Uphill Ave,2 m South of,Collector,Toronto and East York,43.708586,-79.50854,Non Intersection,No Control,Clear,Daylight,Dry,Non-Fatal Injury,Pedestrian Collisions,Pedestrian,70 to 74,Major,,,,,,,Vehicle is reversing and hits pedestrian,On Sidewalk or Shoulder,Other,,,,Yes,,Yes,,,,,,,,,,,113,Weston,113,Weston (113),D12,620161.110184557,4840586.80743872
7473,81746691,3001342046,6/12/2023 4:00:00 AM,805,KIPLING AV,BURNHAMTHORPE RD,8 m South of,Major Arterial,Etobicoke York,43.650984,-79.539363,Intersection Related,Traffic Signal,Rain,Daylight,Wet,Non-Fatal Injury,Pedestrian Collisions,Driver,50 to 54,None,,South,"Automobile, Station Wagon",Going Ahead,Driving Properly,Normal,,,,,,,Yes,,Yes,,,,,Yes,,Yes,,,,158,Islington,14,Islington-City Centre West (14),D22,617790.46110927,4834145.12621173
7474,81746692,3001342046,6/12/2023 4:00:00 AM,805,KIPLING AV,BURNHAMTHORPE RD,8 m South of,Major Arterial,Etobicoke York,43.650984,-79.539363,Intersection Related,Traffic Signal,Rain,Daylight,Wet,Non-Fatal Injury,Pedestrian Collisions,Pedestrian,10 to 14,Major,,,,,,,Vehicle is going straight thru inter.while ped cross with ROW,Crossing without right of way,Normal,,,,Yes,,Yes,,,,,Yes,,Yes,,,,158,Islington,14,Islington-City Centre West (14),D22,617790.46110927,4834145.12621173
7475,81746693,3001342046,6/12/2023 4:00:00 AM,805,KIPLING AV,BURNHAMTHORPE RD,8 m South of,Major Arterial,Etobicoke York,43.650984,-79.539363,Intersection Related,Traffic Signal,Rain,Daylight,Wet,Non-Fatal Injury,Pedestrian Collisions,Passenger,15 to 19,None,,,,,,,,,,,,,Yes,,Yes,,,,,Yes,,Yes,,,,158,Islington,14,Islington-City Centre West (14),D22,617790.46110927,4834145.12621173
7476,81739179,3001346279,6/12/2023 4:00:00 AM,1625,MOUNT PLEASANT RD,EGLINTON AV E,20 m West of,Major Arterial,Toronto and East York,43.708415,-79.39017,Intersection Related,Traffic Signal,Rain,Daylight,Wet,Non-Fatal Injury,Pedestrian Collisions,Driver,45 to 49,None,,South,"Automobile, Station Wagon",Going Ahead,Driving Properly,Normal,,,,,,,Yes,,Yes,,,,,,,,,,,99,Mount Pleasant East,99,Mount Pleasant East (99),D53,629698.176688873,4840746.20370653
7477,81739180,3001346279,6/12/2023 4:00:00 AM,1625,MOUNT PLEASANT RD,EGLINTON AV E,20 m West of,Major Arterial,Toronto and East York,43.708415,-79.39017,Intersection Related,Traffic Signal,Rain,Daylight,Wet,Non-Fatal Injury,Pedestrian Collisions,Pedestrian,30 to 34,Major,,,,,,,Vehicle is going straight thru inter.while ped cross without ROW,Crossing without right of way,Other,,,,Yes,,Yes,,,,,,,,,,,99,Mount Pleasant East,99,Mount Pleasant East (99),D53,629698.176688873,4840746.20370653
7478,81738098,3001362364,6/14/2023 4:00:00 AM,1235,EGLINTON AVE E,MASON RD,,Major Arterial,Scarborough,43.741721,-79.225124,Intersection Related,Traffic Signal,Clear,Daylight,Dry,Fatal,Pedestrian Collisions,Pedestrian,65 to 69,Fatal,16,North,,,,,Vehicle turns right while ped crosses with ROW at inter.,Crossing with right of way,Normal,,,,Yes,,Yes,,,,,,,Yes,,,,139,Scarborough Village,139,Scarborough Village (139),D43,642916.264304978,4844716.8053418
7479,81738099,3001362364,6/14/2023 4:00:00 AM,1235,EGLINTON AVE E,MASON RD,,Major Arterial,Scarborough,43.741721,-79.225124,Intersection Related,Traffic Signal,Clear,Daylight,Dry,Fatal,Pedestrian Collisions,Driver,65 to 69,None,,East,"Automobile, Station Wagon",Turning Right,Failed to Yield Right of Way,Normal,,,,,,,Yes,,Yes,,,,,,,Yes,,,,139,Scarborough Village,139,Scarborough Village (139),D43,642916.264304978,4844716.8053418
7480,81805733,3001387773,6/17/2023 4:00:00 AM,539,KEELE ST,ROGERS RD,64 m North o,Major Arterial,Etobicoke York,43.682136,-79.471599,Non Intersection,Traffic Signal,Clear,Daylight,Dry,Non-Fatal Injury,Pedestrian Collisions,Driver,70 to 74,None,,North,"Automobile, Station Wagon",Pulling Away from Shoulder or Curb,Driving Properly,Normal,,,,,,,Yes,,Yes,,,,,,,,,,,110,Keelesdale-Eglinton West,110,Keelesdale-Eglinton West (110),D12,623191.475480843,4837703.38165984
7481,81805734,3001387773,6/17/2023 4:00:00 AM,539,KEELE ST,ROGERS RD,64 m North o,Major Arterial,Etobicoke York,43.682136,-79.471599,Non Intersection,Traffic Signal,Clear,Daylight,Dry,Non-Fatal Injury,Pedestrian Collisions,Pedestrian,0 to 4,Major,,,,,,,,,Unknown,,,,Yes,,Yes,,,,,,,,,,,110,Keelesdale-Eglinton West,110,Keelesdale-Eglinton West (110),D12,623191.475480843,4837703.38165984
7482,81739336,3001418143,6/20/2023 4:00:00 AM,1306,MILNER AVE,MORNINGSIDE AV,200 m West o,Minor Arterial,Scarborough,43.79959,-79.201328,Non Intersection,No Control,Clear,Daylight,Dry,Non-Fatal Injury,Pedestrian Collisions,Driver,15 to 19,None,,West,"Automobile, Station Wagon",Going Ahead,Driving Properly,Unknown,,,,,,,Yes,,Yes,,,,,,,,,,,146,Malvern East,132,Malvern (132),D42,644692.761453062,4851185.39663517
7483,81739337,3001418143,6/20/2023 4:00:00 AM,1306,MILNER AVE,MORNINGSIDE AV,200 m West o,Minor Arterial,Scarborough,43.79959,-79.201328,Non Intersection,No Control,Clear,Daylight,Dry,Non-Fatal Injury,Pedestrian Collisions,Pedestrian,10 to 14,Major,,,,,,,Pedestrian hit at mid-block,Running onto Roadway,Normal,,,,Yes,,Yes,,,,,,,,,,,146,Malvern East,132,Malvern (132),D42,644692.761453062,4851185.39663517
7484,81746813,3001446604,6/23/2023 4:00:00 AM,1138,DUFFERIN ST,SYLVAN AV,65 m North o,Major Arterial,Toronto and East York,43.654734,-79.433391,Intersection Related,Traffic Signal,Clear,Daylight,Dry,Non-Fatal Injury,Pedestrian Collisions,Truck Driver,25 to 29,None,,South,Truck - Dump,Going Ahead,Failed to Yield Right of Way,Normal,,,,,,,Yes,,,,Yes,,,,,Yes,,,,83,Dufferin Grove,83,Dufferin Grove (83),D11,626328.599213171,4834717.48673301
7485,81746814,3001446604,6/23/2023 4:00:00 AM,1138,DUFFERIN ST,SYLVAN AV,65 m North o,Major Arterial,Toronto and East York,43.654734,-79.433391,Intersection Related,Traffic Signal,Clear,Daylight,Dry,Non-Fatal Injury,Pedestrian Collisions,Pedestrian,80 to 84,Major,,,,,,,Vehicle is going straight thru inter.while ped cross with ROW,Crossing with right of way,Normal,,,,Yes,,,,Yes,,,,,Yes,,,,83,Dufferin Grove,83,Dufferin Grove (83),D11,626328.599213171,4834717.48673301
7486,81739384,3001452923,6/24/2023 4:00:00 AM,31,GARDINER E LOWER JARVIS RAMP,LOWER JARVIS ST,,Expressway Ramp,Toronto and East York,43.645449,-79.369914,Non Intersection,No Control,Clear,"Dark, artificial",Dry,Fatal,Pedestrian Collisions,Pedestrian,20 to 24,Fatal,17,North,,,,,Pedestrian hit at mid-block,Running onto Roadway,Normal,,,,Yes,,,,,,,,,,,,,166,St Lawrence-East Bayfront-The Islands,77,Waterfront Communities-The Island (77),D51,631467.583076854,4833784.86347375
7487,81739385,3001452923,6/24/2023 4:00:00 AM,31,GARDINER E LOWER JARVIS RAMP,LOWER JARVIS ST,,Expressway Ramp,Toronto and East York,43.645449,-79.369914,Non Intersection,No Control,Clear,"Dark, artificial",Dry,Fatal,Pedestrian Collisions,Driver,65 to 69,None,,East,,Going Ahead,Driving Properly,Normal,,,,,,,Yes,,,,,,,,,,,,,166,St Lawrence-East Bayfront-The Islands,77,Waterfront Communities-The Island (77),D51,631467.583076854,4833784.86347375
7488,81747580,3001483428,6/27/2023 4:00:00 AM,932,JANE ST,YEWTREE BLVD,,Major Arterial,North York,43.754862,-79.51704,Intersection Related,Traffic Signal,Clear,Daylight,Dry,Non-Fatal Injury,Pedestrian Collisions,Driver,50 to 54,None,,West,"Automobile, Station Wagon",Turning Left,Improper Turn,Normal,,,,,,,Yes,,Yes,,,,,,,,,,,25,Glenfield-Jane Heights,25,Glenfield-Jane Heights (25),D31,619384.313764053,4845714.13120181
7489,81747581,3001483428,6/27/2023 4:00:00 AM,932,JANE ST,YEWTREE BLVD,,Major Arterial,North York,43.754862,-79.51704,Intersection Related,Traffic Signal,Clear,Daylight,Dry,Non-Fatal Injury,Pedestrian Collisions,Pedestrian,45 to 49,Major,,,,,,,Vehicle turns left while ped crosses with ROW at inter.,Crossing with right of way,Normal,,,,Yes,,Yes,,,,,,,,,,,25,Glenfield-Jane Heights,25,Glenfield-Jane Heights (25),D31,619384.313764053,4845714.13120181
7490,81746381,3001490275,6/27/2023 4:00:00 AM,2317,LOWER SIMCOE ST,GRAND TRUNK CRES,22 m South o,Collector,Toronto and East York,43.640998,-79.383472,Non Intersection,No Control,Clear,"Dark, artificial",Dry,Non-Fatal Injury,Pedestrian Collisions,Pedestrian,30 to 34,Major,,,,,,,Pedestrian hit on sidewalk or shoulder,On Sidewalk or Shoulder,Normal,,,,Yes,,,,,,,,,,,,,165,Harbourfront-CityPlace,77,Waterfront Communities-The Island (77),D52,630383.737555346,4833269.13396071
7491,81746696,3001506035,6/29/2023 4:00:00 AM,1650,SPADINA AV,BALDWIN ST,100 m North ,Major Arterial,Toronto and East York,43.655223,-79.398967,Non Intersection,No Control,Clear,Daylight,Dry,Non-Fatal Injury,Pedestrian Collisions,Motorcycle Driver,25 to 29,None,,North,Motorcycle,Going Ahead,Driving Properly,Normal,,,,,,,Yes,,,Yes,,,,,,,,,,78,Kensington-Chinatown,78,Kensington-Chinatown (78),D14,629103.470308417,4834824.78073752
7492,81746697,3001506035,6/29/2023 4:00:00 AM,1650,SPADINA AV,BALDWIN ST,100 m North ,Major Arterial,Toronto and East York,43.655223,-79.398967,Non Intersection,No Control,Clear,Daylight,Dry,Non-Fatal Injury,Pedestrian Collisions,Pedestrian,70 to 74,Major,,,,,,,Pedestrian hit at mid-block,"Crossing, no Traffic Control",Normal,,,,Yes,,,Yes,,,,,,,,,,78,Kensington-Chinatown,78,Kensington-Chinatown (78),D14,629103.470308417,4834824.78073752
7493,81806073,3001508922,6/29/2023 4:00:00 AM,2310,KENNEDY RD,FINCH AV,5 m North of,,,43.801391,-79.296474,Intersection Related,Traffic Signal,Clear,"Dark, artificial",Dry,Non-Fatal Injury,Pedestrian Collisions,Driver,45 to 49,None,,North,"Automobile, Station Wagon",Going Ahead,Driving Properly,Normal,,,,,,,Yes,,Yes,,,,,,,,,,,130,Milliken,130,Milliken (130),D42,637034.613589687,4851223.46700664
7494,81806074,3001508922,6/29/2023 4:00:00 AM,2310,KENNEDY RD,FINCH AV,5 m North of,,,43.801391,-79.296474,Intersection Related,Traffic Signal,Clear,"Dark, artificial",Dry,Non-Fatal Injury,Pedestrian Collisions,Pedestrian,45 to 49,Major,,,,,,,,,Unknown,,,,Yes,,Yes,,,,,,,,,,,130,Milliken,130,Milliken (130),D42,637034.613589687,4851223.46700664
7495,81805774,3001514707,6/30/2023 4:00:00 AM,1537,KENNEDY RD,WICKWARE GT,,,,43.75323,-79.276256,Intersection Related,Traffic Signal,Clear,Daylight,Dry,Non-Fatal Injury,Pedestrian Collisions,Driver,30 to 34,None,,North,"Automobile, Station Wagon",Going Ahead,Driving Properly,Normal,,,,,,,Yes,,Yes,,,,,,,,,,,126,Dorset Park,126,Dorset Park (126),D41,638772.373747423,4845908.11268057
7496,81805775,3001514707,6/30/2023 4:00:00 AM,1537,KENNEDY RD,WICKWARE GT,,,,43.75323,-79.276256,Intersection Related,Traffic Signal,Clear,Daylight,Dry,Non-Fatal Injury,Pedestrian Collisions,Pedestrian,15 to 19,Major,,,,,,,,,Unknown,,,,Yes,,Yes,,,,,,,,,,,126,Dorset Park,126,Dorset Park (126),D41,638772.373747423,4845908.11268057
7497,81805789,3001524851,7/1/2023 4:00:00 AM,1840,BROCK AV,CROATIA ST,,,,43.657577,-79.438526,Intersection Related,Stop Sign,Clear,Daylight,Dry,Non-Fatal Injury,Pedestrian Collisions,Driver,50 to 54,None,,North,"Automobile, Station Wagon",Going Ahead,Failed to Yield Right of Way,Normal,,,,,,,Yes,,Yes,,,,,,,Yes,,,,83,Dufferin Grove,83,Dufferin Grove (83),D11,625908.575974015,4835025.43420375
7498,81805790,3001524851,7/1/2023 4:00:00 AM,1840,BROCK AV,CROATIA ST,,,,43.657577,-79.438526,Intersection Related,Stop Sign,Clear,Daylight,Dry,Non-Fatal Injury,Pedestrian Collisions,Pedestrian,70 to 74,Major,,,,,,,,,Unknown,,,,Yes,,Yes,,,,,,,Yes,,,,83,Dufferin Grove,83,Dufferin Grove (83),D11,625908.575974015,4835025.43420375
7499,81739382,3001535064,7/3/2023 4:00:00 AM,26,MORNINGSIDE AVE,MORNINGVIEW TRL,,Minor Arterial,Scarborough,43.812186,-79.204555,Non Intersection,No Control,Clear,"Dark, artificial",Dry,Fatal,Pedestrian Collisions,Pedestrian,35 to 39,Fatal,18,West,,,,,Pedestrian hit at mid-block,Crossing without right of way,Other,,,,Yes,,,,,,,,,,,Yes,,146,Malvern East,132,Malvern (132),D42,644402.808463901,4852578.75102396
7500,81739383,3001535064,7/3/2023 4:00:00 AM,26,MORNINGSIDE AVE,MORNINGVIEW TRL,,Minor Arterial,Scarborough,43.812186,-79.204555,Non Intersection,No Control,Clear,"Dark, artificial",Dry,Fatal,Pedestrian Collisions,Driver,25 to 29,None,,North,,Going Ahead,Driving Properly,"Ability Impaired, Alcohol Over .08",,,,,,,Yes,,,,,,,,,,,Yes,,146,Malvern East,132,Malvern (132),D42,644402.808463901,4852578.75102396
7501,81745926,3001559884,7/5/2023 4:00:00 AM,1625,DUNDAS ST W,HIGH PARK AVE,,Major Arterial,Toronto and East York,43.665408,-79.470348,Intersection Related,Traffic Signal,Clear,Daylight,Dry,Fatal,Pedestrian Collisions,Pedestrian,5 to 9,Fatal,19,South,,,,,Vehicle is going straight thru inter.while ped cross without ROW,Running onto Roadway,Normal,,,,Yes,,Yes,,,,,,,,,,,90,Junction Area,90,Junction Area (90),D11,623326.568621927,4835847.37353667
7502,81745929,3001559884,7/5/2023 4:00:00 AM,1625,DUNDAS ST W,HIGH PARK AVE,,Major Arterial,Toronto and East York,43.665408,-79.470348,Intersection Related,Traffic Signal,Clear,Daylight,Dry,Fatal,Pedestrian Collisions,Driver,40 to 44,None,,West,"Automobile, Station Wagon",Going Ahead,Driving Properly,Normal,,,,,,,Yes,,Yes,,,,,,,,,,,90,Junction Area,90,Junction Area (90),D11,623326.568621927,4835847.37353667
7503,81745930,3001611724,7/11/2023 4:00:00 AM,1353,HORNER AVE,THIRTIETH ST,,Minor Arterial,Etobicoke York,43.604193,-79.533695,Intersection Related,Traffic Signal,Clear,Daylight,Dry,Fatal,Pedestrian Collisions,Pedestrian,65 to 69,Fatal,20,South,,,,,Vehicle turns left while ped crosses with ROW at inter.,Crossing with right of way,Normal,,,,Yes,,Yes,,,,,,,,,,,20,Alderwood,20,Alderwood (20),D22,618339.33188648,4828956.47013771
7504,81745931,3001611724,7/11/2023 4:00:00 AM,1353,HORNER AVE,THIRTIETH ST,,Minor Arterial,Etobicoke York,43.604193,-79.533695,Intersection Related,Traffic Signal,Clear,Daylight,Dry,Fatal,Pedestrian Collisions,Driver,45 to 49,None,,North,Pick Up Truck,Turning Left,Improper Turn,Normal,,,,,,,Yes,,Yes,,,,,,,,,,,20,Alderwood,20,Alderwood (20),D22,618339.33188648,4828956.47013771
7505,81746666,3001614743,7/11/2023 4:00:00 AM,2029,EGLINTON AVE W,KANE AVE,29 m East of,Major Arterial,Toronto and East York,43.691306,-79.47002,Non Intersection,No Control,Clear,Daylight,Dry,Non-Fatal Injury,Pedestrian Collisions,Driver,50 to 54,None,,West,"Automobile, Station Wagon",Going Ahead,Other,Other,,,,,,,Yes,,Yes,,,,,,,,,,,112,Beechborough-Greenbrook,112,Beechborough-Greenbrook (112),D12,623299.957340226,4838724.18094357
7506,81746667,3001614743,7/11/2023 4:00:00 AM,2029,EGLINTON AVE W,KANE AVE,29 m East of,Major Arterial,Toronto and East York,43.691306,-79.47002,Non Intersection,No Control,Clear,Daylight,Dry,Non-Fatal Injury,Pedestrian Collisions,Driver,30 to 34,None,,West,"Automobile, Station Wagon",Changing Lanes,Driving Properly,Normal,,,,,,,Yes,,Yes,,,,,,,,,,,112,Beechborough-Greenbrook,112,Beechborough-Greenbrook (112),D12,623299.957340226,4838724.18094357
7507,81746668,3001614743,7/11/2023 4:00:00 AM,2029,EGLINTON AVE W,KANE AVE,29 m East of,Major Arterial,Toronto and East York,43.691306,-79.47002,Non Intersection,No Control,Clear,Daylight,Dry,Non-Fatal Injury,Pedestrian Collisions,Pedestrian,25 to 29,Major,,,,,,,Pedestrian hit at mid-block,Other,Normal,,,,Yes,,Yes,,,,,,,,,,,112,Beechborough-Greenbrook,112,Beechborough-Greenbrook (112),D12,623299.957340226,4838724.18094357
7508,81746669,3001614743,7/11/2023 4:00:00 AM,2029,EGLINTON AVE W,KANE AVE,29 m East of,Major Arterial,Toronto and East York,43.691306,-79.47002,Non Intersection,No Control,Clear,Daylight,Dry,Non-Fatal Injury,Pedestrian Collisions,Pedestrian,55 to 59,Minimal,,,,,,,Pedestrian hit at mid-block,Other,Normal,,,,Yes,,Yes,,,,,,,,,,,112,Beechborough-Greenbrook,112,Beechborough-Greenbrook (112),D12,623299.957340226,4838724.18094357
7509,81747142,3001649078,7/15/2023 4:00:00 AM,2200,JANE ST,STEELES AV W,5 m South of,Major Arterial,North York,43.775313,-79.521693,Intersection Related,Traffic Signal,Rain,"Dark, artificial",Wet,Non-Fatal Injury,Pedestrian Collisions,Driver,35 to 39,None,,North,"Automobile, Station Wagon",Turning Left,Improper Turn,Normal,,,,,,,Yes,,Yes,,,,,,,,,,,24,Black Creek,24,Black Creek (24),D31,618969.179408192,4847978.82243146
7510,81747143,3001649078,7/15/2023 4:00:00 AM,2200,JANE ST,STEELES AV W,5 m South of,Major Arterial,North York,43.775313,-79.521693,Intersection Related,Traffic Signal,Rain,"Dark, artificial",Wet,Non-Fatal Injury,Pedestrian Collisions,Pedestrian,20 to 24,Major,,,,,,,Vehicle turns left while ped crosses with ROW at inter.,Crossing with right of way,Normal,,,,Yes,,Yes,,,,,,,,,,,24,Black Creek,24,Black Creek (24),D31,618969.179408192,4847978.82243146
7511,81747265,3001688296,7/20/2023 4:00:00 AM,1427,YONGE ST,CHAPLIN CR,8 m North of,Major Arterial,Toronto and East York,43.698306,-79.396602,Intersection Related,Traffic Signal,Clear,Daylight,Dry,Non-Fatal Injury,Pedestrian Collisions,Driver,35 to 39,None,,South,Passenger Van,Going Ahead,Lost control,Normal,,,,,,,Yes,,Yes,,,,,Yes,Yes,Yes,,,,174,South Eglinton-Davisville,104,Mount Pleasant West (104),D53,629201.682845845,4839613.41410571
7512,81747266,3001688296,7/20/2023 4:00:00 AM,1427,YONGE ST,CHAPLIN CR,8 m North of,Major Arterial,Toronto and East York,43.698306,-79.396602,Intersection Related,Traffic Signal,Clear,Daylight,Dry,Non-Fatal Injury,Pedestrian Collisions,Passenger,30 to 34,None,,,,,,,,,,,,,Yes,,Yes,,,,,Yes,Yes,Yes,,,,174,South Eglinton-Davisville,104,Mount Pleasant West (104),D53,629201.682845845,4839613.41410571
7513,81747267,3001688296,7/20/2023 4:00:00 AM,1427,YONGE ST,CHAPLIN CR,8 m North of,Major Arterial,Toronto and East York,43.698306,-79.396602,Intersection Related,Traffic Signal,Clear,Daylight,Dry,Non-Fatal Injury,Pedestrian Collisions,Pedestrian,45 to 49,Major,,,,,,,Vehicle is going straight thru inter.while ped cross with ROW,On Sidewalk or Shoulder,Normal,,,,Yes,,Yes,,,,,Yes,Yes,Yes,,,,174,South Eglinton-Davisville,104,Mount Pleasant West (104),D53,629201.682845845,4839613.41410571
7514,81749074,3001739879,7/22/2023 4:00:00 AM,1830,95 QUEENS QUAY E,COOPER ST,10 m East of,Minor Arterial,,43.643103,-79.371051,Non Intersection,,Clear,Daylight,Dry,Non-Fatal Injury,Pedestrian Collisions,Driver,60 to 64,None,,East,Unknown,Going Ahead,,Unknown,,,,,,,Yes,,,,,,,,,,,,,166,St Lawrence-East Bayfront-The Islands,77,Waterfront Communities-The Island (77),D51,631380.99623552,4833522.50907505
7515,81749075,3001739879,7/22/2023 4:00:00 AM,1830,95 QUEENS QUAY E,COOPER ST,10 m East of,Minor Arterial,,43.643103,-79.371051,Non Intersection,,Clear,Daylight,Dry,Non-Fatal Injury,Pedestrian Collisions,Pedestrian,55 to 59,Major,,,,,,,Pedestrian hit a PXO/ped. Mid-block signal,Crossing with right of way,Normal,,,,Yes,,,,,,,,,,,,,166,St Lawrence-East Bayfront-The Islands,77,Waterfront Communities-The Island (77),D51,631380.99623552,4833522.50907505
7516,81747872,3001713995,7/23/2023 4:00:00 AM,1400,SIMCOE ST,NELSON ST,10 m West of,Collector,Toronto and East York,43.649031,-79.386791,At/Near Private Drive,,Clear,Daylight,Dry,Non-Fatal Injury,Pedestrian Collisions,Driver,25 to 29,None,,West,Delivery Van,Going Ahead,Driving Properly,Normal,,,,,,,Yes,,Yes,,,,,Yes,,,,,,164,Wellington Place,77,Waterfront Communities-The Island (77),D52,630098.693335489,4834156.09452788
7517,81747873,3001713995,7/23/2023 4:00:00 AM,1400,SIMCOE ST,NELSON ST,10 m West of,Collector,Toronto and East York,43.649031,-79.386791,At/Near Private Drive,,Clear,Daylight,Dry,Non-Fatal Injury,Pedestrian Collisions,Pedestrian,35 to 39,Major,,West,,Going Ahead,,,Pedestrian hit at private driveway,Other,Other,,,,Yes,,Yes,,,,,Yes,,,,,,164,Wellington Place,77,Waterfront Communities-The Island (77),D52,630098.693335489,4834156.09452788
7518,81747874,3001713995,7/23/2023 4:00:00 AM,1400,SIMCOE ST,NELSON ST,10 m West of,Collector,Toronto and East York,43.649031,-79.386791,At/Near Private Drive,,Clear,Daylight,Dry,Non-Fatal Injury,Pedestrian Collisions,Passenger,20 to 24,None,,,,,,,,,,,,,Yes,,Yes,,,,,Yes,,,,,,164,Wellington Place,77,Waterfront Communities-The Island (77),D52,630098.693335489,4834156.09452788