OBJECTID,INDEX,ACCNUM,DATE,TIME,STREET1,STREET2,OFFSET,ROAD_CLASS,DISTRICT,LATITUDE,LONGITUDE,ACCLOC,TRAFFCTL,VISIBILITY,LIGHT,RDSFCOND,ACCLASS,IMPACTYPE,INVTYPE,INVAGE,INJURY,FATAL_NO,INITDIR,VEHTYPE,MANOEUVER,DRIVACT,DRIVCOND,PEDTYPE,PEDACT,PEDCOND,CYCLISTYPE,CYCACT,CYCCOND,PEDESTRIAN,CYCLIST,AUTOMOBILE,MOTORCYCLE,TRUCK,TRSN_CITY_VEH,EMERG_VEH,PASSENGER,SPEEDING,AG_DRIV,REDLIGHT,ALCOHOL,DISABILITY,HOOD_158,NEIGHBOURHOOD_158,HOOD_140,NEIGHBOURHOOD_140,DIVISION,x,y
7519,81747194,3001759851,7/28/2023 4:00:00 AM,2218,WARDEN AVE,ELLESMERE RD,,Major Arterial,Scarborough,43.761122,-79.300716,Non Intersection,No Control,Clear,Dark,Dry,Fatal,Pedestrian Collisions,Pedestrian,50 to 54,Fatal,23,West,,,,,Pedestrian hit at mid-block,"Crossing, no Traffic Control",Normal,,,,Yes,,Yes,,,,,,,,,,,119,Wexford/Maryvale,119,Wexford/Maryvale (119),D41,636785.181706283,4846743.94793584
7520,81747195,3001759851,7/28/2023 4:00:00 AM,2218,WARDEN AVE,ELLESMERE RD,,Major Arterial,Scarborough,43.761122,-79.300716,Non Intersection,No Control,Clear,Dark,Dry,Fatal,Pedestrian Collisions,Driver,30 to 34,,,South,"Automobile, Station Wagon",Going Ahead,Driving Properly,Normal,,,,,,,Yes,,Yes,,,,,,,,,,,119,Wexford/Maryvale,119,Wexford/Maryvale (119),D41,636785.181706283,4846743.94793584
7521,81747636,3001810408,8/4/2023 4:00:00 AM,110,LAWRENCE AVE E,BIRCHMOUNT RD,181 m East o,Major Arterial,Scarborough,43.748374,-79.280528,At/Near Private Drive,,Rain,"Dark, artificial",Wet,Non-Fatal Injury,Pedestrian Collisions,Driver,20 to 24,None,,East,"Automobile, Station Wagon",Going Ahead,Failed to Yield Right of Way,Normal,,,,,,,Yes,,Yes,,,,,,,Yes,,,,126,Dorset Park,126,Dorset Park (126),D41,638439.642711147,4845361.63135723
7522,81747637,3001810408,8/4/2023 4:00:00 AM,110,LAWRENCE AVE E,BIRCHMOUNT RD,181 m East o,Major Arterial,Scarborough,43.748374,-79.280528,At/Near Private Drive,,Rain,"Dark, artificial",Wet,Non-Fatal Injury,Pedestrian Collisions,Pedestrian,0 to 4,Major,,,,,,,Pedestrian hit at private driveway,Other,Other,,,,Yes,,Yes,,,,,,,Yes,,,,126,Dorset Park,126,Dorset Park (126),D41,638439.642711147,4845361.63135723
7523,81746917,3001816584,8/4/2023 4:00:00 AM,1848,VAUGHAN RD,ATLAS AVE,east of,Minor Arterial,Toronto and East York,43.689055,-79.433704,Non Intersection,No Control,Clear,Daylight,Dry,Fatal,Pedestrian Collisions,Pedestrian,80 to 84,Fatal,25,,Pick Up Truck,,,,Pedestrian hit at mid-block,"Crossing, no Traffic Control",Other,,,,Yes,,Yes,,,,,,,,,,,107,Oakwood Village,107,Oakwood Village (107),D13,626231.385918427,4838528.81610753
7524,81747853,3001816584,8/4/2023 4:00:00 AM,1848,VAUGHAN RD,ATLAS AVE,east of,Minor Arterial,Toronto and East York,43.689055,-79.433704,Non Intersection,No Control,Clear,Daylight,Dry,Fatal,Pedestrian Collisions,Driver,65 to 69,,,West,Pick Up Truck,Going Ahead,Driving Properly,Normal,,,,,,,Yes,,Yes,,,,,,,,,,,107,Oakwood Village,107,Oakwood Village (107),D13,626231.385918427,4838528.81610753
7525,81749334,3001817720,8/4/2023 4:00:00 AM,2141,KINGSTON RD,KALMAR AVE,,Major Arterial,Scarborough,43.689719,-79.267925,Intersection Related,No Control,Clear,"Daylight, artificial",Dry,Non-Fatal Injury,Pedestrian Collisions,Pedestrian,65 to 69,Major,,West,,Going Ahead,,,Vehicle is going straight thru inter.while ped cross with ROW,"Crossing, no Traffic Control",Normal,,,,Yes,,,,,,,,,,,,,122,Birchcliffe-Cliffside,122,Birchcliffe-Cliffside (122),D41,639590.506670811,4838868.27550796
7526,81747883,3001826353,8/5/2023 4:00:00 AM,2200,LESLIE ST,SHEPPARD AV E,,Major Arterial,North York,43.771666,-79.364131,Intersection Related,Traffic Signal,Clear,"Dusk, artificial",Dry,Non-Fatal Injury,Pedestrian Collisions,Driver,25 to 29,None,,North,"Automobile, Station Wagon",Turning Right,Other,Normal,,,,,,,Yes,,Yes,,,,,,,,,,,47,Don Valley Village,52,Bayview Village (52),D33,631657.355717942,4847812.23149492
7527,81747884,3001826353,8/5/2023 4:00:00 AM,2200,LESLIE ST,SHEPPARD AV E,,Major Arterial,North York,43.771666,-79.364131,Intersection Related,Traffic Signal,Clear,"Dusk, artificial",Dry,Non-Fatal Injury,Pedestrian Collisions,Pedestrian,25 to 29,Major,,,,,,,Vehicle turns right while ped crosses with ROW at inter.,Other,Normal,,,,Yes,,Yes,,,,,,,,,,,47,Don Valley Village,52,Bayview Village (52),D33,631657.355717942,4847812.23149492
7528,81747950,3001847275,8/8/2023 4:00:00 AM,1643,QUEEN ST E,SAULTER ST,5 m West of,Major Arterial,Toronto and East York,43.659426,-79.347415,Non Intersection,,Clear,Daylight,Dry,Non-Fatal Injury,Pedestrian Collisions,Driver,45 to 49,None,,West,"Automobile, Station Wagon",Going Ahead,Driving Properly,Normal,,,,,,,Yes,,Yes,,,,,,,,,,,70,South Riverdale,70,South Riverdale (70),D55,633251.248272143,4835373.08175005
7529,81747951,3001847275,8/8/2023 4:00:00 AM,1643,QUEEN ST E,SAULTER ST,5 m West of,Major Arterial,Toronto and East York,43.659426,-79.347415,Non Intersection,,Clear,Daylight,Dry,Non-Fatal Injury,Pedestrian Collisions,Pedestrian,25 to 29,Major,,,,,,,Vehicle is going straight thru inter.while ped cross without ROW,Crossing without right of way,Normal,,,,Yes,,Yes,,,,,,,,,,,70,South Riverdale,70,South Riverdale (70),D55,633251.248272143,4835373.08175005
7530,81748340,3001857283,8/9/2023 4:00:00 AM,1958,QUEEN ST E,LEWIS ST,4 m West of,Minor Arterial,Toronto and East York,43.659156,-79.348621,Non Intersection,Stop Sign,Clear,"Dark, artificial",Dry,Non-Fatal Injury,Pedestrian Collisions,Driver,30 to 34,None,,West,Street Car,Going Ahead,Driving Properly,Normal,,,,,,,Yes,,,,,Yes,,,,,,,,70,South Riverdale,70,South Riverdale (70),D55,633154.601830003,4835341.15846574
7531,81748341,3001857283,8/9/2023 4:00:00 AM,1958,QUEEN ST E,LEWIS ST,4 m West of,Minor Arterial,Toronto and East York,43.659156,-79.348621,Non Intersection,Stop Sign,Clear,"Dark, artificial",Dry,Non-Fatal Injury,Pedestrian Collisions,Pedestrian,45 to 49,Major,,,,,,,Pedestrian hit at mid-block,Running onto Roadway,Other,,,,Yes,,,,,Yes,,,,,,,,70,South Riverdale,70,South Riverdale (70),D55,633154.601830003,4835341.15846574
7532,81807192,3001869877,8/11/2023 4:00:00 AM,1128,THE POND RD,IAN MACDONALD BV,,,,43.772445,-79.511364,,Traffic Signal,Clear,Daylight,Dry,Non-Fatal Injury,Pedestrian Collisions,Driver,30 to 34,None,,East,"Automobile, Station Wagon",Going Ahead,Driving Properly,Normal,,,,,,,Yes,,Yes,,,,,,,,,,,27,York University Heights,27,York University Heights (27),D31,619806.155538798,4847675.18103832
7533,81807193,3001869877,8/11/2023 4:00:00 AM,1128,THE POND RD,IAN MACDONALD BV,,,,43.772445,-79.511364,,Traffic Signal,Clear,Daylight,Dry,Non-Fatal Injury,Pedestrian Collisions,Pedestrian,35 to 39,Major,,,,,,,,,Unknown,,,,Yes,,Yes,,,,,,,,,,,27,York University Heights,27,York University Heights (27),D31,619806.155538798,4847675.18103832
7534,81749402,3001880373,8/12/2023 4:00:00 AM,1740,SHEPPARD AV W,BATHURST ST,3 m West of,Major Arterial,North York,43.755465,-79.438442,At Intersection,Traffic Signal,Clear,Daylight,Dry,Non-Fatal Injury,Pedestrian Collisions,Driver,20 to 24,Minor,,West,"Automobile, Station Wagon",Turning Left,Failed to Yield Right of Way,Normal,,,,,,,Yes,,Yes,,,,,,,Yes,,,,34,Bathurst Manor,34,Bathurst Manor (34),D32,625710.562728008,4845897.3926747
7535,81749403,3001880373,8/12/2023 4:00:00 AM,1740,SHEPPARD AV W,BATHURST ST,3 m West of,Major Arterial,North York,43.755465,-79.438442,At Intersection,Traffic Signal,Clear,Daylight,Dry,Non-Fatal Injury,Pedestrian Collisions,Driver,25 to 29,Minor,,East,"Automobile, Station Wagon",Going Ahead,Driving Properly,Normal,,,,,,,Yes,,Yes,,,,,,,Yes,,,,34,Bathurst Manor,34,Bathurst Manor (34),D32,625710.562728008,4845897.3926747
7536,81749404,3001880373,8/12/2023 4:00:00 AM,1740,SHEPPARD AV W,BATHURST ST,3 m West of,Major Arterial,North York,43.755465,-79.438442,At Intersection,Traffic Signal,Clear,Daylight,Dry,Non-Fatal Injury,Pedestrian Collisions,Pedestrian,45 to 49,Minor,,,,,,,Pedestrian hit on sidewalk or shoulder,On Sidewalk or Shoulder,Normal,,,,Yes,,Yes,,,,,,,Yes,,,,34,Bathurst Manor,34,Bathurst Manor (34),D32,625710.562728008,4845897.3926747
7537,81749405,3001880373,8/12/2023 4:00:00 AM,1740,SHEPPARD AV W,BATHURST ST,3 m West of,Major Arterial,North York,43.755465,-79.438442,At Intersection,Traffic Signal,Clear,Daylight,Dry,Non-Fatal Injury,Pedestrian Collisions,Pedestrian,45 to 49,Minor,,,,,,,Pedestrian hit on sidewalk or shoulder,On Sidewalk or Shoulder,Normal,,,,Yes,,Yes,,,,,,,Yes,,,,34,Bathurst Manor,34,Bathurst Manor (34),D32,625710.562728008,4845897.3926747
7538,81749406,3001880373,8/12/2023 4:00:00 AM,1740,SHEPPARD AV W,BATHURST ST,3 m West of,Major Arterial,North York,43.755465,-79.438442,At Intersection,Traffic Signal,Clear,Daylight,Dry,Non-Fatal Injury,Pedestrian Collisions,Pedestrian,20 to 24,Major,,,,,,,Pedestrian hit on sidewalk or shoulder,,Unknown,,,,Yes,,Yes,,,,,,,Yes,,,,34,Bathurst Manor,34,Bathurst Manor (34),D32,625710.562728008,4845897.3926747
7539,81749565,3001922494,8/17/2023 4:00:00 AM,2036,EGLINTON AV E,MARKHAM RD,6 m East of,Major Arterial,Scarborough,43.743186,-79.218883,Intersection Related,Traffic Signal,Clear,"Dusk, artificial",Dry,Non-Fatal Injury,Pedestrian Collisions,Driver,45 to 49,None,,East,"Automobile, Station Wagon",Going Ahead,Driving Properly,Normal,,,,,,,Yes,,Yes,,,,,Yes,,,,,,139,Scarborough Village,139,Scarborough Village (139),D43,643415.308957208,4844890.30174005
7540,81749566,3001922494,8/17/2023 4:00:00 AM,2036,EGLINTON AV E,MARKHAM RD,6 m East of,Major Arterial,Scarborough,43.743186,-79.218883,Intersection Related,Traffic Signal,Clear,"Dusk, artificial",Dry,Non-Fatal Injury,Pedestrian Collisions,Passenger,10 to 14,None,,,,,,,,,,,,,Yes,,Yes,,,,,Yes,,,,,,139,Scarborough Village,139,Scarborough Village (139),D43,643415.308957208,4844890.30174005
7541,81749567,3001922494,8/17/2023 4:00:00 AM,2036,EGLINTON AV E,MARKHAM RD,6 m East of,Major Arterial,Scarborough,43.743186,-79.218883,Intersection Related,Traffic Signal,Clear,"Dusk, artificial",Dry,Non-Fatal Injury,Pedestrian Collisions,Pedestrian,45 to 49,Major,,,,,,,Vehicle is going straight thru inter.while ped cross without ROW,Crossing marked crosswalk without ROW,Had Been Drinking,,,,Yes,,Yes,,,,,Yes,,,,,,139,Scarborough Village,139,Scarborough Village (139),D43,643415.308957208,4844890.30174005
7542,81748674,3001924743,8/18/2023 4:00:00 AM,630,EGLINTON AVE E,BRIMLEY RD,20 m West of,Major Arterial,Scarborough,43.736705,-79.248058,Non Intersection,,Clear,Dawn,Dry,Non-Fatal Injury,Pedestrian Collisions,Driver,25 to 29,None,,West,Pick Up Truck,Going Ahead,Driving Properly,Normal,,,,,,,Yes,,Yes,,,,,,,,,,,138,Eglinton East,138,Eglinton East (138),D43,641081.335229791,4844120.39317123
7543,81748675,3001924743,8/18/2023 4:00:00 AM,630,EGLINTON AVE E,BRIMLEY RD,20 m West of,Major Arterial,Scarborough,43.736705,-79.248058,Non Intersection,,Clear,Dawn,Dry,Non-Fatal Injury,Pedestrian Collisions,Pedestrian,25 to 29,Major,,,,,,,Pedestrian hit at mid-block,Crossing without right of way,Other,,,,Yes,,Yes,,,,,,,,,,,138,Eglinton East,138,Eglinton East (138),D43,641081.335229791,4844120.39317123
7544,81748916,3001940328,8/20/2023 4:00:00 AM,305,BAY ST,BLOOR ST,9 m South of,Major Arterial,Toronto and East York,43.669673,-79.389476,Intersection Related,Traffic Signal,Clear,Dark,Dry,Non-Fatal Injury,Pedestrian Collisions,Driver,25 to 29,None,,South,"Automobile, Station Wagon",Going Ahead,Driving Properly,Normal,,,,,,,Yes,,Yes,,,,,Yes,Yes,Yes,,,,169,Bay-Cloverhill,95,Annex (95),D52,629837.656536057,4836444.45642858
7545,81748917,3001940328,8/20/2023 4:00:00 AM,305,BAY ST,BLOOR ST,9 m South of,Major Arterial,Toronto and East York,43.669673,-79.389476,Intersection Related,Traffic Signal,Clear,Dark,Dry,Non-Fatal Injury,Pedestrian Collisions,Passenger,20 to 24,None,,,,,,,,,,,,,Yes,,Yes,,,,,Yes,Yes,Yes,,,,169,Bay-Cloverhill,95,Annex (95),D52,629837.656536057,4836444.45642858
7546,81748918,3001940328,8/20/2023 4:00:00 AM,305,BAY ST,BLOOR ST,9 m South of,Major Arterial,Toronto and East York,43.669673,-79.389476,Intersection Related,Traffic Signal,Clear,Dark,Dry,Non-Fatal Injury,Pedestrian Collisions,Pedestrian,50 to 54,Major,,,,,,,Vehicle is going straight thru inter.while ped cross without ROW,Crossing without right of way,Normal,,,,Yes,,Yes,,,,,Yes,Yes,Yes,,,,169,Bay-Cloverhill,95,Annex (95),D52,629837.656536057,4836444.45642858
7547,81748884,3001959767,8/22/2023 4:00:00 AM,1451,KING ST W,JAMESON AVE,10 m West of,Major Arterial,,43.637026,-79.436343,Non Intersection,Traffic Signal,Clear,Daylight,Dry,Non-Fatal Injury,Pedestrian Collisions,Driver,25 to 29,None,,East,"Automobile, Station Wagon",Going Ahead,Failed to Yield Right of Way,Other,,,,,,,Yes,,Yes,,,,,,,Yes,,,,85,South Parkdale,85,South Parkdale (85),D14,626127.607202122,4832746.2950868
7548,81748885,3001959767,8/22/2023 4:00:00 AM,1451,KING ST W,JAMESON AVE,10 m West of,Major Arterial,,43.637026,-79.436343,Non Intersection,Traffic Signal,Clear,Daylight,Dry,Non-Fatal Injury,Pedestrian Collisions,Pedestrian,50 to 54,Major,,,,,,,Other / Undefined,Crossing with right of way,Normal,,,,Yes,,Yes,,,,,,,Yes,,,,85,South Parkdale,85,South Parkdale (85),D14,626127.607202122,4832746.2950868
7549,81749114,3001964542,8/23/2023 4:00:00 AM,545,WESTON RD,SHEPPARD AVE W,,Major Arterial,North York,43.733752,-79.538196,Intersection Related,Traffic Signal,Clear,Daylight,Dry,Non-Fatal Injury,Pedestrian Collisions,Driver,55 to 59,None,,North,"Automobile, Station Wagon",Turning Right,Failed to Yield Right of Way,Normal,,,,,,,Yes,,Yes,,,,,,,Yes,,,,23,Pelmo Park-Humberlea,22,Humbermede (22),D31,617722.526617185,4843339.28583881
7550,81749115,3001964542,8/23/2023 4:00:00 AM,545,WESTON RD,SHEPPARD AVE W,,Major Arterial,North York,43.733752,-79.538196,Intersection Related,Traffic Signal,Clear,Daylight,Dry,Non-Fatal Injury,Pedestrian Collisions,Pedestrian,60 to 64,Major,,,,,,,Vehicle turns right while ped crosses with ROW at inter.,Crossing with right of way,Normal,,,,Yes,,Yes,,,,,,,Yes,,,,23,Pelmo Park-Humberlea,22,Humbermede (22),D31,617722.526617185,4843339.28583881
7551,81750171,3001969077,8/23/2023 4:00:00 AM,1733,DIXON RD,CITY VIEW DR,60 m East of,Major Arterial,Etobicoke York,43.690383,-79.57632,At/Near Private Drive,Traffic Signal,Clear,Daylight,Dry,Non-Fatal Injury,Pedestrian Collisions,Driver,50 to 54,None,,North,Pick Up Truck,Turning Left,Improper Turn,Normal,,,,,,,Yes,,Yes,,,,,Yes,,,,,,1,West Humber-Clairville,1,West Humber-Clairville (1),D23,614735.013272413,4838469.10510947
7552,81750172,3001969077,8/23/2023 4:00:00 AM,1733,DIXON RD,CITY VIEW DR,60 m East of,Major Arterial,Etobicoke York,43.690383,-79.57632,At/Near Private Drive,Traffic Signal,Clear,Daylight,Dry,Non-Fatal Injury,Pedestrian Collisions,Passenger,40 to 44,None,,,,,,,,,,,,,Yes,,Yes,,,,,Yes,,,,,,1,West Humber-Clairville,1,West Humber-Clairville (1),D23,614735.013272413,4838469.10510947
7553,81750173,3001969077,8/23/2023 4:00:00 AM,1733,DIXON RD,CITY VIEW DR,60 m East of,Major Arterial,Etobicoke York,43.690383,-79.57632,At/Near Private Drive,Traffic Signal,Clear,Daylight,Dry,Non-Fatal Injury,Pedestrian Collisions,Pedestrian,60 to 64,Major,,,,,,,Pedestrian hit at mid-block,Crossing without right of way,Normal,,,,Yes,,Yes,,,,,Yes,,,,,,1,West Humber-Clairville,1,West Humber-Clairville (1),D23,614735.013272413,4838469.10510947
7554,81748944,3001984053,8/25/2023 4:00:00 AM,1416,HENLEY CRES,ELMHURST DRIVE,10 m North o,Local,Etobicoke York,43.728583,-79.571559,Non Intersection,Stop Sign,Clear,Daylight,Dry,Non-Fatal Injury,Pedestrian Collisions,Driver,unknown,None,,North,"Automobile, Station Wagon",Going Ahead,Other,Unknown,,,,,,,Yes,,Yes,,,,,,,Yes,,,,4,Rexdale-Kipling,4,Rexdale-Kipling (4),D23,615045.602598545,4842718.33735024
7555,81748945,3001984053,8/25/2023 4:00:00 AM,1416,HENLEY CRES,ELMHURST DRIVE,10 m North o,Local,Etobicoke York,43.728583,-79.571559,Non Intersection,Stop Sign,Clear,Daylight,Dry,Non-Fatal Injury,Pedestrian Collisions,Pedestrian,30 to 34,Major,,,,,,,Pedestrian hit at mid-block,Other,Normal,,,,Yes,,Yes,,,,,,,Yes,,,,4,Rexdale-Kipling,4,Rexdale-Kipling (4),D23,615045.602598545,4842718.33735024
7556,81807477,3001995620,8/26/2023 4:00:00 AM,2325,HILDA AVE,STEELES AVE W,,,,43.796043,-79.429233,,Traffic Signal,Clear,"Dark, artificial",Dry,Non-Fatal Injury,Pedestrian Collisions,Driver,40 to 44,None,,North,"Automobile, Station Wagon",Turning Left,Improper Turn,Normal,,,,,,,Yes,,Yes,,,,,,,,,,,NSA,NSA,NSA,NSA,D32,626366.423151399,4850418.21685582
7557,81807478,3001995620,8/26/2023 4:00:00 AM,2325,HILDA AVE,STEELES AVE W,,,,43.796043,-79.429233,,Traffic Signal,Clear,"Dark, artificial",Dry,Non-Fatal Injury,Pedestrian Collisions,Pedestrian,45 to 49,Major,,,,,,,,,Unknown,,,,Yes,,Yes,,,,,,,,,,,NSA,NSA,NSA,NSA,D32,626366.423151399,4850418.21685582
7558,81749561,3002037938,9/1/2023 4:00:00 AM,256,BATHURST ST,STEWART ST,20 m North o,Major Arterial,Toronto and East York,43.643199,-79.402362,Non Intersection,No Control,Clear,"Dark, artificial",Dry,Non-Fatal Injury,Pedestrian Collisions,Driver,25 to 29,None,,South,Pick Up Truck,Going Ahead,Lost control,Other,,,,,,,Yes,,Yes,,,,,,,,,,,164,Wellington Place,77,Waterfront Communities-The Island (77),D14,628855.411981522,4833484.08207151
7559,81749562,3002037938,9/1/2023 4:00:00 AM,256,BATHURST ST,STEWART ST,20 m North o,Major Arterial,Toronto and East York,43.643199,-79.402362,Non Intersection,No Control,Clear,"Dark, artificial",Dry,Non-Fatal Injury,Pedestrian Collisions,Pedestrian,25 to 29,Major,,,,,,,Other / Undefined,Playing or Working on Highway,Had Been Drinking,,,,Yes,,Yes,,,,,,,,,,,164,Wellington Place,77,Waterfront Communities-The Island (77),D14,628855.411981522,4833484.08207151
7560,81749563,3002037938,9/1/2023 4:00:00 AM,256,BATHURST ST,STEWART ST,20 m North o,Major Arterial,Toronto and East York,43.643199,-79.402362,Non Intersection,No Control,Clear,"Dark, artificial",Dry,Non-Fatal Injury,Pedestrian Collisions,Pedestrian,20 to 24,None,,,,,,,Other / Undefined,Playing or Working on Highway,Had Been Drinking,,,,Yes,,Yes,,,,,,,,,,,164,Wellington Place,77,Waterfront Communities-The Island (77),D14,628855.411981522,4833484.08207151
7561,81749564,3002037938,9/1/2023 4:00:00 AM,256,BATHURST ST,STEWART ST,20 m North o,Major Arterial,Toronto and East York,43.643199,-79.402362,Non Intersection,No Control,Clear,"Dark, artificial",Dry,Non-Fatal Injury,Pedestrian Collisions,Pedestrian,30 to 34,None,,,,,,,Other / Undefined,,Unknown,,,,Yes,,Yes,,,,,,,,,,,164,Wellington Place,77,Waterfront Communities-The Island (77),D14,628855.411981522,4833484.08207151
7562,81749278,3002052041,9/2/2023 4:00:00 AM,1839,LAKE SHORE BLVD,LONG BRANCH AV,,Major Arterial,Etobicoke York,43.594496,-79.533916,Intersection Related,Traffic Signal,Clear,Daylight,Dry,Non-Fatal Injury,Pedestrian Collisions,Driver,85 to 89,None,,West,"Automobile, Station Wagon",Going Ahead,Driving Properly,Normal,,,,,,,Yes,,Yes,,,,,,,,,,,19,Long Branch,19,Long Branch (19),D22,618340.503793916,4827879.1890195
7563,81749279,3002052041,9/2/2023 4:00:00 AM,1839,LAKE SHORE BLVD,LONG BRANCH AV,,Major Arterial,Etobicoke York,43.594496,-79.533916,Intersection Related,Traffic Signal,Clear,Daylight,Dry,Non-Fatal Injury,Pedestrian Collisions,Pedestrian,35 to 39,Major,,,,,,,Vehicle is going straight thru inter.while ped cross without ROW,Crossing without right of way,Had Been Drinking,,,,Yes,,Yes,,,,,,,,,,,19,Long Branch,19,Long Branch (19),D22,618340.503793916,4827879.1890195
7564,81750625,3002057635,9/3/2023 4:00:00 AM,1400,DUFFERIN ST,DUFFERIN PARK AV,,Major Arterial,Toronto and East York,43.65713,-79.434284,Intersection Related,Traffic Signal,Clear,Daylight,Dry,Non-Fatal Injury,Pedestrian Collisions,Driver,85 to 89,None,,East,"Automobile, Station Wagon",Turning Right,Improper Turn,Normal,,,,,,,Yes,,Yes,,,,,Yes,,,,,,83,Dufferin Grove,83,Dufferin Grove (83),D14,626251.567341481,4834982.23472901
7565,81750626,3002057635,9/3/2023 4:00:00 AM,1400,DUFFERIN ST,DUFFERIN PARK AV,,Major Arterial,Toronto and East York,43.65713,-79.434284,Intersection Related,Traffic Signal,Clear,Daylight,Dry,Non-Fatal Injury,Pedestrian Collisions,Passenger,80 to 84,None,,,,,,,,,,,,,Yes,,Yes,,,,,Yes,,,,,,83,Dufferin Grove,83,Dufferin Grove (83),D14,626251.567341481,4834982.23472901
7566,81750627,3002057635,9/3/2023 4:00:00 AM,1400,DUFFERIN ST,DUFFERIN PARK AV,,Major Arterial,Toronto and East York,43.65713,-79.434284,Intersection Related,Traffic Signal,Clear,Daylight,Dry,Non-Fatal Injury,Pedestrian Collisions,Pedestrian,20 to 24,Major,,,,,,,Vehicle turns right while ped crosses with ROW at inter.,Crossing with right of way,Normal,,,,Yes,,Yes,,,,,Yes,,,,,,83,Dufferin Grove,83,Dufferin Grove (83),D14,626251.567341481,4834982.23472901
7567,81750395,3002081171,9/6/2023 4:00:00 AM,1026,CHURCH ST,HAYDEN ST,5 m East of,Minor Arterial,Toronto and East York,43.670161,-79.382777,Non Intersection,Stop Sign,Clear,Daylight,Dry,Non-Fatal Injury,Pedestrian Collisions,Driver,45 to 49,None,,South,Pick Up Truck,Turning Left,Improper Turn,Normal,,,,,,,Yes,,Yes,,,,,,,,,,,167,Church-Wellesley,75,Church-Yonge Corridor (75),D51,630376.667314005,4836509.16226551
7568,81750396,3002081171,9/6/2023 4:00:00 AM,1026,CHURCH ST,HAYDEN ST,5 m East of,Minor Arterial,Toronto and East York,43.670161,-79.382777,Non Intersection,Stop Sign,Clear,Daylight,Dry,Non-Fatal Injury,Pedestrian Collisions,Pedestrian,60 to 64,Major,,,,,,,,Crossing without right of way,Normal,,,,Yes,,Yes,,,,,,,,,,,167,Church-Wellesley,75,Church-Yonge Corridor (75),D51,630376.667314005,4836509.16226551
7569,81749342,3002104181,9/8/2023 4:00:00 AM,2039,VICTORIA PARK AVE,BISCAYNE BLVD,5 m North of,Major Arterial,Scarborough,43.729117,-79.304469,Non Intersection,No Control,Clear,"Dark, artificial",Dry,Non-Fatal Injury,Pedestrian Collisions,Driver,20 to 24,None,,South,"Automobile, Station Wagon",Going Ahead,Driving Properly,Normal,,,,,,,Yes,,Yes,,,,,,,,,,,119,Wexford/Maryvale,119,Wexford/Maryvale (119),D41,636555.833454039,4843183.12014794
7570,81749343,3002104181,9/8/2023 4:00:00 AM,2039,VICTORIA PARK AVE,BISCAYNE BLVD,5 m North of,Major Arterial,Scarborough,43.729117,-79.304469,Non Intersection,No Control,Clear,"Dark, artificial",Dry,Non-Fatal Injury,Pedestrian Collisions,Pedestrian,55 to 59,Fatal,,,,,,,Pedestrian hit at mid-block,Crossing without right of way,Normal,,,,Yes,,Yes,,,,,,,,,,,119,Wexford/Maryvale,119,Wexford/Maryvale (119),D41,636555.833454039,4843183.12014794
7571,81772157,3002123068,9/11/2023 4:00:00 AM,915,ANSFORD AVE,WILSON HEIGHTS BLVD,5 m South of,Minor Arterial,North York,43.735594,-79.447727,Intersection Related,Stop Sign,Clear,Daylight,Dry,Non-Fatal Injury,Pedestrian Collisions,Driver,40 to 44,None,,West,Pick Up Truck,Turning Left,Failed to Yield Right of Way,Inattentive,,,,,,,Yes,,Yes,,,,,,,Yes,,,,33,Clanton Park,33,Clanton Park (33),D32,625004.436687965,4843676.37622266
7572,81772158,3002123068,9/11/2023 4:00:00 AM,915,ANSFORD AVE,WILSON HEIGHTS BLVD,5 m South of,Minor Arterial,North York,43.735594,-79.447727,Intersection Related,Stop Sign,Clear,Daylight,Dry,Non-Fatal Injury,Pedestrian Collisions,Pedestrian,65 to 69,Major,,,,,,,Vehicle turns left while ped crosses without ROW at inter.,Crossing without right of way,Normal,,,,Yes,,Yes,,,,,,,Yes,,,,33,Clanton Park,33,Clanton Park (33),D32,625004.436687965,4843676.37622266
7573,81749875,3002151449,9/14/2023 4:00:00 AM,1612,FAIRGLEN AV,HUNTINGWOOD DR,5 m West of,Local,Scarborough,43.780997,-79.322795,Intersection Related,Stop Sign,Clear,Daylight,Dry,Non-Fatal Injury,Pedestrian Collisions,Driver,20 to 24,Minimal,,South,"Automobile, Station Wagon",Going Ahead,Disobeyed Traffic Control,Fatigue,,,,,,,Yes,,Yes,,,,,,,Yes,,,,147,L'Amoreaux West,117,L'Amoreaux (117),D42,634963.1828134,4848915.14200131
7574,81749876,3002151449,9/14/2023 4:00:00 AM,1612,FAIRGLEN AV,HUNTINGWOOD DR,5 m West of,Local,Scarborough,43.780997,-79.322795,Intersection Related,Stop Sign,Clear,Daylight,Dry,Non-Fatal Injury,Pedestrian Collisions,Pedestrian,15 to 19,Major,,,,,,,Vehicle is going straight thru inter.while ped cross with ROW,On Sidewalk or Shoulder,Normal,,,,Yes,,Yes,,,,,,,Yes,,,,147,L'Amoreaux West,117,L'Amoreaux (117),D42,634963.1828134,4848915.14200131
7575,81749877,3002151449,9/14/2023 4:00:00 AM,1612,FAIRGLEN AV,HUNTINGWOOD DR,5 m West of,Local,Scarborough,43.780997,-79.322795,Intersection Related,Stop Sign,Clear,Daylight,Dry,Non-Fatal Injury,Pedestrian Collisions,Pedestrian,15 to 19,Major,,,,,,,Vehicle is going straight thru inter.while ped cross with ROW,On Sidewalk or Shoulder,Normal,,,,Yes,,Yes,,,,,,,Yes,,,,147,L'Amoreaux West,117,L'Amoreaux (117),D42,634963.1828134,4848915.14200131