OBJECTID,INDEX,ACCNUM,DATE,TIME,STREET1,STREET2,OFFSET,ROAD_CLASS,DISTRICT,LATITUDE,LONGITUDE,ACCLOC,TRAFFCTL,VISIBILITY,LIGHT,RDSFCOND,ACCLASS,IMPACTYPE,INVTYPE,INVAGE,INJURY,FATAL_NO,INITDIR,VEHTYPE,MANOEUVER,DRIVACT,DRIVCOND,PEDTYPE,PEDACT,PEDCOND,CYCLISTYPE,CYCACT,CYCCOND,PEDESTRIAN,CYCLIST,AUTOMOBILE,MOTORCYCLE,TRUCK,TRSN_CITY_VEH,EMERG_VEH,PASSENGER,SPEEDING,AG_DRIV,REDLIGHT,ALCOHOL,DISABILITY,HOOD_158,NEIGHBOURHOOD_158,HOOD_140,NEIGHBOURHOOD_140,DIVISION,x,y
7576,81750065,3002174448,9/17/2023 4:00:00 AM,1250,BREMNER BV,VAN DE WATER CR,,Minor Arterial,Toronto and East York,43.640418,-79.388896,Intersection Related,Traffic Signal,Clear,Daylight,Dry,Non-Fatal Injury,Pedestrian Collisions,Cyclist,25 to 29,None,,West,Bicycle,Going Ahead,,,,,,Cyclist strikes pedestrian.,Disobeyed Traffic Control,,Yes,Yes,,,,,,,,,,,,165,Harbourfront-CityPlace,77,Waterfront Communities-The Island (77),D52,629947.501613014,4833196.21105248
7577,81750066,3002174448,9/17/2023 4:00:00 AM,1250,BREMNER BV,VAN DE WATER CR,,Minor Arterial,Toronto and East York,43.640418,-79.388896,Intersection Related,Traffic Signal,Clear,Daylight,Dry,Non-Fatal Injury,Pedestrian Collisions,Pedestrian,25 to 29,Major,,,,,,,Other / Undefined,Other,Normal,,,,Yes,Yes,,,,,,,,,,,,165,Harbourfront-CityPlace,77,Waterfront Communities-The Island (77),D52,629947.501613014,4833196.21105248
7578,81751686,3002195066,9/19/2023 4:00:00 AM,2215,MORTIMER AV,BROADVIEW AV,13 m East of,Minor Arterial,Toronto and East York,43.683936,-79.356914,Non Intersection,Traffic Signal,Clear,"Dark, artificial",Dry,Non-Fatal Injury,Pedestrian Collisions,Pedestrian,85 to 89,Major,,,,,,,Unknown,On Sidewalk or Shoulder,Other,,,,Yes,,,,,,,,,,,,,57,Broadview North,57,Broadview North (57),D55,632431.396213626,4838080.03779017
7579,81751881,3002203614,9/21/2023 4:00:00 AM,15,WARDEN AV,FINCH AV E,,Major Arterial,Scarborough,43.796778,-79.315723,Intersection Related,Traffic Signal,Clear,"Dark, artificial",Dry,Non-Fatal Injury,Pedestrian Collisions,Driver,55 to 59,None,,South,"Automobile, Station Wagon",Turning Left,Failed to Yield Right of Way,Normal,,,,,,,Yes,,Yes,,,,,,,Yes,,,,148,East L'Amoreaux,117,L'Amoreaux (117),D42,635496.601522535,4850679.42461055
7580,81751882,3002203614,9/21/2023 4:00:00 AM,15,WARDEN AV,FINCH AV E,,Major Arterial,Scarborough,43.796778,-79.315723,Intersection Related,Traffic Signal,Clear,"Dark, artificial",Dry,Non-Fatal Injury,Pedestrian Collisions,Pedestrian,55 to 59,Major,,,,,,,Vehicle turns left while ped crosses with ROW at inter.,Crossing with right of way,Normal,,,,Yes,,Yes,,,,,,,Yes,,,,148,East L'Amoreaux,117,L'Amoreaux (117),D42,635496.601522535,4850679.42461055
7581,81751173,3002204131,9/21/2023 4:00:00 AM,346,ALBION RD,WESTMORE DR,65 m East of,Major Arterial,Etobicoke York,43.743483,-79.603107,Intersection Related,,Clear,"Dark, artificial",Dry,Non-Fatal Injury,Pedestrian Collisions,Driver,55 to 59,None,,East,"Automobile, Station Wagon",Going Ahead,Driving Properly,Normal,,,,,,,Yes,,Yes,,,,,,Yes,Yes,,,,1,West Humber-Clairville,1,West Humber-Clairville (1),D23,612476.834591161,4844329.88002085
7582,81751174,3002204131,9/21/2023 4:00:00 AM,346,ALBION RD,WESTMORE DR,65 m East of,Major Arterial,Etobicoke York,43.743483,-79.603107,Intersection Related,,Clear,"Dark, artificial",Dry,Non-Fatal Injury,Pedestrian Collisions,Pedestrian,40 to 44,Major,,,,,,,Pedestrian hit at mid-block,Crossing without right of way,Normal,,,,Yes,,Yes,,,,,,Yes,Yes,,,,1,West Humber-Clairville,1,West Humber-Clairville (1),D23,612476.834591161,4844329.88002085
7583,81807516,3002207754,9/21/2023 4:00:00 AM,1410,HANNA RD,GLENVALE BV,,,,43.716937,-79.373989,Intersection Related,Stop Sign,Clear,Daylight,Dry,Non-Fatal Injury,Pedestrian Collisions,Driver,60 to 64,None,,North,"Automobile, Station Wagon",Turning Left,Failed to Yield Right of Way,Normal,,,,,,,Yes,,Yes,,,,,,,Yes,,,,56,Leaside-Bennington,56,Leaside-Bennington (56),D53,630983.267667695,4841718.13722796
7584,81807517,3002207754,9/21/2023 4:00:00 AM,1410,HANNA RD,GLENVALE BV,,,,43.716937,-79.373989,Intersection Related,Stop Sign,Clear,Daylight,Dry,Non-Fatal Injury,Pedestrian Collisions,Pedestrian,45 to 49,Major,,,,,,,,,Unknown,,,,Yes,,Yes,,,,,,,Yes,,,,56,Leaside-Bennington,56,Leaside-Bennington (56),D53,630983.267667695,4841718.13722796
7585,81751026,3002265429,9/28/2023 4:00:00 AM,1823,GERRARD ST E,COXWELL AVE,,Minor Arterial,Toronto and East York,43.672911,-79.319278,Intersection Related,Traffic Signal,Clear,"Dusk, artificial",Dry,Non-Fatal Injury,Pedestrian Collisions,Driver,50 to 54,None,,East,"Automobile, Station Wagon",Turning Left,Failed to Yield Right of Way,Normal,,,,,,,Yes,,Yes,,,,,,,Yes,,,,64,Woodbine Corridor,64,Woodbine Corridor (64),D55,635489.674335618,4836916.34799398
7586,81751027,3002265429,9/28/2023 4:00:00 AM,1823,GERRARD ST E,COXWELL AVE,,Minor Arterial,Toronto and East York,43.672911,-79.319278,Intersection Related,Traffic Signal,Clear,"Dusk, artificial",Dry,Non-Fatal Injury,Pedestrian Collisions,Pedestrian,10 to 14,Major,,,,,,,Vehicle turns left while ped crosses with ROW at inter.,Crossing with right of way,Unknown,,,,Yes,,Yes,,,,,,,Yes,,,,64,Woodbine Corridor,64,Woodbine Corridor (64),D55,635489.674335618,4836916.34799398
7587,81751083,3002268726,9/29/2023 4:00:00 AM,643,KINGSTON RD,CLAREMORE AV,,Major Arterial,Scarborough,43.703955,-79.25275,Intersection Related,Traffic Signal,Clear,Daylight,Dry,Non-Fatal Injury,Pedestrian Collisions,Driver,25 to 29,None,,West,"Automobile, Station Wagon",Going Ahead,Driving Properly,Normal,,,,,,,Yes,,Yes,,,,,,,,,,,122,Birchcliffe-Cliffside,122,Birchcliffe-Cliffside (122),D41,640780.177457848,4840475.04474362
7588,81751084,3002268726,9/29/2023 4:00:00 AM,643,KINGSTON RD,CLAREMORE AV,,Major Arterial,Scarborough,43.703955,-79.25275,Intersection Related,Traffic Signal,Clear,Daylight,Dry,Non-Fatal Injury,Pedestrian Collisions,Pedestrian,0 to 4,Major,,,,,,,Pedestrian hit a PXO/ped. Mid-block signal,Crossing marked crosswalk without ROW,Normal,,,,Yes,,Yes,,,,,,,,,,,122,Birchcliffe-Cliffside,122,Birchcliffe-Cliffside (122),D41,640780.177457848,4840475.04474362
7589,81751034,3002278272,9/30/2023 4:00:00 AM,935,LAWRENCE AVE W,CULFORD RD,,Major Arterial,North York,43.706378,-79.487644,Intersection Related,Traffic Signal,Clear,Daylight,Dry,Non-Fatal Injury,Pedestrian Collisions,Driver,55 to 59,None,,East,"Automobile, Station Wagon",Turning Left,Failed to Yield Right of Way,Normal,,,,,,,Yes,,Yes,,,,,,,Yes,,,,30,Brookhaven-Amesbury,29,Maple Leaf (29),D12,621849.106939149,4840372.07920728
7590,81751035,3002278272,9/30/2023 4:00:00 AM,935,LAWRENCE AVE W,CULFORD RD,,Major Arterial,North York,43.706378,-79.487644,Intersection Related,Traffic Signal,Clear,Daylight,Dry,Non-Fatal Injury,Pedestrian Collisions,Pedestrian,70 to 74,Major,,,,,,,Vehicle turns left while ped crosses with ROW at inter.,Crossing with right of way,Normal,,,,Yes,,Yes,,,,,,,Yes,,,,30,Brookhaven-Amesbury,29,Maple Leaf (29),D12,621849.106939149,4840372.07920728
7591,81750735,3002306323,10/3/2023 4:00:00 AM,1801,277 SHERBOURNE ST,DUNDAS ST W,200 m North ,Minor Arterial,Toronto and East York,43.660113,-79.371799,Non Intersection,No Control,Clear,Daylight,Dry,Non-Fatal Injury,Pedestrian Collisions,Pedestrian,30 to 34,Major,,,,,,,Other / Undefined,Crossing with right of way,Normal,,,,Yes,,,,,,,,,,,,,73,Moss Park,73,Moss Park (73),D51,631283.598712459,4835410.50967127
7592,81750889,3002326104,10/6/2023 4:00:00 AM,411,BURNHAMTHORPE RD,THE WEST MALL,,Major Arterial,Etobicoke York,43.64448,-79.567203,At Intersection,Traffic Signal,,,,Fatal,Pedestrian Collisions,Pedestrian,25 to 29,Fatal,29,West,,,,,,Crossing without right of way,Normal,,,,Yes,,Yes,,,,,,,,,,,13,Etobicoke West Mall,13,Etobicoke West Mall (13),D22,615557.807462566,4833383.63615357
7593,81750890,3002326104,10/6/2023 4:00:00 AM,411,BURNHAMTHORPE RD,THE WEST MALL,,Major Arterial,Etobicoke York,43.64448,-79.567203,At Intersection,Traffic Signal,,,,Fatal,Pedestrian Collisions,Driver,40 to 44,None,,South,"Automobile, Station Wagon",Going Ahead,Driving Properly,Normal,,,,,,,Yes,,Yes,,,,,,,,,,,13,Etobicoke West Mall,13,Etobicoke West Mall (13),D22,615557.807462566,4833383.63615357
7594,81750749,3002327760,10/6/2023 4:00:00 AM,1000,PHARMACY AV,DENTON AV,,Minor Arterial,Scarborough,43.693949,-79.284045,Intersection Related,Traffic Signal,Clear,Daylight,Dry,Non-Fatal Injury,Pedestrian Collisions,Driver,55 to 59,None,,South,"Automobile, Station Wagon",Turning Left,Failed to Yield Right of Way,Normal,,,,,,,Yes,,Yes,,,,,,,Yes,,,,121,Oakridge,121,Oakridge (121),D41,638281.633943323,4839311.06628755
7595,81750750,3002327760,10/6/2023 4:00:00 AM,1000,PHARMACY AV,DENTON AV,,Minor Arterial,Scarborough,43.693949,-79.284045,Intersection Related,Traffic Signal,Clear,Daylight,Dry,Non-Fatal Injury,Pedestrian Collisions,Pedestrian,70 to 74,Major,,,,,,,Vehicle turns left while ped crosses with ROW at inter.,"Crossing, Pedestrian Crossover",Normal,,,,Yes,,Yes,,,,,,,Yes,,,,121,Oakridge,121,Oakridge (121),D41,638281.633943323,4839311.06628755
7596,81750891,3002330153,10/6/2023 4:00:00 AM,1544,BROWNS LINE,JELLICOE AVE,,Major Arterial ,Etobicoke York,43.596335,-79.542819,Non Intersection,No Control,Clear,Daylight,Dry,Fatal,Pedestrian Collisions,Pedestrian,20 to 24,Fatal,30,West,,,,,Pedestrian hit a PXO/ped. Mid-block signal,"Crossing, Pedestrian Crossover",Other,,,,Yes,,Yes,,,,,,,,,,,20,Alderwood,20,Alderwood (20),D22,617618.275856206,4828070.78733401
7597,81750892,3002330153,10/6/2023 4:00:00 AM,1544,BROWNS LINE,JELLICOE AVE,,Major Arterial ,Etobicoke York,43.596335,-79.542819,Non Intersection,No Control,Clear,Daylight,Dry,Fatal,Pedestrian Collisions,Driver,35 to 39,None,,North,"Automobile, Station Wagon",Going Ahead,Driving Properly,Normal,,,,,,,Yes,,Yes,,,,,,,,,,,20,Alderwood,20,Alderwood (20),D22,617618.275856206,4828070.78733401
7598,81752177,3002333586,10/7/2023 4:00:00 AM,25,WARDEN AV,METROPOLITAN AV,25 m South o,Major Arterial,Scarborough,43.766989,-79.302737,Non Intersection,No Control,Clear,"Dark, artificial",Dry,Non-Fatal Injury,Pedestrian Collisions,Driver,40 to 44,None,,South,"Automobile, Station Wagon",Going Ahead,Driving Properly,Normal,,,,,,,Yes,,Yes,,,,,,,,,,,119,Wexford/Maryvale,119,Wexford/Maryvale (119),D41,636609.142475146,4847392.23222301
7599,81752178,3002333586,10/7/2023 4:00:00 AM,25,WARDEN AV,METROPOLITAN AV,25 m South o,Major Arterial,Scarborough,43.766989,-79.302737,Non Intersection,No Control,Clear,"Dark, artificial",Dry,Non-Fatal Injury,Pedestrian Collisions,Pedestrian,55 to 59,Major,,,,,,,Pedestrian hit at mid-block,Crossing without right of way,Normal,,,,Yes,,Yes,,,,,,,,,,,119,Wexford/Maryvale,119,Wexford/Maryvale (119),D41,636609.142475146,4847392.23222301
7600,81752720,3002360887,10/10/2023 4:00:00 AM,2045,KENNEDY RD,BONIS AV,10 m South o,Major Arterial,Scarborough,43.785762,-79.289424,Non Intersection,,Rain,Dark,Wet,Non-Fatal Injury,Pedestrian Collisions,Driver,45 to 49,None,,South,"Automobile, Station Wagon",Going Ahead,Driving Properly,Normal,,,,,,,Yes,,Yes,,,,,,,,,,,128,Agincourt South-Malvern West,128,Agincourt South-Malvern West (128),D42,637637.610148315,4849499.31647459
7601,81752721,3002360887,10/10/2023 4:00:00 AM,2045,KENNEDY RD,BONIS AV,10 m South o,Major Arterial,Scarborough,43.785762,-79.289424,Non Intersection,,Rain,Dark,Wet,Non-Fatal Injury,Pedestrian Collisions,Pedestrian,45 to 49,Major,,,,,,,Vehicle is going straight thru inter.while ped cross without ROW,Crossing without right of way,Had Been Drinking,,,,Yes,,Yes,,,,,,,,,,,128,Agincourt South-Malvern West,128,Agincourt South-Malvern West (128),D42,637637.610148315,4849499.31647459
7602,81750893,3002371012,10/12/2023 4:00:00 AM,647,STEELES AVE E,KELVIN GROVE AVE,,Major Arterial,Scarborough,43.822402,-79.312221,At Intersection,Traffic Signal,Clear,"Dark, artificial",Dry,Fatal,Pedestrian Collisions,Pedestrian,85 to 89,Fatal,31,North,,,,,Pedestrian hit a PXO/ped. Mid-block signal,Crossing marked crosswalk without ROW,Normal,,,,Yes,,Yes,,,,,,,,,,,116,Steeles,116,Steeles (116),D42,635720.280846155,4853531.12291467
7603,81750894,3002371012,10/12/2023 4:00:00 AM,647,STEELES AVE E,KELVIN GROVE AVE,,Major Arterial,Scarborough,43.822402,-79.312221,At Intersection,Traffic Signal,Clear,"Dark, artificial",Dry,Fatal,Pedestrian Collisions,Driver,55 to 59,None,,West,"Automobile, Station Wagon",Going Ahead,Driving Properly,Normal,,,,,,,Yes,,Yes,,,,,,,,,,,116,Steeles,116,Steeles (116),D42,635720.280846155,4853531.12291467
7604,81750896,3002403703,10/16/2023 4:00:00 AM,1040,DAVISVILLE AVE,MOUNT PLEASANT RD,,Major Arterial,Toronto and East York,43.700228,-79.386943,At Intersection,Traffic Signal,Clear,Daylight,Dry,Fatal,Pedestrian Collisions,Pedestrian,85 to 89,Fatal,32,East,,,,,Vehicle turns right while ped crosses with ROW at inter.,Crossing with right of way,,,,,Yes,,,,Yes,,,,,,,,,99,Mount Pleasant East,99,Mount Pleasant East (99),D53,629975.859068131,4839841.97615825
7605,81752410,3002403703,10/16/2023 4:00:00 AM,1040,DAVISVILLE AVE,MOUNT PLEASANT RD,,Major Arterial,Toronto and East York,43.700228,-79.386943,At Intersection,Traffic Signal,Clear,Daylight,Dry,Fatal,Pedestrian Collisions,Truck Driver,25 to 29,None,,East,Truck - Dump,Turning Right,,,,,,,,,Yes,,,,Yes,,,,,,,,,99,Mount Pleasant East,99,Mount Pleasant East (99),D53,629975.859068131,4839841.97615825
7606,81752894,3002425032,10/18/2023 4:00:00 AM,2315,MIDLAND AVE,KINGSTON RD,,Major Arterial,Scarborough,43.711127,-79.248157,Intersection Related,Traffic Signal,Clear,"Dark, artificial",Dry,Non-Fatal Injury,Pedestrian Collisions,Driver,35 to 39,None,,North,"Automobile, Station Wagon",Going Ahead,Driving Properly,Normal,,,,,,,Yes,,Yes,,,,,,,,,,,123,Cliffcrest,123,Cliffcrest (123),D41,641133.417209635,4841279.40950371
7607,81752895,3002425032,10/18/2023 4:00:00 AM,2315,MIDLAND AVE,KINGSTON RD,,Major Arterial,Scarborough,43.711127,-79.248157,Intersection Related,Traffic Signal,Clear,"Dark, artificial",Dry,Non-Fatal Injury,Pedestrian Collisions,Pedestrian,20 to 24,Major,,West,,Going Ahead,,,Vehicle is going straight thru inter.while ped cross without ROW,Crossing without right of way,Normal,,,,Yes,,Yes,,,,,,,,,,,123,Cliffcrest,123,Cliffcrest (123),D41,641133.417209635,4841279.40950371
7608,81752784,3002428276,10/19/2023 4:00:00 AM,1138,KING ST W,JAMESON AV,5 m North of,Major Arterial,Toronto and East York,43.637183,-79.436008,Intersection Related,Traffic Signal,Clear,Daylight,Dry,Non-Fatal Injury,Pedestrian Collisions,Driver,40 to 44,None,,North,Other,Turning Left,Failed to Yield Right of Way,Normal,,,,,,,Yes,,,,,,,,,Yes,,,,85,South Parkdale,85,South Parkdale (85),D14,626154.300674142,4832764.2410266
7609,81752785,3002428276,10/19/2023 4:00:00 AM,1138,KING ST W,JAMESON AV,5 m North of,Major Arterial,Toronto and East York,43.637183,-79.436008,Intersection Related,Traffic Signal,Clear,Daylight,Dry,Non-Fatal Injury,Pedestrian Collisions,Pedestrian,60 to 64,Major,,,,,,,Vehicle turns left while ped crosses with ROW at inter.,Crossing with right of way,Normal,,,,Yes,,,,,,,,,Yes,,,,85,South Parkdale,85,South Parkdale (85),D14,626154.300674142,4832764.2410266
7610,81805253,3002438140,10/20/2023 4:00:00 AM,1435,EGLINTON AVE E,RUMSEY RD EY,,,,43.712581,-79.369625,Intersection Related,Traffic Signal,Rain,Daylight,Wet,Non-Fatal Injury,Pedestrian Collisions,Driver,40 to 44,None,,West,Pick Up Truck,Turning Left,Failed to Yield Right of Way,,,,,,,,Yes,,Yes,,,,,,,Yes,,,,56,Leaside-Bennington,56,Leaside-Bennington (56),D53,631344.329387649,4841241.24702644
7611,81805254,3002438140,10/20/2023 4:00:00 AM,1435,EGLINTON AVE E,RUMSEY RD EY,,,,43.712581,-79.369625,Intersection Related,Traffic Signal,Rain,Daylight,Wet,Non-Fatal Injury,Pedestrian Collisions,Pedestrian,45 to 49,Major,,,,,,,,,Unknown,,,,Yes,,Yes,,,,,,,Yes,,,,56,Leaside-Bennington,56,Leaside-Bennington (56),D53,631344.329387649,4841241.24702644
7612,81751747,3002475391,10/25/2023 4:00:00 AM,932,ISLINGTON AV,JUTLAND RD,,Major Arterial,Etobicoke York,43.628951,-79.516956,At Intersection,Traffic Signal,Clear,Daylight,Dry,Non-Fatal Injury,Pedestrian Collisions,Driver,50 to 54,None,,East,Pick Up Truck,Turning Left,Failed to Yield Right of Way,Normal,,,,,,,Yes,,Yes,,,,,,,Yes,,,,16,Stonegate-Queensway,16,Stonegate-Queensway (16),D22,619641.170181774,4831730.13256632
7613,81751748,3002475391,10/25/2023 4:00:00 AM,932,ISLINGTON AV,JUTLAND RD,,Major Arterial,Etobicoke York,43.628951,-79.516956,At Intersection,Traffic Signal,Clear,Daylight,Dry,Non-Fatal Injury,Pedestrian Collisions,Pedestrian,70 to 74,Major,,,,,,,Vehicle turns left while ped crosses with ROW at inter.,Crossing with right of way,Normal,,,,Yes,,Yes,,,,,,,Yes,,,,16,Stonegate-Queensway,16,Stonegate-Queensway (16),D22,619641.170181774,4831730.13256632
7614,81751458,3002496578,10/27/2023 4:00:00 AM,1915,WAYSIDE AVE,FINCH AVE E,,Major Arterial,Scarborough,43.800517,-79.299609,Intersection Related,Traffic Signal,Clear,"Daylight, artificial",Dry,Non-Fatal Injury,Pedestrian Collisions,Driver,25 to 29,None,,East,"Automobile, Station Wagon",Turning Left,Failed to Yield Right of Way,Normal,,,,,,,Yes,,Yes,,,,,,,Yes,,,,148,East L'Amoreaux,117,L'Amoreaux (117),D42,636784.420615928,4851121.2086815
7615,81751459,3002496578,10/27/2023 4:00:00 AM,1915,WAYSIDE AVE,FINCH AVE E,,Major Arterial,Scarborough,43.800517,-79.299609,Intersection Related,Traffic Signal,Clear,"Daylight, artificial",Dry,Non-Fatal Injury,Pedestrian Collisions,Pedestrian,20 to 24,Major,,,,,,,Vehicle turns left while ped crosses with ROW at inter.,Crossing with right of way,Normal,,,,Yes,,Yes,,,,,,,Yes,,,,148,East L'Amoreaux,117,L'Amoreaux (117),D42,636784.420615928,4851121.2086815
7616,81753168,3002964045,10/27/2023 4:00:00 AM,1944,150 WYNFORD DR,,,Minor Arterial,North York,43.727255,-79.327731,Intersection Related,Traffic Signal,Rain,"Dark, artificial",Wet,Fatal,Pedestrian Collisions,Driver,25 to 29,None,,East,"Automobile, Station Wagon",Going Ahead,Driving Properly,Normal,,,,,,,Yes,,Yes,,,,,,,,,,,42,Banbury-Don Mills,42,Banbury-Don Mills (42),D33,634686.49556066,4842938.24537727
7617,81754161,3002964045,10/27/2023 4:00:00 AM,1944,150 WYNFORD DR,,,Minor Arterial,North York,43.727255,-79.327731,Intersection Related,Traffic Signal,Rain,"Dark, artificial",Wet,Fatal,Pedestrian Collisions,Pedestrian,70 to 74,Fatal,44,North,,,,,Vehicle is going straight thru inter.while ped cross without ROW,Crossing without right of way,Fatigue,,,,Yes,,Yes,,,,,,,,,,,42,Banbury-Don Mills,42,Banbury-Don Mills (42),D33,634686.49556066,4842938.24537727
7618,81751681,3002503345,10/28/2023 4:00:00 AM,1643,SHEPPARD AV W,ARROW RD,15 m West of,Major Arterial,North York,43.735697,-79.5293,Intersection Related,Traffic Signal,Clear,Daylight,Dry,Non-Fatal Injury,Pedestrian Collisions,Driver,15 to 19,None,,West,"Automobile, Station Wagon",Going Ahead,Lost control,Inattentive,,,,,,,Yes,,Yes,,,,,Yes,,,,,,154,Oakdale-Beverley Heights,22,Humbermede (22),D31,618435.113684378,4843567.98298709
7619,81751682,3002503345,10/28/2023 4:00:00 AM,1643,SHEPPARD AV W,ARROW RD,15 m West of,Major Arterial,North York,43.735697,-79.5293,Intersection Related,Traffic Signal,Clear,Daylight,Dry,Non-Fatal Injury,Pedestrian Collisions,Passenger,35 to 39,Minimal,,,,,,,,,,,,,Yes,,Yes,,,,,Yes,,,,,,154,Oakdale-Beverley Heights,22,Humbermede (22),D31,618435.113684378,4843567.98298709
7620,81751683,3002503345,10/28/2023 4:00:00 AM,1643,SHEPPARD AV W,ARROW RD,15 m West of,Major Arterial,North York,43.735697,-79.5293,Intersection Related,Traffic Signal,Clear,Daylight,Dry,Non-Fatal Injury,Pedestrian Collisions,Pedestrian,15 to 19,Major,,,,,,,Pedestrian hit on sidewalk or shoulder,Other,Normal,,,,Yes,,Yes,,,,,Yes,,,,,,154,Oakdale-Beverley Heights,22,Humbermede (22),D31,618435.113684378,4843567.98298709
7621,81753169,3002515701,10/30/2023 4:00:00 AM,1014,DUFFERIN ST,RIDELLE AV,9 m East of,Major Arterial,Toronto and East York,43.70148,-79.4519,Intersection Related,Stop Sign,Rain,Daylight,Wet,Fatal,Pedestrian Collisions,Pedestrian,85 to 89,Fatal,41,,,,,,Vehicle turns left while ped crosses without ROW at inter.,Crossing without right of way,Normal,,,,Yes,,Yes,,,,,,,,,,,108,Briar Hill-Belgravia,108,Briar Hill-Belgravia (108),D13,624739.150824326,4839881.24599116
7622,81753170,3002515701,10/30/2023 4:00:00 AM,1014,DUFFERIN ST,RIDELLE AV,9 m East of,Major Arterial,Toronto and East York,43.70148,-79.4519,Intersection Related,Stop Sign,Rain,Daylight,Wet,Fatal,Pedestrian Collisions,Pedestrian,75 to 79,Minor,,,,,,,Vehicle turns left while ped crosses without ROW at inter.,Crossing without right of way,Normal,,,,Yes,,Yes,,,,,,,,,,,108,Briar Hill-Belgravia,108,Briar Hill-Belgravia (108),D13,624739.150824326,4839881.24599116
7623,81754163,3002515701,10/30/2023 4:00:00 AM,1014,DUFFERIN ST,RIDELLE AV,9 m East of,Major Arterial,Toronto and East York,43.70148,-79.4519,Intersection Related,Stop Sign,Rain,Daylight,Wet,Fatal,Pedestrian Collisions,Driver,65 to 69,None,,South,Pick Up Truck,Turning Left,Improper Turn,Normal,,,,,,,Yes,,Yes,,,,,,,,,,,108,Briar Hill-Belgravia,108,Briar Hill-Belgravia (108),D13,624739.150824326,4839881.24599116
7624,81752896,3002525409,10/31/2023 4:00:00 AM,1250,ROYAL YORK RD,EDENBRIDGE DR,,Minor Arterial,Etobicoke York,43.670119,-79.52135,Intersection Related,Traffic Signal,Clear,Daylight,Dry,Non-Fatal Injury,Pedestrian Collisions,Pedestrian,65 to 69,Major,,,,,,,Vehicle is going straight thru inter.while ped cross with ROW,Crossing with right of way,Normal,,,,Yes,,Yes,,,,,,,Yes,Yes,,,9,Edenbridge-Humber Valley,9,Edenbridge-Humber Valley (9),D22,619205.226367379,4836296.04076411
7625,81752897,3002525409,10/31/2023 4:00:00 AM,1250,ROYAL YORK RD,EDENBRIDGE DR,,Minor Arterial,Etobicoke York,43.670119,-79.52135,Intersection Related,Traffic Signal,Clear,Daylight,Dry,Non-Fatal Injury,Pedestrian Collisions,Pedestrian,70 to 74,None,,,,,,,Vehicle is going straight thru inter.while ped cross with ROW,Crossing with right of way,Normal,,,,Yes,,Yes,,,,,,,Yes,Yes,,,9,Edenbridge-Humber Valley,9,Edenbridge-Humber Valley (9),D22,619205.226367379,4836296.04076411
7626,81752898,3002525409,10/31/2023 4:00:00 AM,1250,ROYAL YORK RD,EDENBRIDGE DR,,Minor Arterial,Etobicoke York,43.670119,-79.52135,Intersection Related,Traffic Signal,Clear,Daylight,Dry,Non-Fatal Injury,Pedestrian Collisions,Driver,75 to 79,Minor,,South,"Automobile, Station Wagon",Going Ahead,Disobeyed Traffic Control,Normal,,,,,,,Yes,,Yes,,,,,,,Yes,Yes,,,9,Edenbridge-Humber Valley,9,Edenbridge-Humber Valley (9),D22,619205.226367379,4836296.04076411
7627,81753537,3002568792,11/5/2023 4:00:00 AM,2025,YORK MILLS RD,BIRCHWOOD AV,,Major Arterial,North York,43.746485,-79.391582,Intersection Related,Pedestrian Crossover,Clear,"Dark, artificial",Dry,Non-Fatal Injury,Pedestrian Collisions,Driver,55 to 59,None,,East,"Automobile, Station Wagon",Going Ahead,Driving Properly,Normal,,,,,,,Yes,,Yes,,,,,,,,,,,41,Bridle Path-Sunnybrook-York Mills,40,St.Andrew-Windfields (40),D32,629502.348508957,4844972.22002271
7628,81753538,3002568792,11/5/2023 4:00:00 AM,2025,YORK MILLS RD,BIRCHWOOD AV,,Major Arterial,North York,43.746485,-79.391582,Intersection Related,Pedestrian Crossover,Clear,"Dark, artificial",Dry,Non-Fatal Injury,Pedestrian Collisions,Pedestrian,25 to 29,Major,,,,,,,Vehicle is going straight thru inter.while ped cross without ROW,Other,Normal,,,,Yes,,Yes,,,,,,,,,,,41,Bridle Path-Sunnybrook-York Mills,40,St.Andrew-Windfields (40),D32,629502.348508957,4844972.22002271
7629,81752411,3002578946,11/7/2023 5:00:00 AM,620,KIPLING AVE,RONSON DR,5 m south of,Major Arterial,Etobicoke York,43.702521,-79.562328,Intersection Related,Traffic Signal,Clear,Daylight,Dry,Fatal,Pedestrian Collisions,Driver,55 to 59,None,,South,"Automobile, Station Wagon",Going Ahead,Driving Properly,Normal,,,,,,,Yes,,Yes,,,,,,,,,,,1,West Humber-Clairville,1,West Humber-Clairville (1),D23,615839.269598802,4839836.64766523
7630,81752414,3002578946,11/7/2023 5:00:00 AM,620,KIPLING AVE,RONSON DR,5 m south of,Major Arterial,Etobicoke York,43.702521,-79.562328,Intersection Related,Traffic Signal,Clear,Daylight,Dry,Fatal,Pedestrian Collisions,Pedestrian,30 to 34,Fatal,33,West,,,,,Vehicle is going straight thru inter.while ped cross without ROW,Crossing without right of way,Normal,,,,Yes,,Yes,,,,,,,,,,,1,West Humber-Clairville,1,West Humber-Clairville (1),D23,615839.269598802,4839836.64766523