OBJECTID,INDEX,ACCNUM,DATE,TIME,STREET1,STREET2,OFFSET,ROAD_CLASS,DISTRICT,LATITUDE,LONGITUDE,ACCLOC,TRAFFCTL,VISIBILITY,LIGHT,RDSFCOND,ACCLASS,IMPACTYPE,INVTYPE,INVAGE,INJURY,FATAL_NO,INITDIR,VEHTYPE,MANOEUVER,DRIVACT,DRIVCOND,PEDTYPE,PEDACT,PEDCOND,CYCLISTYPE,CYCACT,CYCCOND,PEDESTRIAN,CYCLIST,AUTOMOBILE,MOTORCYCLE,TRUCK,TRSN_CITY_VEH,EMERG_VEH,PASSENGER,SPEEDING,AG_DRIV,REDLIGHT,ALCOHOL,DISABILITY,HOOD_158,NEIGHBOURHOOD_158,HOOD_140,NEIGHBOURHOOD_140,DIVISION,x,y
7631,81754568,3002610286,11/8/2023 5:00:00 AM,1,WILSON AVE,Wilson heights Blvd,2 m West of,Minor Arterial,North York,43.736575,-79.451885,Intersection Related,Traffic Signal,Other,"Dark, artificial",Dry,Non-Fatal Injury,Pedestrian Collisions,Pedestrian,50 to 54,Major,,,,,,,Unknown,Crossing without right of way,Normal,,,,Yes,,,,,,,,,,,,,33,Clanton Park,33,Clanton Park (33),D32,624667.554582909,4843779.06576596
7632,81796064,3002591929,11/8/2023 5:00:00 AM,1717,DUNDAS ST E,YONGE ST,30 m South o,,,43.65607,-79.380817,Non Intersection,No Control,Rain,"Dusk, artificial",Wet,Non-Fatal Injury,Pedestrian Collisions,Driver,65 to 69,None,,North,"Automobile, Station Wagon",Going Ahead,Other,Other,,,,,,,Yes,,Yes,,,,,,,,,,,170,Yonge-Bay Corridor,76,Bay Street Corridor (76),D52,630565.222588388,4834947.2510145
7633,81796065,3002591929,11/8/2023 5:00:00 AM,1717,DUNDAS ST E,YONGE ST,30 m South o,,,43.65607,-79.380817,Non Intersection,No Control,Rain,"Dusk, artificial",Wet,Non-Fatal Injury,Pedestrian Collisions,Pedestrian,35 to 39,Major,,,,,,,,,Unknown,,,,Yes,,Yes,,,,,,,,,,,170,Yonge-Bay Corridor,76,Bay Street Corridor (76),D52,630565.222588388,4834947.2510145
7634,81752409,3002626902,11/13/2023 5:00:00 AM,1033,DUFFERIN ST,EGLINTON AVE W,,Major Arterial,North York,43.69562,-79.450237,Intersection Related,Traffic Signal,,,,Fatal,Pedestrian Collisions,Truck Driver,30 to 34,None,,West,Truck - Dump,,Failed to Yield Right of Way,,,,,,,,Yes,,,,Yes,,,,,Yes,,,,107,Oakwood Village,107,Oakwood Village (107),D13,624885.314304426,4839232.91548066
7635,81752413,3002626902,11/13/2023 5:00:00 AM,1033,DUFFERIN ST,EGLINTON AVE W,,Major Arterial,North York,43.69562,-79.450237,Intersection Related,Traffic Signal,,,,Fatal,Pedestrian Collisions,Pedestrian,50 to 54,Fatal,34,East,,,,,Vehicle turns left while ped crosses with ROW at inter.,Crossing with right of way,Normal,,,,Yes,,,,Yes,,,,,Yes,,,,107,Oakwood Village,107,Oakwood Village (107),D13,624885.314304426,4839232.91548066
7636,81750895,3002633234,11/14/2023 5:00:00 AM,642,WELLINGTON ST E,SCOTT ST,,Minor Arterial,Scarborough,43.648081,-79.37601,Intersection Related,Traffic Signal,Clear,"Dark, artificial",Dry,Fatal,Pedestrian Collisions,Passenger,30 to 34,None,,,,,,,,,,,,,Yes,,Yes,,,,,Yes,,,,,,168,Downtown Yonge East,75,Church-Yonge Corridor (75),D51,630970.210831563,4834067.5427118
7637,81752408,3002633234,11/14/2023 5:00:00 AM,642,WELLINGTON ST E,SCOTT ST,,Minor Arterial,Scarborough,43.648081,-79.37601,Intersection Related,Traffic Signal,Clear,"Dark, artificial",Dry,Fatal,Pedestrian Collisions,Pedestrian,55 to 59,Fatal,35,,"Automobile, Station Wagon",,,,,Other,Fatigue,,,,Yes,,Yes,,,,,Yes,,,,,,168,Downtown Yonge East,75,Church-Yonge Corridor (75),D51,630970.210831563,4834067.5427118
7638,81753079,3002633234,11/14/2023 5:00:00 AM,642,WELLINGTON ST E,SCOTT ST,,Minor Arterial,Scarborough,43.648081,-79.37601,Intersection Related,Traffic Signal,Clear,"Dark, artificial",Dry,Fatal,Pedestrian Collisions,Passenger,25 to 29,None,,,,,,,,,,,,,Yes,,Yes,,,,,Yes,,,,,,168,Downtown Yonge East,75,Church-Yonge Corridor (75),D51,630970.210831563,4834067.5427118
7639,81753080,3002633234,11/14/2023 5:00:00 AM,642,WELLINGTON ST E,SCOTT ST,,Minor Arterial,Scarborough,43.648081,-79.37601,Intersection Related,Traffic Signal,Clear,"Dark, artificial",Dry,Fatal,Pedestrian Collisions,Passenger,45 to 49,None,,,,,,,,,,,,,Yes,,Yes,,,,,Yes,,,,,,168,Downtown Yonge East,75,Church-Yonge Corridor (75),D51,630970.210831563,4834067.5427118
7640,81753081,3002633234,11/14/2023 5:00:00 AM,642,WELLINGTON ST E,SCOTT ST,,Minor Arterial,Scarborough,43.648081,-79.37601,Intersection Related,Traffic Signal,Clear,"Dark, artificial",Dry,Fatal,Pedestrian Collisions,Passenger,30 to 34,None,,,,,,,,,,,,,Yes,,Yes,,,,,Yes,,,,,,168,Downtown Yonge East,75,Church-Yonge Corridor (75),D51,630970.210831563,4834067.5427118
7641,81753084,3002633234,11/14/2023 5:00:00 AM,642,WELLINGTON ST E,SCOTT ST,,Minor Arterial,Scarborough,43.648081,-79.37601,Intersection Related,Traffic Signal,Clear,"Dark, artificial",Dry,Fatal,Pedestrian Collisions,Driver,60 to 64,None,,North,"Automobile, Station Wagon",Going Ahead,Other,,,,,,,,Yes,,Yes,,,,,Yes,,,,,,168,Downtown Yonge East,75,Church-Yonge Corridor (75),D51,630970.210831563,4834067.5427118
7642,81754016,3002725067,11/25/2023 5:00:00 AM,2033,BLOOR ST W,DUNDAS ST W,90 m East of,Major Arterial,Toronto and East York,43.656558,-79.451358,Non Intersection,No Control,Clear,"Dark, artificial",Dry,Property Damage O,Pedestrian Collisions,Driver,35 to 39,None,,West,"Automobile, Station Wagon",Going Ahead,Driving Properly,Normal,,,,,,,Yes,,Yes,,,,,,,,,,,86,Roncesvalles,88,High Park North (88),D11,624875.977336964,4834892.86919949
7643,81754017,3002725067,11/25/2023 5:00:00 AM,2033,BLOOR ST W,DUNDAS ST W,90 m East of,Major Arterial,Toronto and East York,43.656558,-79.451358,Non Intersection,No Control,Clear,"Dark, artificial",Dry,Property Damage O,Pedestrian Collisions,Pedestrian,45 to 49,Major,,,,,,,Pedestrian hit at mid-block,Crossing without right of way,Unknown,,,,Yes,,Yes,,,,,,,,,,,86,Roncesvalles,88,High Park North (88),D11,624875.977336964,4834892.86919949
7644,81806986,3002731107,11/26/2023 5:00:00 AM,1810,EGLINTON AV E,ROSEMOUNT DR,,,,43.730849,-79.273853,Intersection Related,Traffic Signal,Rain,Dark,Wet,Non-Fatal Injury,Pedestrian Collisions,Driver,15 to 19,None,,South,"Automobile, Station Wagon",Turning Left,Failed to Yield Right of Way,,,,,,,,Yes,,Yes,,,,,,,Yes,,,,125,Ionview,125,Ionview (125),D41,639017.626949576,4843426.39508572
7645,81806987,3002731107,11/26/2023 5:00:00 AM,1810,EGLINTON AV E,ROSEMOUNT DR,,,,43.730849,-79.273853,Intersection Related,Traffic Signal,Rain,Dark,Wet,Non-Fatal Injury,Pedestrian Collisions,Pedestrian,20 to 24,Major,,,,,,,,,Unknown,,,,Yes,,Yes,,,,,,,Yes,,,,125,Ionview,125,Ionview (125),D41,639017.626949576,4843426.39508572
7646,81786797,3002742062,11/28/2023 5:00:00 AM,655,DON MILLS RD W,ESTERBROOKE AVE,11 m North o,,,43.77909,-79.348705,Intersection Related,Traffic Signal,Clear,Dark,Dry,Non-Fatal Injury,Pedestrian Collisions,Driver,60 to 64,None,,East,"Automobile, Station Wagon",Turning Left,Improper Turn,Normal,,,,,,,Yes,,Yes,,,,,,,,,,,47,Don Valley Village,47,Don Valley Village (47),D33,632882.431993951,4848661.42549204
7647,81786798,3002742062,11/28/2023 5:00:00 AM,655,DON MILLS RD W,ESTERBROOKE AVE,11 m North o,,,43.77909,-79.348705,Intersection Related,Traffic Signal,Clear,Dark,Dry,Non-Fatal Injury,Pedestrian Collisions,Pedestrian,20 to 24,Major,,,,,,,,,Unknown,,,,Yes,,Yes,,,,,,,,,,,47,Don Valley Village,47,Don Valley Village (47),D33,632882.431993951,4848661.42549204
7648,81753082,3002743496,11/28/2023 5:00:00 AM,1025,YONGE ST,HILLSDALE AVE E,1 m north,Major Arterial,Etobicoke York,43.703326,-79.397647,Intersection Related,Stop Sign,Clear,Daylight,Dry,Fatal,Pedestrian Collisions,Pedestrian,75 to 79,Fatal,37,North,,,,,Vehicle turns left while ped crosses with ROW at inter.,Crossing with right of way,Normal,,,,Yes,,,,Yes,,,,,,,,,174,South Eglinton-Davisville,104,Mount Pleasant West (104),D53,629106.700518533,4840169.32738392
7649,81753083,3002743496,11/28/2023 5:00:00 AM,1025,YONGE ST,HILLSDALE AVE E,1 m north,Major Arterial,Etobicoke York,43.703326,-79.397647,Intersection Related,Stop Sign,Clear,Daylight,Dry,Fatal,Pedestrian Collisions,Truck Driver,40 to 44,None,,South,"Truck - Closed (Blazer, etc)",Turning Left,Improper Turn,Normal,,,,,,,Yes,,,,Yes,,,,,,,,,174,South Eglinton-Davisville,104,Mount Pleasant West (104),D53,629106.700518533,4840169.32738392
7650,81753125,3002755183,11/29/2023 5:00:00 AM,1924,113 TORYORK DR,ORMONT DRIVE,,Collector,North York,43.756602,-79.551448,Non Intersection,,Clear,"Dark, artificial",Dry,Non-Fatal Injury,Pedestrian Collisions,Driver,60 to 64,None,,East,"Automobile, Station Wagon",Going Ahead,Driving Properly,Normal,,,,,,,Yes,,Yes,,,,,,,,,,,21,Humber Summit,21,Humber Summit (21),D31,616610.930187138,4845858.36592007
7651,81753126,3002755183,11/29/2023 5:00:00 AM,1924,113 TORYORK DR,ORMONT DRIVE,,Collector,North York,43.756602,-79.551448,Non Intersection,,Clear,"Dark, artificial",Dry,Non-Fatal Injury,Pedestrian Collisions,Pedestrian,40 to 44,Major,,,,,,,Pedestrian hit at mid-block,Crossing without right of way,Normal,,,,Yes,,Yes,,,,,,,,,,,21,Humber Summit,21,Humber Summit (21),D31,616610.930187138,4845858.36592007
7652,81753990,3002763481,11/30/2023 5:00:00 AM,1956,WESTON RD,RAY AVE,20 m East of,Minor Arterial,Toronto and East York,43.688666,-79.494174,Non Intersection,,Clear,Dark,Dry,Non-Fatal Injury,Pedestrian Collisions,Driver,65 to 69,None,,West,"Automobile, Station Wagon",Going Ahead,Driving Properly,Normal,,,,,,,Yes,,Yes,,,,,,,,,,,115,Mount Dennis,115,Mount Dennis (115),D12,621358.711912481,4838395.342176
7653,81753991,3002763481,11/30/2023 5:00:00 AM,1956,WESTON RD,RAY AVE,20 m East of,Minor Arterial,Toronto and East York,43.688666,-79.494174,Non Intersection,,Clear,Dark,Dry,Non-Fatal Injury,Pedestrian Collisions,Pedestrian,45 to 49,Major,,,,,,,Pedestrian hit at mid-block,Crossing without right of way,Had Been Drinking,,,,Yes,,Yes,,,,,,,,,,,115,Mount Dennis,115,Mount Dennis (115),D12,621358.711912481,4838395.342176
7654,81754435,3002778824,12/2/2023 5:00:00 AM,1735,EMMETT AVE,VERONA AVE,1 m East of,Collector,Toronto and East York,43.688903,-79.50397,Intersection Related,Stop Sign,Clear,"Dark, artificial",Wet,Non-Fatal Injury,Pedestrian Collisions,Driver,45 to 49,None,,West,"Automobile, Station Wagon",Going Ahead,Failed to Yield Right of Way,,,,,,,,Yes,,Yes,,,,,,,Yes,,,,115,Mount Dennis,115,Mount Dennis (115),D12,620568.743576283,4838407.37530885
7655,81754436,3002778824,12/2/2023 5:00:00 AM,1735,EMMETT AVE,VERONA AVE,1 m East of,Collector,Toronto and East York,43.688903,-79.50397,Intersection Related,Stop Sign,Clear,"Dark, artificial",Wet,Non-Fatal Injury,Pedestrian Collisions,Pedestrian,45 to 49,Major,,,,,,,Vehicle is going straight thru inter.while ped cross with ROW,Crossing with right of way,Normal,,,,Yes,,Yes,,,,,,,Yes,,,,115,Mount Dennis,115,Mount Dennis (115),D12,620568.743576283,4838407.37530885
7656,81753412,3002816709,12/7/2023 5:00:00 AM,1246,ST CLAIR AVE W,WINONA DR,,Major Arterial,Toronto and East York,43.680205,-79.43246,Intersection Related,Traffic Signal,Clear,Daylight,Dry,Fatal,Pedestrian Collisions,Pedestrian,70 to 74,Fatal,40,West,,,,,Vehicle turns right while ped crosses with ROW at inter.,"Crossing, no Traffic Control",Normal,,,,Yes,,,,Yes,,,,,Yes,,,,94,Wychwood,94,Wychwood (94),D13,626350.221788096,4837547.79762049
7657,81753729,3002816709,12/7/2023 5:00:00 AM,1246,ST CLAIR AVE W,WINONA DR,,Major Arterial,Toronto and East York,43.680205,-79.43246,Intersection Related,Traffic Signal,Clear,Daylight,Dry,Fatal,Pedestrian Collisions,Truck Driver,40 to 44,None,,West,Truck - Dump,Turning Right,Failed to Yield Right of Way,Normal,,,,,,,Yes,,,,Yes,,,,,Yes,,,,94,Wychwood,94,Wychwood (94),D13,626350.221788096,4837547.79762049
7658,81796145,3002818319,12/7/2023 5:00:00 AM,1612,FRONT ST W,SPADINA AVE,,,,43.642749,-79.393894,Intersection Related,Traffic Signal,Clear,Daylight,Dry,Non-Fatal Injury,Pedestrian Collisions,Driver,55 to 59,None,,West,"Automobile, Station Wagon",Going Ahead,Driving Properly,Normal,,,,,,,Yes,,Yes,,,,,,,,,,,165,Harbourfront-CityPlace,77,Waterfront Communities-The Island (77),D52,629539.361785755,4833447.28574164
7659,81796146,3002818319,12/7/2023 5:00:00 AM,1612,FRONT ST W,SPADINA AVE,,,,43.642749,-79.393894,Intersection Related,Traffic Signal,Clear,Daylight,Dry,Non-Fatal Injury,Pedestrian Collisions,Pedestrian,25 to 29,Major,,,,,,,,,Unknown,,,,Yes,,Yes,,,,,,,,,,,165,Harbourfront-CityPlace,77,Waterfront Communities-The Island (77),D52,629539.361785755,4833447.28574164
7660,81796023,3002820255,12/7/2023 5:00:00 AM,2047,DUNDAS ST W,SHORNCLIFFE RD,5 m East of,,,43.632125,-79.544666,Intersection Related,Traffic Signal,Clear,"Dark, artificial",Dry,Non-Fatal Injury,Pedestrian Collisions,Truck Driver,50 to 54,None,,South,"Truck - Closed (Blazer, etc)",Turning Right,Improper Turn,Normal,,,,,,,Yes,,,,Yes,,,,,,,,,159,Etobicoke City Centre,14,Islington-City Centre West (14),D22,617399.531580002,4832043.08439521
7661,81796024,3002820255,12/7/2023 5:00:00 AM,2047,DUNDAS ST W,SHORNCLIFFE RD,5 m East of,,,43.632125,-79.544666,Intersection Related,Traffic Signal,Clear,"Dark, artificial",Dry,Non-Fatal Injury,Pedestrian Collisions,Pedestrian,65 to 69,Major,,,,,,,,,Unknown,,,,Yes,,,,Yes,,,,,,,,,159,Etobicoke City Centre,14,Islington-City Centre West (14),D22,617399.531580002,4832043.08439521
7662,81754162,3002835959,12/9/2023 5:00:00 AM,2040,256 EPSOM DOWNS DR,,,Local,North York,43.722567,-79.503848,Non Intersection,No Control,Rain,"Dark, artificial",Wet,Fatal,Pedestrian Collisions,Pedestrian,50 to 54,Fatal,42,East,,,,,Pedestrian hit at mid-block,Walking on Roadway with Traffic,Normal,,,,Yes,,Yes,,,,,,Yes,Yes,,,,154,Oakdale-Beverley Heights,26,Downsview-Roding-CFB (26),D31,620511.101441527,4842146.40476541
7663,81754164,3002835959,12/9/2023 5:00:00 AM,2040,256 EPSOM DOWNS DR,,,Local,North York,43.722567,-79.503848,Non Intersection,No Control,Rain,"Dark, artificial",Wet,Fatal,Pedestrian Collisions,Driver,40 to 44,None,,East,"Automobile, Station Wagon",Going Ahead,Exceeding Speed Limit,Normal,,,,,,,Yes,,Yes,,,,,,Yes,Yes,,,,154,Oakdale-Beverley Heights,26,Downsview-Roding-CFB (26),D31,620511.101441527,4842146.40476541
7664,81796331,3002836008,12/9/2023 5:00:00 AM,2048,318 RUSTIC RD,CULFORD RD,5 m South of,,,43.71532,-79.490322,Intersection Related,Traffic Signal,Rain,"Dark, artificial",Wet,Non-Fatal Injury,Pedestrian Collisions,Driver,80 to 84,None,,West,"Automobile, Station Wagon",Going Ahead,Driving Properly,Normal,,,,,,,Yes,,Yes,,,,,,,,,,,29,Maple Leaf,29,Maple Leaf (29),D12,621615.254454049,4841361.2802633
7665,81796332,3002836008,12/9/2023 5:00:00 AM,2048,318 RUSTIC RD,CULFORD RD,5 m South of,,,43.71532,-79.490322,Intersection Related,Traffic Signal,Rain,"Dark, artificial",Wet,Non-Fatal Injury,Pedestrian Collisions,Pedestrian,75 to 79,Major,,,,,,,,,Unknown,,,,Yes,,Yes,,,,,,,,,,,29,Maple Leaf,29,Maple Leaf (29),D12,621615.254454049,4841361.2802633
7666,81753946,3002850941,12/10/2023 5:00:00 AM,1240,BIRCHMOUNT RD,DANFORTH AVE,25 m North o,Minor Arterial,Scarborough,43.696994,-79.264003,Intersection Related,Traffic Signal,Clear,"Dark, artificial",Dry,Non-Fatal Injury,Pedestrian Collisions,Driver,30 to 34,None,,West,"Automobile, Station Wagon",Turning Right,Failed to Yield Right of Way,Inattentive,,,,,,,Yes,,Yes,,,,,,,Yes,,,,122,Birchcliffe-Cliffside,122,Birchcliffe-Cliffside (122),D41,639889.673591485,4839682.87744209
7667,81753947,3002850941,12/10/2023 5:00:00 AM,1240,BIRCHMOUNT RD,DANFORTH AVE,25 m North o,Minor Arterial,Scarborough,43.696994,-79.264003,Intersection Related,Traffic Signal,Clear,"Dark, artificial",Dry,Non-Fatal Injury,Pedestrian Collisions,Pedestrian,25 to 29,Major,,,,,,,Vehicle turns right while ped crosses with ROW at inter.,Crossing with right of way,Normal,,,,Yes,,Yes,,,,,,,Yes,,,,122,Birchcliffe-Cliffside,122,Birchcliffe-Cliffside (122),D41,639889.673591485,4839682.87744209
7668,81753941,3002861573,12/13/2023 5:00:00 AM,1019,BRIAR HILL AV,DUFFERIN ST,2 m East of,Major Arterial,North York,43.702346,-79.452083,Intersection Related,Traffic Signal,Clear,Daylight,Dry,Non-Fatal Injury,Pedestrian Collisions,Driver,25 to 29,None,,East,"Automobile, Station Wagon",Turning Left,Improper Turn,Fatigue,,,,,,,Yes,,Yes,,,,,,,,,,,108,Briar Hill-Belgravia,108,Briar Hill-Belgravia (108),D13,624722.60962068,4839977.15198207
7669,81753942,3002861573,12/13/2023 5:00:00 AM,1019,BRIAR HILL AV,DUFFERIN ST,2 m East of,Major Arterial,North York,43.702346,-79.452083,Intersection Related,Traffic Signal,Clear,Daylight,Dry,Non-Fatal Injury,Pedestrian Collisions,Pedestrian,85 to 89,Major,,,,,,,Vehicle turns left while ped crosses with ROW at inter.,Crossing with right of way,Normal,,,,Yes,,Yes,,,,,,,,,,,108,Briar Hill-Belgravia,108,Briar Hill-Belgravia (108),D13,624722.60962068,4839977.15198207
7670,81754618,3002895177,12/17/2023 5:00:00 AM,1700,ANNDALE DR,BALES AVE,,Local,North York,43.76034,-79.409351,Intersection Related,Stop Sign,Rain,Dark,Wet,Non-Fatal Injury,Pedestrian Collisions,Driver,40 to 44,None,,West,"Automobile, Station Wagon",Turning Left,Failed to Yield Right of Way,Normal,,,,,,,Yes,,Yes,,,,,Yes,,Yes,,,,153,Avondale,51,Willowdale East (51),D32,628042.106591109,4846483.39920874
7671,81754619,3002895177,12/17/2023 5:00:00 AM,1700,ANNDALE DR,BALES AVE,,Local,North York,43.76034,-79.409351,Intersection Related,Stop Sign,Rain,Dark,Wet,Non-Fatal Injury,Pedestrian Collisions,Passenger,70 to 74,None,,,,,,,,,,,,,Yes,,Yes,,,,,Yes,,Yes,,,,153,Avondale,51,Willowdale East (51),D32,628042.106591109,4846483.39920874
7672,81754620,3002895177,12/17/2023 5:00:00 AM,1700,ANNDALE DR,BALES AVE,,Local,North York,43.76034,-79.409351,Intersection Related,Stop Sign,Rain,Dark,Wet,Non-Fatal Injury,Pedestrian Collisions,Pedestrian,50 to 54,Major,,,,,,,Vehicle turns left while ped crosses with ROW at inter.,Crossing with right of way,Normal,,,,Yes,,Yes,,,,,Yes,,Yes,,,,153,Avondale,51,Willowdale East (51),D32,628042.106591109,4846483.39920874
7673,81805818,3002895047,12/17/2023 5:00:00 AM,1707,ALBION RD,ELMHURST DR,2 m South of,,,43.725105,-79.550541,Intersection Related,Traffic Signal,Rain,Dark,Wet,Non-Fatal Injury,Pedestrian Collisions,Driver,70 to 74,None,,South,"Automobile, Station Wagon",Going Ahead,Driving Properly,Normal,,,,,,,Yes,,Yes,,,,,,,,,,,5,Elms-Old Rexdale,5,Elms-Old Rexdale (5),D23,616745.145227513,4842361.44968169
7674,81805819,3002895047,12/17/2023 5:00:00 AM,1707,ALBION RD,ELMHURST DR,2 m South of,,,43.725105,-79.550541,Intersection Related,Traffic Signal,Rain,Dark,Wet,Non-Fatal Injury,Pedestrian Collisions,Pedestrian,75 to 79,Major,,,,,,,,,Unknown,,,,Yes,,Yes,,,,,,,,,,,5,Elms-Old Rexdale,5,Elms-Old Rexdale (5),D23,616745.145227513,4842361.44968169
7675,81754701,3002902760,12/18/2023 5:00:00 AM,1800,BRIMLEY RD,DALLYN CRES,4 m South of,Major Arterial,Scarborough,43.741137,-79.250186,Intersection Related,Stop Sign,Rain,Dark,Wet,Non-Fatal Injury,Pedestrian Collisions,Driver,35 to 39,None,,North,"Automobile, Station Wagon",Going Ahead,Driving Properly,Normal,,,,,,,Yes,,Yes,,,,,,,,,,,138,Eglinton East,138,Eglinton East (138),D43,640899.571755024,4844609.01193718
7676,81754702,3002902760,12/18/2023 5:00:00 AM,1800,BRIMLEY RD,DALLYN CRES,4 m South of,Major Arterial,Scarborough,43.741137,-79.250186,Intersection Related,Stop Sign,Rain,Dark,Wet,Non-Fatal Injury,Pedestrian Collisions,Pedestrian,65 to 69,Major,,,,,,,Vehicle is going straight thru inter.while ped cross without ROW,Crossing without right of way,Normal,,,,Yes,,Yes,,,,,,,,,,,138,Eglinton East,138,Eglinton East (138),D43,640899.571755024,4844609.01193718
7677,81754217,3002903236,12/18/2023 5:00:00 AM,1905,GRANDRAVINE DR,JANE ST,3 m East of,Major Arterial,North York,43.747103,-79.515094,Intersection Related,Traffic Signal,Snow,"Dark, artificial",Wet,Non-Fatal Injury,Pedestrian Collisions,Driver,80 to 84,None,,West,"Automobile, Station Wagon",Turning Left,Driving Properly,Normal,,,,,,,Yes,,Yes,,,,,,,,,,,25,Glenfield-Jane Heights,25,Glenfield-Jane Heights (25),D31,619556.42353941,4844855.18759152
7678,81754218,3002903236,12/18/2023 5:00:00 AM,1905,GRANDRAVINE DR,JANE ST,3 m East of,Major Arterial,North York,43.747103,-79.515094,Intersection Related,Traffic Signal,Snow,"Dark, artificial",Wet,Non-Fatal Injury,Pedestrian Collisions,Pedestrian,80 to 84,Major,,,,,,,Vehicle turns left while ped crosses with ROW at inter.,Crossing with right of way,Normal,,,,Yes,,Yes,,,,,,,,,,,25,Glenfield-Jane Heights,25,Glenfield-Jane Heights (25),D31,619556.42353941,4844855.18759152
7679,81772106,3002906029,12/19/2023 5:00:00 AM,711,HAREWOOD AV,KINGSTON RD,35 m North o,,,43.72272,-79.235164,Non Intersection,No Control,Clear,Daylight,Dry,Non-Fatal Injury,Pedestrian Collisions,Driver,25 to 29,None,,South,"Automobile, Station Wagon",Slowing or Stopping,Driving Properly,Normal,,,,,,,Yes,,Yes,,,,,,,,,,,123,Cliffcrest,123,Cliffcrest (123),D43,642152.765466152,4842589.18794431
7680,81772107,3002906029,12/19/2023 5:00:00 AM,711,HAREWOOD AV,KINGSTON RD,35 m North o,,,43.72272,-79.235164,Non Intersection,No Control,Clear,Daylight,Dry,Non-Fatal Injury,Pedestrian Collisions,Pedestrian,35 to 39,Major,,,,,,,,,Unknown,,,,Yes,,Yes,,,,,,,,,,,123,Cliffcrest,123,Cliffcrest (123),D43,642152.765466152,4842589.18794431
7681,81797690,3002943645,12/24/2023 5:00:00 AM,957,KEELE ST,LAWRENCE AV WEST,75 m East of,,,43.664176,-79.464039,At/Near Private Drive,Traffic Signal,Clear,Daylight,Dry,Non-Fatal Injury,Pedestrian Collisions,Driver,60 to 64,None,,South,"Automobile, Station Wagon",Turning Right,Improper Turn,Normal,,,,,,,Yes,,Yes,,,,,,,,,,,90,Junction Area,90,Junction Area (90),D11,623837.762849479,4835719.94152366
7682,81797691,3002943645,12/24/2023 5:00:00 AM,957,KEELE ST,LAWRENCE AV WEST,75 m East of,,,43.664176,-79.464039,At/Near Private Drive,Traffic Signal,Clear,Daylight,Dry,Non-Fatal Injury,Pedestrian Collisions,Pedestrian,20 to 24,Major,,,,,,,,,Unknown,,,,Yes,,Yes,,,,,,,,,,,90,Junction Area,90,Junction Area (90),D11,623837.762849479,4835719.94152366
7683,81755036,3002957349,12/26/2023 5:00:00 AM,2008,MCCOWAN RD,ELLESMERE RD,,Major Arterial,,43.772151,-79.25146,Intersection Related,Traffic Signal,"Fog, Mist, Smoke, Dust","Dark, artificial",Wet,Non-Fatal Injury,Pedestrian Collisions,Driver,60 to 64,None,,North,"Automobile, Station Wagon",Turning Left,Failed to Yield Right of Way,Normal,,,,,,,Yes,,Yes,,,,,,,Yes,,,,142,Woburn North,137,Woburn (137),D43,640724.260798269,4848051.42683404
7684,81755037,3002957349,12/26/2023 5:00:00 AM,2008,MCCOWAN RD,ELLESMERE RD,,Major Arterial,,43.772151,-79.25146,Intersection Related,Traffic Signal,"Fog, Mist, Smoke, Dust","Dark, artificial",Wet,Non-Fatal Injury,Pedestrian Collisions,Pedestrian,20 to 24,Major,,,,,,,Vehicle turns left while ped crosses with ROW at inter.,Crossing with right of way,Normal,,,,Yes,,Yes,,,,,,,Yes,,,,142,Woburn North,137,Woburn (137),D43,640724.260798269,4848051.42683404
7685,81754165,3002971030,12/28/2023 5:00:00 AM,1911,DUFFERIN ST,FISHER ST,,Minor Arterial,Toronto and East York,43.650847,-79.431903,Intersection Related,No Control,Rain,Dark,Wet,Fatal,Pedestrian Collisions,Pedestrian,80 to 84,Fatal,45,East,,,,,Vehicle is going straight thru inter.while ped cross without ROW,Crossing without right of way,Normal,,,,Yes,,Yes,,,,,,,,,,,84,Little Portugal,84,Little Portugal (84),D14,626456.747871417,4834288.05119209
7686,81754166,3002971030,12/28/2023 5:00:00 AM,1911,DUFFERIN ST,FISHER ST,,Minor Arterial,Toronto and East York,43.650847,-79.431903,Intersection Related,No Control,Rain,Dark,Wet,Fatal,Pedestrian Collisions,Driver,20 to 24,None,,North,"Automobile, Station Wagon",Going Ahead,Driving Properly,Normal,,,,,,,Yes,,Yes,,,,,,,,,,,84,Little Portugal,84,Little Portugal (84),D14,626456.747871417,4834288.05119209
7687,81755104,3002978088,12/29/2023 5:00:00 AM,1829,DONSIDE DR,MAYBOURNE AV,,Local,Scarborough,43.700789,-79.290279,Intersection Related,No Control,Rain,Dark,Wet,Non-Fatal Injury,Pedestrian Collisions,Driver,65 to 69,None,,West,"Automobile, Station Wagon",Going Ahead,Driving Properly,Normal,,,,,,,Yes,,Yes,,,,,,,,,,,120,Clairlea-Birchmount,120,Clairlea-Birchmount (120),D41,637763.590488043,4840060.36750839
7688,81755105,3002978088,12/29/2023 5:00:00 AM,1829,DONSIDE DR,MAYBOURNE AV,,Local,Scarborough,43.700789,-79.290279,Intersection Related,No Control,Rain,Dark,Wet,Non-Fatal Injury,Pedestrian Collisions,Pedestrian,15 to 19,Major,,,,,,,Vehicle is going straight thru inter.while ped cross with ROW,"Crossing, no Traffic Control",Normal,,,,Yes,,Yes,,,,,,,,,,,120,Clairlea-Birchmount,120,Clairlea-Birchmount (120),D41,637763.590488043,4840060.36750839